PRAGMA foreign_keys=OFF;
BEGIN TRANSACTION;
CREATE TABLE d1_migrations(
		id         INTEGER PRIMARY KEY AUTOINCREMENT,
		name       TEXT UNIQUE,
		applied_at TIMESTAMP DEFAULT CURRENT_TIMESTAMP NOT NULL
);
INSERT INTO d1_migrations VALUES(1,'0001_initial.sql','2026-04-02 04:49:07');
INSERT INTO d1_migrations VALUES(2,'0002_seed.sql','2026-04-02 04:49:07');
INSERT INTO d1_migrations VALUES(3,'0003_hospital_info.sql','2026-04-02 04:49:08');
INSERT INTO d1_migrations VALUES(4,'0003_online_foodwaste.sql','2026-04-02 04:49:08');
INSERT INTO d1_migrations VALUES(5,'0004_specialty.sql','2026-04-02 04:49:08');
INSERT INTO d1_migrations VALUES(6,'0005_daily_issues_accounts.sql','2026-04-02 04:49:09');
INSERT INTO d1_migrations VALUES(7,'0006_improvements.sql','2026-04-02 04:49:09');
INSERT INTO d1_migrations VALUES(8,'0007_password_plain.sql','2026-04-02 04:49:10');
INSERT INTO d1_migrations VALUES(9,'0008_session_activity.sql','2026-04-02 04:49:10');
INSERT INTO d1_migrations VALUES(10,'0009_meal_custom_fields.sql','2026-04-02 04:49:11');
INSERT INTO d1_migrations VALUES(11,'0010_custom_field_unit_type.sql','2026-04-02 04:49:11');
INSERT INTO d1_migrations VALUES(12,'0011_patient_categories.sql','2026-04-02 04:49:11');
INSERT INTO d1_migrations VALUES(13,'0012_category_daily_meal_count.sql','2026-04-02 04:49:12');
INSERT INTO d1_migrations VALUES(14,'0013_sync_meal_custom_with_categories.sql','2026-04-02 04:49:12');
INSERT INTO d1_migrations VALUES(15,'0014_migrate_custom_data_keys.sql','2026-04-02 04:49:13');
INSERT INTO d1_migrations VALUES(16,'0015_category_diet_price_formula.sql','2026-04-02 04:49:13');
INSERT INTO d1_migrations VALUES(17,'0016_card_expenses.sql','2026-04-02 04:49:14');
INSERT INTO d1_migrations VALUES(18,'0017_order_inspection.sql','2026-04-02 04:49:14');
INSERT INTO d1_migrations VALUES(19,'0018_waste_ingredient.sql','2026-04-02 04:49:15');
INSERT INTO d1_migrations VALUES(20,'0019_inspection_issue.sql','2026-04-02 04:49:15');
INSERT INTO d1_migrations VALUES(21,'0020_ceo_dashboard.sql','2026-04-02 04:49:16');
INSERT INTO d1_migrations VALUES(22,'0021_expense_type.sql','2026-04-02 04:49:16');
INSERT INTO d1_migrations VALUES(23,'0022_transaction_statements.sql','2026-04-02 04:49:17');
INSERT INTO d1_migrations VALUES(24,'0023_transaction_item_code_spec.sql','2026-04-02 04:49:17');
INSERT INTO d1_migrations VALUES(25,'0024_diet_categories.sql','2026-04-02 04:49:18');
INSERT INTO d1_migrations VALUES(26,'0025_diet_structure_v2.sql','2026-04-02 04:49:18');
INSERT INTO d1_migrations VALUES(27,'0026_diet_v3_patient_group_structure.sql','2026-04-02 04:49:19');
INSERT INTO d1_migrations VALUES(28,'0027_executive_role.sql','2026-04-02 04:49:19');
INSERT INTO d1_migrations VALUES(29,'0028_diet_preset_update.sql','2026-04-02 04:49:20');
INSERT INTO d1_migrations VALUES(30,'0029_invoice_category_analysis.sql','2026-04-02 04:49:20');
INSERT INTO d1_migrations VALUES(31,'0030_staff_diet_types.sql','2026-04-02 04:49:20');
INSERT INTO d1_migrations VALUES(32,'0031_hospital_invoice_vendors.sql','2026-04-02 04:49:21');
INSERT INTO d1_migrations VALUES(33,'0032_invoice_vendors_vendor_id.sql','2026-04-02 04:49:21');
INSERT INTO d1_migrations VALUES(34,'0033_invoice_period_mode.sql','2026-04-02 04:49:22');
INSERT INTO d1_migrations VALUES(35,'0034_ingredient_auto_source.sql','2026-04-02 04:49:22');
INSERT INTO d1_migrations VALUES(36,'0035_vendor_ingredient_prices.sql','2026-04-02 04:49:23');
INSERT INTO d1_migrations VALUES(37,'0036_ref_meal_price.sql','2026-04-02 04:49:23');
INSERT INTO d1_migrations VALUES(38,'0037_order_multiday_settings.sql','2026-04-02 04:49:24');
INSERT INTO d1_migrations VALUES(39,'0038_order_input_source.sql','2026-04-02 04:49:24');
INSERT INTO d1_migrations VALUES(40,'0039_schedule_module_v1.sql','2026-04-02 04:49:25');
INSERT INTO d1_migrations VALUES(41,'0040_monthly_off_grants.sql','2026-04-02 04:49:25');
INSERT INTO d1_migrations VALUES(42,'0041_fix_positions.sql','2026-04-02 04:49:26');
INSERT INTO d1_migrations VALUES(43,'0042_labor_cost_tables.sql','2026-04-02 04:49:26');
INSERT INTO d1_migrations VALUES(44,'0043_schedule_enhancements.sql','2026-04-02 04:49:27');
INSERT INTO d1_migrations VALUES(45,'0044_labor_cost_v2.sql','2026-04-02 04:49:27');
INSERT INTO d1_migrations VALUES(46,'0045_dispatch_unique.sql','2026-04-02 04:49:27');
INSERT INTO d1_migrations VALUES(47,'0046_external_workers.sql','2026-04-02 04:49:28');
INSERT INTO d1_migrations VALUES(48,'0047_leave_carryover_allowance.sql','2026-04-02 04:49:28');
INSERT INTO d1_migrations VALUES(49,'0048_restore_data.sql','2026-04-02 04:49:33');
INSERT INTO d1_migrations VALUES(50,'0049_fix_amina_vendors.sql','2026-04-02 14:44:41');
INSERT INTO d1_migrations VALUES(51,'0050_supply_exclude_keys.sql','2026-04-02 17:54:10');
INSERT INTO d1_migrations VALUES(52,'0051_schedule_share_tokens.sql','2026-04-04 05:05:22');
INSERT INTO d1_migrations VALUES(53,'0052_team_share_tokens.sql','2026-04-04 09:49:14');
INSERT INTO d1_migrations VALUES(54,'0053_schedule_change_log.sql','2026-04-04 10:04:36');
INSERT INTO d1_migrations VALUES(55,'0054_work_policy_history.sql','2026-04-04 16:19:35');
INSERT INTO d1_migrations VALUES(56,'0055_employee_holiday_policy.sql','2026-04-04 16:51:58');
INSERT INTO d1_migrations VALUES(57,'0056_off_grant_history_change_type.sql','2026-04-04 17:09:00');
INSERT INTO d1_migrations VALUES(58,'0057_employee_work_policy.sql','2026-04-05 04:39:47');
INSERT INTO d1_migrations VALUES(59,'0058_monthly_leave_system.sql','2026-04-05 05:48:40');
INSERT INTO d1_migrations VALUES(60,'0059_initial_setup_columns.sql','2026-04-05 15:30:47');
INSERT INTO d1_migrations VALUES(61,'0060_extra_include_keys.sql','2026-04-07 17:39:56');
INSERT INTO d1_migrations VALUES(62,'0061_category_supply_card_include.sql','2026-04-07 17:43:54');
INSERT INTO d1_migrations VALUES(63,'0062_vendor_order_cycle.sql','2026-04-08 02:22:42');
CREATE TABLE _cf_METADATA (
        key INTEGER PRIMARY KEY,
        value BLOB
      );
INSERT INTO _cf_METADATA VALUES(2,82575);
CREATE TABLE hospitals (
  id INTEGER PRIMARY KEY AUTOINCREMENT,
  name TEXT NOT NULL,
  code TEXT UNIQUE NOT NULL,
  address TEXT,
  created_at DATETIME DEFAULT CURRENT_TIMESTAMP
);
INSERT INTO hospitals VALUES(1,'아미나 병원','AMINA',NULL,'2026-04-02 04:49:07');
INSERT INTO hospitals VALUES(2,'무이재 한방병원','MUIJAE',NULL,'2026-04-02 04:49:07');
INSERT INTO hospitals VALUES(3,'늘봄요양병원','HOSP03',NULL,'2026-04-02 04:49:07');
INSERT INTO hospitals VALUES(4,'무이재 의원','HOSP04',NULL,'2026-04-02 04:49:07');
INSERT INTO hospitals VALUES(5,'병원5','HOSP05',NULL,'2026-04-02 04:49:07');
INSERT INTO hospitals VALUES(6,'병원6','HOSP06',NULL,'2026-04-02 04:49:07');
INSERT INTO hospitals VALUES(7,'병원7','HOSP07',NULL,'2026-04-02 04:49:07');
CREATE TABLE users (
  id INTEGER PRIMARY KEY AUTOINCREMENT,
  hospital_id INTEGER,
  username TEXT UNIQUE NOT NULL,
  password_hash TEXT NOT NULL,
  role TEXT NOT NULL DEFAULT 'hospital', 
  created_at DATETIME DEFAULT CURRENT_TIMESTAMP, nutritionist_name TEXT, password_plain TEXT DEFAULT NULL, sub_role TEXT DEFAULT NULL, executive_title TEXT DEFAULT '',
  FOREIGN KEY (hospital_id) REFERENCES hospitals(id)
);
INSERT INTO users VALUES(1,NULL,'admin','ac9689e2272427085e35b9d3e3e8bed88cb3434828b43b86fc0596cad4c6e270','admin','2026-04-02 04:49:07',NULL,NULL,NULL,'');
INSERT INTO users VALUES(2,1,'amina','d3c04c7e5e4004dff4d9569f0fa7d2c20c301a4f04df5ac106e80be9de9898bc','hospital','2026-04-02 04:49:07',NULL,'amina1234',NULL,'');
INSERT INTO users VALUES(3,2,'muijae','03ac674216f3e15c761ee1a5e255f067953623c8b388b4459e13f978d7c846f4','hospital','2026-04-02 04:49:07','유달아','1234',NULL,'');
INSERT INTO users VALUES(4,3,'hosp03','03ac674216f3e15c761ee1a5e255f067953623c8b388b4459e13f978d7c846f4','hospital','2026-04-02 04:49:07','','1234',NULL,'');
INSERT INTO users VALUES(5,4,'hosp04','8a0bf7b26c642f3cefe3939c4919163b86fdd10a23328aad4246199b50dbd1b1','hospital','2026-04-02 04:49:07',NULL,NULL,NULL,'');
INSERT INTO users VALUES(6,5,'hosp05','8a0bf7b26c642f3cefe3939c4919163b86fdd10a23328aad4246199b50dbd1b1','hospital','2026-04-02 04:49:07',NULL,NULL,NULL,'');
INSERT INTO users VALUES(7,6,'hosp06','8a0bf7b26c642f3cefe3939c4919163b86fdd10a23328aad4246199b50dbd1b1','hospital','2026-04-02 04:49:07',NULL,NULL,NULL,'');
INSERT INTO users VALUES(8,7,'hosp07','8a0bf7b26c642f3cefe3939c4919163b86fdd10a23328aad4246199b50dbd1b1','hospital','2026-04-02 04:49:07',NULL,NULL,NULL,'');
INSERT INTO users VALUES(9,4,'mu1','03ac674216f3e15c761ee1a5e255f067953623c8b388b4459e13f978d7c846f4','hospital','2026-03-19 05:33:38','김민준','1234',NULL,'');
INSERT INTO users VALUES(10,1,'exec_test','73ca385d7620ad7cd44585f2c0a13a7babfe2328bd2a7091c5f407be75de95da','executive','2026-03-21 17:40:32','홍길동','exec1234',NULL,'원장');
CREATE TABLE vendors (
  id INTEGER PRIMARY KEY AUTOINCREMENT,
  hospital_id INTEGER NOT NULL,
  name TEXT NOT NULL,
  category TEXT NOT NULL DEFAULT 'general', 
  tax_type TEXT NOT NULL DEFAULT 'mixed', 
  monthly_budget INTEGER DEFAULT 0,
  sort_order INTEGER DEFAULT 0,
  is_active INTEGER DEFAULT 1,
  created_at DATETIME DEFAULT CURRENT_TIMESTAMP, is_card_type INTEGER DEFAULT 0, card_subtype TEXT DEFAULT NULL, order_cycle TEXT DEFAULT 'daily',
  FOREIGN KEY (hospital_id) REFERENCES hospitals(id)
);
INSERT INTO vendors VALUES(1,1,'삼성 웰스토리','major','mixed',33000000,1,0,'2026-04-02 04:49:07',0,NULL,'daily');
INSERT INTO vendors VALUES(2,1,'아워홈','major','mixed',45000000,2,0,'2026-04-02 04:49:07',0,NULL,'daily');
INSERT INTO vendors VALUES(3,1,'하나로미트(육류)','meat','exempt',8500000,3,0,'2026-04-02 04:49:07',0,NULL,'daily');
INSERT INTO vendors VALUES(4,1,'명진수산(농수산)','seafood','exempt',0,4,0,'2026-04-02 04:49:07',0,NULL,'daily');
INSERT INTO vendors VALUES(5,1,'한살림','organic','exempt',500000,5,0,'2026-04-02 04:49:07',0,NULL,'daily');
INSERT INTO vendors VALUES(6,1,'낙원(떡)','general','exempt',1000000,6,0,'2026-04-02 04:49:07',0,NULL,'daily');
INSERT INTO vendors VALUES(7,1,'청과(사과)','fruit','exempt',1500000,7,0,'2026-04-02 04:49:07',0,NULL,'daily');
INSERT INTO vendors VALUES(8,1,'돌핀','general','exempt',500000,8,0,'2026-04-02 04:49:07',0,NULL,'daily');
INSERT INTO vendors VALUES(9,1,'이벤트','event','mixed',5000000,9,0,'2026-04-02 04:49:07',0,NULL,'daily');
INSERT INTO vendors VALUES(10,1,'인터넷(유튜브)','delivery','taxable',0,10,0,'2026-04-02 04:49:07',0,NULL,'daily');
INSERT INTO vendors VALUES(11,2,'삼성 웰스토리','major','mixed',33000000,1,1,'2026-04-02 04:49:07',0,NULL,'daily');
INSERT INTO vendors VALUES(12,2,'아워홈','major','mixed',45000000,2,1,'2026-04-02 04:49:07',0,NULL,'daily');
INSERT INTO vendors VALUES(13,2,'하나로미트(육류)','meat','exempt',8500000,3,1,'2026-04-02 04:49:07',0,NULL,'daily');
INSERT INTO vendors VALUES(14,2,'한살림','organic','exempt',500000,4,1,'2026-04-02 04:49:07',0,NULL,'daily');
INSERT INTO vendors VALUES(15,2,'낙원(떡)','general','exempt',1000000,5,1,'2026-04-02 04:49:07',0,NULL,'daily');
INSERT INTO vendors VALUES(16,2,'청과(사과)','fruit','exempt',1500000,6,1,'2026-04-02 04:49:07',0,NULL,'daily');
INSERT INTO vendors VALUES(17,2,'돌핀','delivery','exempt',500000,7,1,'2026-04-02 04:49:07',0,NULL,'daily');
INSERT INTO vendors VALUES(18,2,'이벤트','event','mixed',5000000,8,1,'2026-04-02 04:49:07',0,NULL,'daily');
INSERT INTO vendors VALUES(19,2,'유튜브(인터넷)','delivery','taxable',0,9,1,'2026-04-02 04:49:07',0,NULL,'daily');
INSERT INTO vendors VALUES(20,3,'삼성웰스토리','major','mixed',40000000,1,1,'2026-03-16 15:37:25',0,NULL,'daily');
INSERT INTO vendors VALUES(21,3,'현지 육류업체','meat','exempt',3000000,3,1,'2026-03-16 15:37:25',0,NULL,'daily');
INSERT INTO vendors VALUES(22,3,'이산유통','market','mixed_total',20000000,4,1,'2026-03-16 15:37:25',0,NULL,'daily');
INSERT INTO vendors VALUES(23,3,'호일헬스케어(뉴케어)','market','taxable',3000000,99,1,'2026-03-16 15:37:25',0,NULL,'weekly');
INSERT INTO vendors VALUES(24,3,'경기메디칼(그린비아)','market','taxable',2000000,99,1,'2026-03-16 15:37:26',0,NULL,'weekly');
INSERT INTO vendors VALUES(25,3,'신진세척기','market','taxable',700000,99,1,'2026-03-16 15:37:26',0,NULL,'weekly');
INSERT INTO vendors VALUES(26,1,'푸드힐','market','mixed_total',25000000,99,1,'2026-03-16 15:51:42',0,NULL,'daily');
INSERT INTO vendors VALUES(27,1,'푸드힐(소모품)','supply','mixed_total',700000,99,1,'2026-03-16 15:52:01',0,NULL,'daily');
INSERT INTO vendors VALUES(28,1,'대동청과','fruit','exempt',5000000,99,1,'2026-03-16 15:52:14',0,NULL,'daily');
INSERT INTO vendors VALUES(29,1,'이산푸드','market','mixed_total',10000000,99,1,'2026-03-16 15:52:31',0,NULL,'daily');
INSERT INTO vendors VALUES(30,1,'하나로미트','meat','exempt',4000000,99,1,'2026-03-16 15:52:50',0,NULL,'daily');
INSERT INTO vendors VALUES(31,1,'이벤트','event','mixed_total',2000000,99,1,'2026-03-16 15:53:10',0,NULL,'daily');
INSERT INTO vendors VALUES(32,1,'법인카드(온라인)','card','mixed_total',1500000,99,1,'2026-03-16 15:53:36',1,'online','daily');
INSERT INTO vendors VALUES(33,1,'법인카드(소모품)','supply','mixed_total',300000,99,1,'2026-03-16 15:53:59',1,'supplies','daily');
INSERT INTO vendors VALUES(34,4,'아워홈','major','mixed',10000000,99,1,'2026-03-19 05:30:07',0,NULL,'daily');
INSERT INTO vendors VALUES(35,4,'칠복청과(사과)','market','exempt',200000,99,1,'2026-03-19 05:30:41',0,NULL,'daily');
INSERT INTO vendors VALUES(36,4,'하나로 미트','meat','exempt',1000000,99,1,'2026-03-19 05:31:01',0,NULL,'daily');
INSERT INTO vendors VALUES(37,5,'삼성 웰스토리','major','mixed',0,99,1,'2026-03-22 14:34:49',0,NULL,'daily');
INSERT INTO vendors VALUES(38,5,'아워홈','major','mixed',0,99,1,'2026-03-22 14:35:04',0,NULL,'daily');
INSERT INTO vendors VALUES(39,5,'하나로 미트','meat','exempt',0,99,1,'2026-03-22 14:35:13',0,NULL,'daily');
INSERT INTO vendors VALUES(40,5,'법인카드(식재료)','card','mixed_total',0,99,1,'2026-03-22 14:35:47',1,'food','daily');
INSERT INTO vendors VALUES(41,5,'법인카드(온라인)','delivery','mixed_total',0,99,1,'2026-03-22 14:36:25',1,'online','daily');
INSERT INTO vendors VALUES(42,3,'삼성웰스토리(소모품)','supply','mixed_total',500000,2,1,'2026-04-03 07:19:16',0,NULL,'daily');
CREATE TABLE monthly_settings (
  id INTEGER PRIMARY KEY AUTOINCREMENT,
  hospital_id INTEGER NOT NULL,
  year INTEGER NOT NULL,
  month INTEGER NOT NULL,
  total_budget INTEGER DEFAULT 0,         
  event_budget INTEGER DEFAULT 0,         
  meal_price INTEGER DEFAULT 0,           
  food_waste_budget INTEGER DEFAULT 0,    
  working_days INTEGER DEFAULT 0,         
  created_at DATETIME DEFAULT CURRENT_TIMESTAMP,
  updated_at DATETIME DEFAULT CURRENT_TIMESTAMP, supply_budget INTEGER DEFAULT 0, card_budget INTEGER DEFAULT 0, waste_unit_price INTEGER DEFAULT 0,
  UNIQUE(hospital_id, year, month),
  FOREIGN KEY (hospital_id) REFERENCES hospitals(id)
);
INSERT INTO monthly_settings VALUES(1,1,2026,3,48500000,2000000,8000,1100000,31,'2026-04-02 04:49:07','2026-04-02 04:49:07',0,0,0);
INSERT INTO monthly_settings VALUES(2,2,2026,3,90000000,5000000,7490,1100000,31,'2026-04-02 04:49:07','2026-04-02 04:49:07',0,0,0);
INSERT INTO monthly_settings VALUES(3,3,2026,3,68700000,0,3593,1400000,31,'2026-03-16 15:37:26','2026-03-20 07:11:16',684000,0,500);
INSERT INTO monthly_settings VALUES(13,4,2026,3,11200000,1000000,6000,300000,31,'2026-03-19 05:32:41','2026-03-19 05:34:10',200000,500000,190);
INSERT INTO monthly_settings VALUES(19,4,2026,4,11200000,1000000,6000,300000,22,'2026-03-19 09:31:23','2026-03-19 09:31:23',200000,500000,0);
INSERT INTO monthly_settings VALUES(21,2,2026,2,0,0,0,0,0,'2026-03-19 15:34:25','2026-03-19 15:34:25',0,0,170);
INSERT INTO monthly_settings VALUES(24,1,2026,2,60000000,2000000,8000,1100000,31,'2026-03-19 22:20:09','2026-03-19 22:24:43',0,0,350);
INSERT INTO monthly_settings VALUES(27,4,2026,2,11200000,1000000,6000,300000,31,'2026-03-19 22:21:58','2026-03-19 22:22:26',200000,500000,0);
INSERT INTO monthly_settings VALUES(28,3,2026,4,69200000,0,4249,1400000,30,'2026-04-07 16:59:00','2026-04-07 16:59:00',600000,0,0);
INSERT INTO monthly_settings VALUES(29,1,2026,4,48500000,2000000,8000,1100000,30,'2026-04-07 18:05:49','2026-04-07 18:05:49',0,0,0);
CREATE TABLE daily_orders (
  id INTEGER PRIMARY KEY AUTOINCREMENT,
  hospital_id INTEGER NOT NULL,
  vendor_id INTEGER NOT NULL,
  order_date TEXT NOT NULL,               
  taxable_amount INTEGER DEFAULT 0,       
  exempt_amount INTEGER DEFAULT 0,        
  vat_amount INTEGER DEFAULT 0,           
  total_amount INTEGER DEFAULT 0,         
  note TEXT,                              
  is_multi_day INTEGER DEFAULT 0,         
  multi_day_start TEXT,                   
  multi_day_end TEXT,                     
  created_at DATETIME DEFAULT CURRENT_TIMESTAMP,
  updated_at DATETIME DEFAULT CURRENT_TIMESTAMP, patient_category_id INTEGER DEFAULT NULL, order_date_actual TEXT, received_date TEXT, is_inspected INTEGER DEFAULT 0, inspection_memo TEXT, actual_amount INTEGER DEFAULT 0, inspected_at TEXT, inspected_by TEXT, inspection_status TEXT DEFAULT 'pending', deduction_amount INTEGER DEFAULT 0, input_source TEXT DEFAULT 'direct',
  FOREIGN KEY (hospital_id) REFERENCES hospitals(id),
  FOREIGN KEY (vendor_id) REFERENCES vendors(id)
);
INSERT INTO daily_orders VALUES(2,1,29,'2026-03-02',0,0,0,402800,NULL,0,NULL,NULL,'2026-03-16 16:16:43','2026-03-30 05:21:35',3,NULL,NULL,1,'',377800,'2026-03-17T18:03:17.287Z','amina','completed_issue',25000,'direct');
INSERT INTO daily_orders VALUES(4,3,20,'2026-03-16',118680,238775,11868,369323,NULL,0,NULL,NULL,'2026-03-16 17:48:43','2026-04-09 09:06:55',1,NULL,NULL,1,NULL,1320000,'2026-03-18T13:36:13.989Z','hosp03','completed_ok',0,'direct');
INSERT INTO daily_orders VALUES(5,3,20,'2026-03-16',276920,557143,27692,861755,NULL,0,NULL,NULL,'2026-03-16 17:48:43','2026-04-08 01:27:28',2,NULL,NULL,1,NULL,1100000,'2026-03-18T13:36:13.989Z','hosp03','completed_ok',0,'direct');
INSERT INTO daily_orders VALUES(6,3,20,'2026-03-10',97377,245162,9738,352277,NULL,0,NULL,NULL,'2026-03-16 17:48:43','2026-04-09 09:06:44',1,NULL,NULL,1,NULL,220000,'2026-03-18T13:36:13.989Z','hosp03','completed_ok',0,'direct');
INSERT INTO daily_orders VALUES(7,3,20,'2026-03-10',227213,572044,22721,821978,NULL,0,NULL,NULL,'2026-03-16 17:48:43','2026-04-09 09:02:15',2,NULL,NULL,1,NULL,880000,'2026-03-18T13:36:13.989Z','hosp03','completed_ok',0,'direct');
INSERT INTO daily_orders VALUES(10,3,21,'2026-03-17',0,0,0,488000,NULL,0,NULL,NULL,'2026-03-17 14:43:48','2026-04-03 07:22:00',1,NULL,NULL,1,NULL,3000000,'2026-03-18T10:02:42.255Z','hosp03','pending',0,'direct');
INSERT INTO daily_orders VALUES(11,3,22,'2026-03-17',0,0,0,631400,NULL,0,NULL,NULL,'2026-03-17 14:44:15','2026-04-03 06:39:30',2,NULL,NULL,1,NULL,1000000,'2026-03-18T10:02:36.799Z','hosp03','pending',0,'direct');
INSERT INTO daily_orders VALUES(13,1,26,'2026-02-02',0,0,0,1170337,NULL,0,NULL,NULL,'2026-03-18 05:21:12','2026-03-22 16:30:51',3,NULL,NULL,0,NULL,0,NULL,NULL,'pending',0,'direct');
INSERT INTO daily_orders VALUES(15,3,20,'2026-03-12',59343,224189,5934,289466,NULL,0,NULL,NULL,'2026-03-18 13:39:17','2026-04-09 09:06:47',1,NULL,NULL,1,NULL,330000,'2026-03-18T13:39:45.083Z','hosp03','completed_ok',0,'direct');
INSERT INTO daily_orders VALUES(16,3,22,'2026-03-18',0,0,0,276270,NULL,0,NULL,NULL,'2026-03-18 14:39:29','2026-04-03 06:40:01',1,NULL,NULL,1,'불량',2800000,'2026-03-18T14:40:59.982Z','hosp03','returned',200000,'direct');
INSERT INTO daily_orders VALUES(17,4,34,'2026-03-19',1500000,0,150000,1650000,NULL,0,NULL,NULL,'2026-03-19 05:44:09','2026-03-19 05:44:09',9,NULL,NULL,1,NULL,1650000,'2026-03-19T05:45:42.789Z','mu1','pending',0,'direct');
INSERT INTO daily_orders VALUES(18,4,35,'2026-03-19',0,0,0,100000,NULL,0,NULL,NULL,'2026-03-19 05:44:12','2026-03-19 05:44:12',9,NULL,NULL,1,NULL,100000,'2026-03-19T05:45:40.805Z','mu1','pending',0,'direct');
INSERT INTO daily_orders VALUES(19,4,36,'2026-03-19',0,0,0,150000,NULL,0,NULL,NULL,'2026-03-19 05:44:15','2026-03-19 05:44:15',9,NULL,NULL,1,'qnf',120000,'2026-03-19T05:45:31.483Z','mu1','returned',30000,'direct');
INSERT INTO daily_orders VALUES(20,1,32,'2026-03-19',0,0,0,695230,NULL,0,NULL,NULL,'2026-03-19 05:54:49','2026-03-20 06:47:24',NULL,NULL,NULL,1,'',26000,'2026-03-19T09:38:03.719Z','amina','returned',4000,'direct');
INSERT INTO daily_orders VALUES(22,4,35,'2026-03-07',0,0,0,123456,NULL,0,NULL,NULL,'2026-03-19 09:33:29','2026-03-19 09:33:29',9,NULL,NULL,0,NULL,0,NULL,NULL,'pending',0,'direct');
INSERT INTO daily_orders VALUES(23,1,32,'2026-03-03',0,0,0,238400,NULL,0,NULL,NULL,'2026-03-19 09:37:26','2026-03-20 07:03:15',NULL,NULL,NULL,1,NULL,238400,'2026-03-28T12:42:28.743Z','amina','completed_ok',0,'direct');
INSERT INTO daily_orders VALUES(24,2,11,'2026-03-02',1108750,568510,110875,1788135,NULL,0,NULL,NULL,'2026-03-19 13:40:16','2026-04-03 07:08:37',10,NULL,NULL,1,NULL,1788135,'2026-04-06T06:07:50.935Z','muijae','completed_ok',0,'direct');
INSERT INTO daily_orders VALUES(25,2,12,'2026-03-02',274850,1473960,27485,1776295,NULL,0,NULL,NULL,'2026-03-19 13:40:39','2026-04-03 06:43:23',10,NULL,NULL,1,NULL,1776295,'2026-04-06T06:07:50.935Z','muijae','completed_ok',0,'direct');
INSERT INTO daily_orders VALUES(28,2,11,'2026-03-03',590840,205460,59084,855384,NULL,0,NULL,NULL,'2026-03-19 13:42:52','2026-04-03 06:43:33',10,NULL,NULL,1,NULL,855384,'2026-04-06T06:07:50.935Z','muijae','completed_ok',0,'direct');
INSERT INTO daily_orders VALUES(29,2,11,'2026-02-02',565850,1116340,56585,1738775,NULL,0,NULL,NULL,'2026-03-19 13:45:45','2026-03-19 13:45:53',10,NULL,NULL,0,NULL,0,NULL,NULL,'pending',0,'direct');
INSERT INTO daily_orders VALUES(30,2,11,'2026-02-03',638980,654980,63898,1357858,NULL,0,NULL,NULL,'2026-03-19 13:45:55','2026-03-19 13:46:04',10,NULL,NULL,0,NULL,0,NULL,NULL,'pending',0,'direct');
INSERT INTO daily_orders VALUES(31,2,11,'2026-02-04',727160,732590,72716,1532466,NULL,0,NULL,NULL,'2026-03-19 13:46:05','2026-03-19 13:46:18',10,NULL,NULL,0,NULL,0,NULL,NULL,'pending',0,'direct');
INSERT INTO daily_orders VALUES(32,2,11,'2026-02-05',496699,421480,49670,967849,NULL,0,NULL,NULL,'2026-03-19 13:46:20','2026-03-19 13:46:25',10,NULL,NULL,0,NULL,0,NULL,NULL,'pending',0,'direct');
INSERT INTO daily_orders VALUES(33,2,11,'2026-02-06',390820,1014350,39082,1444252,NULL,0,NULL,NULL,'2026-03-19 13:46:27','2026-03-19 13:46:33',10,NULL,NULL,0,NULL,0,NULL,NULL,'pending',0,'direct');
INSERT INTO daily_orders VALUES(34,2,11,'2026-02-07',1519950,1135690,151995,2807635,NULL,0,NULL,NULL,'2026-03-19 13:46:35','2026-03-19 13:46:47',10,NULL,NULL,0,NULL,0,NULL,NULL,'pending',0,'direct');
INSERT INTO daily_orders VALUES(35,2,11,'2026-02-09',726020,236380,72602,1035002,NULL,0,NULL,NULL,'2026-03-19 13:46:48','2026-03-19 13:46:56',10,NULL,NULL,0,NULL,0,NULL,NULL,'pending',0,'direct');
INSERT INTO daily_orders VALUES(36,2,11,'2026-02-10',584650,1087035,58465,1730150,NULL,0,NULL,NULL,'2026-03-19 13:46:58','2026-03-19 13:47:04',10,NULL,NULL,0,NULL,0,NULL,NULL,'pending',0,'direct');
INSERT INTO daily_orders VALUES(37,2,11,'2026-02-11',883910,484374,88391,1456675,NULL,0,NULL,NULL,'2026-03-19 13:47:06','2026-03-19 13:47:15',10,NULL,NULL,0,NULL,0,NULL,NULL,'pending',0,'direct');
INSERT INTO daily_orders VALUES(38,2,11,'2026-02-12',604290,682399,60429,1347118,NULL,0,NULL,NULL,'2026-03-19 13:47:17','2026-03-19 13:47:24',10,NULL,NULL,0,NULL,0,NULL,NULL,'pending',0,'direct');
INSERT INTO daily_orders VALUES(39,2,11,'2026-02-13',1376530,989535,137653,2503718,NULL,0,NULL,NULL,'2026-03-19 13:47:26','2026-03-19 13:47:31',10,NULL,NULL,0,NULL,0,NULL,NULL,'pending',0,'direct');
INSERT INTO daily_orders VALUES(40,2,11,'2026-02-14',1870110,1246765,187011,3303886,NULL,0,NULL,NULL,'2026-03-19 13:47:33','2026-03-19 13:47:41',10,NULL,NULL,0,NULL,0,NULL,NULL,'pending',0,'direct');
INSERT INTO daily_orders VALUES(41,2,11,'2026-02-16',584190,1098620,58419,1741229,NULL,0,NULL,NULL,'2026-03-19 13:47:49','2026-03-19 13:47:55',10,NULL,NULL,0,NULL,0,NULL,NULL,'pending',0,'direct');
INSERT INTO daily_orders VALUES(43,2,11,'2026-02-19',682410,323150,68241,1073801,NULL,0,NULL,NULL,'2026-03-19 13:48:45','2026-03-19 13:48:52',10,NULL,NULL,0,NULL,0,NULL,NULL,'pending',0,'direct');
INSERT INTO daily_orders VALUES(44,2,11,'2026-02-20',444540,284905,44454,773899,NULL,0,NULL,NULL,'2026-03-19 13:48:53','2026-03-19 13:49:01',10,NULL,NULL,0,NULL,0,NULL,NULL,'pending',0,'direct');
INSERT INTO daily_orders VALUES(45,2,11,'2026-02-21',801410,702090,80141,1583641,NULL,0,NULL,NULL,'2026-03-19 13:49:03','2026-03-19 13:49:09',10,NULL,NULL,0,NULL,0,NULL,NULL,'pending',0,'direct');
INSERT INTO daily_orders VALUES(47,2,11,'2026-02-23',342330,337660,34233,714223,NULL,0,NULL,NULL,'2026-03-19 13:49:23','2026-03-19 13:49:30',10,NULL,NULL,0,NULL,0,NULL,NULL,'pending',0,'direct');
INSERT INTO daily_orders VALUES(48,2,11,'2026-02-24',383520,382480,38352,804352,NULL,0,NULL,NULL,'2026-03-19 13:49:31','2026-03-19 13:49:36',10,NULL,NULL,0,NULL,0,NULL,NULL,'pending',0,'direct');
INSERT INTO daily_orders VALUES(49,2,11,'2026-02-25',491976,412025,49198,953199,NULL,0,NULL,NULL,'2026-03-19 13:49:38','2026-03-19 13:49:47',10,NULL,NULL,0,NULL,0,NULL,NULL,'pending',0,'direct');
INSERT INTO daily_orders VALUES(50,2,11,'2026-02-26',572200,181600,57220,811020,NULL,0,NULL,NULL,'2026-03-19 13:49:48','2026-03-19 13:49:57',10,NULL,NULL,0,NULL,0,NULL,NULL,'pending',0,'direct');
INSERT INTO daily_orders VALUES(51,2,11,'2026-02-27',351940,795860,35194,1182994,NULL,0,NULL,NULL,'2026-03-19 13:49:59','2026-03-19 13:50:05',10,NULL,NULL,0,NULL,0,NULL,NULL,'pending',0,'direct');
INSERT INTO daily_orders VALUES(52,2,11,'2026-02-28',787130,737810,78713,1603653,NULL,0,NULL,NULL,'2026-03-19 13:50:07','2026-03-19 14:59:11',10,NULL,NULL,0,NULL,0,NULL,NULL,'pending',0,'direct');
INSERT INTO daily_orders VALUES(53,2,12,'2026-02-02',198230,972220,19823,1190273,NULL,0,NULL,NULL,'2026-03-19 13:50:39','2026-03-19 13:50:43',10,NULL,NULL,0,NULL,0,NULL,NULL,'pending',0,'direct');
INSERT INTO daily_orders VALUES(54,2,12,'2026-02-03',167230,1609613,16723,1793566,NULL,0,NULL,NULL,'2026-03-19 13:50:45','2026-03-19 13:51:10',10,NULL,NULL,0,NULL,0,NULL,NULL,'pending',0,'direct');
INSERT INTO daily_orders VALUES(55,2,12,'2026-02-04',385270,1378263,38527,1802060,NULL,0,NULL,NULL,'2026-03-19 13:51:12','2026-03-19 13:51:17',10,NULL,NULL,0,NULL,0,NULL,NULL,'pending',0,'direct');
INSERT INTO daily_orders VALUES(56,2,12,'2026-02-05',123890,1224290,12389,1360569,NULL,0,NULL,NULL,'2026-03-19 13:51:18','2026-03-19 13:51:25',10,NULL,NULL,0,NULL,0,NULL,NULL,'pending',0,'direct');
INSERT INTO daily_orders VALUES(57,2,12,'2026-02-06',291540,1076670,29154,1397364,NULL,0,NULL,NULL,'2026-03-19 13:51:26','2026-03-19 13:51:36',10,NULL,NULL,0,NULL,0,NULL,NULL,'pending',0,'direct');
INSERT INTO daily_orders VALUES(58,2,12,'2026-02-07',309040,3279172,30904,3619116,NULL,0,NULL,NULL,'2026-03-19 13:51:37','2026-03-19 13:51:44',10,NULL,NULL,0,NULL,0,NULL,NULL,'pending',0,'direct');
INSERT INTO daily_orders VALUES(59,2,12,'2026-02-09',224650,1791943,22465,2039058,NULL,0,NULL,NULL,'2026-03-19 13:51:46','2026-03-19 13:51:53',10,NULL,NULL,0,NULL,0,NULL,NULL,'pending',0,'direct');
INSERT INTO daily_orders VALUES(60,2,12,'2026-02-10',50970,1698530,5097,1754597,NULL,0,NULL,NULL,'2026-03-19 13:51:55','2026-03-19 13:52:01',10,NULL,NULL,0,NULL,0,NULL,NULL,'pending',0,'direct');
INSERT INTO daily_orders VALUES(61,2,12,'2026-02-11',342880,992278,34288,1369446,NULL,0,NULL,NULL,'2026-03-19 13:52:02','2026-03-19 13:52:07',10,NULL,NULL,0,NULL,0,NULL,NULL,'pending',0,'direct');
INSERT INTO daily_orders VALUES(62,2,12,'2026-02-12',291850,1736009,29185,2057044,NULL,0,NULL,NULL,'2026-03-19 13:52:09','2026-03-19 13:52:17',10,NULL,NULL,0,NULL,0,NULL,NULL,'pending',0,'direct');
INSERT INTO daily_orders VALUES(63,2,12,'2026-02-13',199500,1776175,19950,1995625,NULL,0,NULL,NULL,'2026-03-19 13:52:19','2026-03-19 13:52:24',10,NULL,NULL,0,NULL,0,NULL,NULL,'pending',0,'direct');
INSERT INTO daily_orders VALUES(64,2,12,'2026-02-14',697230,3439826,69723,4206779,NULL,0,NULL,NULL,'2026-03-19 13:52:26','2026-03-19 13:52:35',10,NULL,NULL,0,NULL,0,NULL,NULL,'pending',0,'direct');
INSERT INTO daily_orders VALUES(65,2,12,'2026-02-16',402390,2632497,40239,3075126,NULL,0,NULL,NULL,'2026-03-19 13:52:36','2026-03-19 13:52:43',10,NULL,NULL,0,NULL,0,NULL,NULL,'pending',0,'direct');
INSERT INTO daily_orders VALUES(66,2,12,'2026-02-17',112100,856410,11210,979720,NULL,0,NULL,NULL,'2026-03-19 13:52:45','2026-03-19 13:52:50',10,NULL,NULL,0,NULL,0,NULL,NULL,'pending',0,'direct');
INSERT INTO daily_orders VALUES(67,2,12,'2026-02-18',131100,1273860,13110,1418070,NULL,0,NULL,NULL,'2026-03-19 13:52:52','2026-03-19 13:52:59',10,NULL,NULL,0,NULL,0,NULL,NULL,'pending',0,'direct');
INSERT INTO daily_orders VALUES(68,2,12,'2026-02-19',210870,1542253,21087,1774210,NULL,0,NULL,NULL,'2026-03-19 13:53:00','2026-03-19 13:53:05',10,NULL,NULL,0,NULL,0,NULL,NULL,'pending',0,'direct');
INSERT INTO daily_orders VALUES(69,2,12,'2026-02-20',304550,1945890,30455,2280895,NULL,0,NULL,NULL,'2026-03-19 13:53:06','2026-03-19 13:53:16',10,NULL,NULL,0,NULL,0,NULL,NULL,'pending',0,'direct');
INSERT INTO daily_orders VALUES(70,2,12,'2026-02-23',163210,1391054,16321,1570585,NULL,0,NULL,NULL,'2026-03-19 13:53:18','2026-03-19 13:53:23',10,NULL,NULL,0,NULL,0,NULL,NULL,'pending',0,'direct');
INSERT INTO daily_orders VALUES(71,2,12,'2026-02-24',197370,1084145,19737,1301252,NULL,0,NULL,NULL,'2026-03-19 13:53:24','2026-03-19 13:53:30',10,NULL,NULL,0,NULL,0,NULL,NULL,'pending',0,'direct');
INSERT INTO daily_orders VALUES(72,2,12,'2026-02-25',496370,919655,49637,1465662,NULL,0,NULL,NULL,'2026-03-19 13:53:31','2026-03-19 13:53:39',10,NULL,NULL,0,NULL,0,NULL,NULL,'pending',0,'direct');
INSERT INTO daily_orders VALUES(73,2,12,'2026-02-26',217470,864875,21747,1104092,NULL,0,NULL,NULL,'2026-03-19 13:53:41','2026-03-19 13:53:47',10,NULL,NULL,0,NULL,0,NULL,NULL,'pending',0,'direct');
INSERT INTO daily_orders VALUES(74,2,12,'2026-02-27',138650,1693735,13865,1846250,NULL,0,NULL,NULL,'2026-03-19 13:53:49','2026-03-19 13:53:56',10,NULL,NULL,0,NULL,0,NULL,NULL,'pending',0,'direct');
INSERT INTO daily_orders VALUES(75,2,12,'2026-02-28',250230,2093830,25023,2369083,NULL,0,NULL,NULL,'2026-03-19 13:53:57','2026-03-19 13:54:20',10,NULL,NULL,0,NULL,0,NULL,NULL,'pending',0,'direct');
INSERT INTO daily_orders VALUES(76,2,13,'2026-02-02',0,0,0,626922,NULL,0,NULL,NULL,'2026-03-19 13:54:23','2026-03-19 13:54:25',10,NULL,NULL,0,NULL,0,NULL,NULL,'pending',0,'direct');
INSERT INTO daily_orders VALUES(77,2,13,'2026-02-03',0,0,0,106700,NULL,0,NULL,NULL,'2026-03-19 13:54:27','2026-03-19 13:54:30',10,NULL,NULL,0,NULL,0,NULL,NULL,'pending',0,'direct');
INSERT INTO daily_orders VALUES(78,2,13,'2026-02-04',0,0,0,580500,NULL,0,NULL,NULL,'2026-03-19 13:54:36','2026-03-19 13:54:38',10,NULL,NULL,0,NULL,0,NULL,NULL,'pending',0,'direct');
INSERT INTO daily_orders VALUES(79,2,13,'2026-02-05',0,0,0,120100,NULL,0,NULL,NULL,'2026-03-19 13:54:40','2026-03-19 13:54:42',10,NULL,NULL,0,NULL,0,NULL,NULL,'pending',0,'direct');
INSERT INTO daily_orders VALUES(80,2,13,'2026-02-06',0,0,0,195800,NULL,0,NULL,NULL,'2026-03-19 13:54:44','2026-03-19 13:54:46',10,NULL,NULL,0,NULL,0,NULL,NULL,'pending',0,'direct');
INSERT INTO daily_orders VALUES(81,2,13,'2026-02-07',0,0,0,683480,NULL,0,NULL,NULL,'2026-03-19 13:55:00','2026-03-19 13:55:09',10,NULL,NULL,0,NULL,0,NULL,NULL,'pending',0,'direct');
INSERT INTO daily_orders VALUES(82,2,13,'2026-02-09',0,0,0,118600,NULL,0,NULL,NULL,'2026-03-19 13:55:11','2026-03-19 13:55:13',10,NULL,NULL,0,NULL,0,NULL,NULL,'pending',0,'direct');
INSERT INTO daily_orders VALUES(83,2,13,'2026-02-10',0,0,0,949990,NULL,0,NULL,NULL,'2026-03-19 13:55:16','2026-03-19 13:55:20',10,NULL,NULL,0,NULL,0,NULL,NULL,'pending',0,'direct');
INSERT INTO daily_orders VALUES(84,2,13,'2026-02-11',0,0,0,199550,NULL,0,NULL,NULL,'2026-03-19 13:55:27','2026-03-19 13:55:30',10,NULL,NULL,0,NULL,0,NULL,NULL,'pending',0,'direct');
INSERT INTO daily_orders VALUES(85,2,13,'2026-02-12',0,0,0,192600,NULL,0,NULL,NULL,'2026-03-19 13:55:34','2026-03-19 13:55:36',10,NULL,NULL,0,NULL,0,NULL,NULL,'pending',0,'direct');
INSERT INTO daily_orders VALUES(86,2,13,'2026-02-13',0,0,0,166150,NULL,0,NULL,NULL,'2026-03-19 13:55:43','2026-03-19 13:55:45',10,NULL,NULL,0,NULL,0,NULL,NULL,'pending',0,'direct');
INSERT INTO daily_orders VALUES(87,2,13,'2026-02-14',0,0,0,708432,NULL,0,NULL,NULL,'2026-03-19 13:55:47','2026-03-19 13:55:49',10,NULL,NULL,0,NULL,0,NULL,NULL,'pending',0,'direct');
INSERT INTO daily_orders VALUES(88,2,13,'2026-02-16',0,0,0,108150,NULL,0,NULL,NULL,'2026-03-19 13:55:54','2026-03-19 13:56:29',10,NULL,NULL,0,NULL,0,NULL,NULL,'pending',0,'direct');
INSERT INTO daily_orders VALUES(89,2,13,'2026-02-17',0,0,0,352680,NULL,0,NULL,NULL,'2026-03-19 13:56:31','2026-03-19 13:56:41',10,NULL,NULL,0,NULL,0,NULL,NULL,'pending',0,'direct');
INSERT INTO daily_orders VALUES(90,2,13,'2026-02-19',0,0,0,804560,NULL,0,NULL,NULL,'2026-03-19 13:56:43','2026-03-19 13:56:49',10,NULL,NULL,0,NULL,0,NULL,NULL,'pending',0,'direct');
INSERT INTO daily_orders VALUES(91,2,13,'2026-02-21',0,0,0,1245606,NULL,0,NULL,NULL,'2026-03-19 13:56:56','2026-03-19 13:56:58',10,NULL,NULL,0,NULL,0,NULL,NULL,'pending',0,'direct');
INSERT INTO daily_orders VALUES(92,2,13,'2026-02-23',0,0,0,425150,NULL,0,NULL,NULL,'2026-03-19 13:57:00','2026-03-19 13:57:02',10,NULL,NULL,0,NULL,0,NULL,NULL,'pending',0,'direct');
INSERT INTO daily_orders VALUES(93,2,13,'2026-02-24',0,0,0,238000,NULL,0,NULL,NULL,'2026-03-19 13:57:04','2026-03-19 13:57:06',10,NULL,NULL,0,NULL,0,NULL,NULL,'pending',0,'direct');
INSERT INTO daily_orders VALUES(94,2,13,'2026-02-25',0,0,0,148400,NULL,0,NULL,NULL,'2026-03-19 13:57:11','2026-03-19 13:57:15',10,NULL,NULL,0,NULL,0,NULL,NULL,'pending',0,'direct');
INSERT INTO daily_orders VALUES(95,2,13,'2026-02-26',0,0,0,182200,NULL,0,NULL,NULL,'2026-03-19 13:57:18','2026-03-19 13:57:20',10,NULL,NULL,0,NULL,0,NULL,NULL,'pending',0,'direct');
INSERT INTO daily_orders VALUES(96,2,13,'2026-02-27',0,0,0,286200,NULL,0,NULL,NULL,'2026-03-19 13:57:23','2026-03-19 13:57:25',10,NULL,NULL,0,NULL,0,NULL,NULL,'pending',0,'direct');
INSERT INTO daily_orders VALUES(97,2,13,'2026-02-28',0,0,0,419600,NULL,0,NULL,NULL,'2026-03-19 13:58:55','2026-03-19 14:42:26',10,NULL,NULL,0,NULL,0,NULL,NULL,'pending',0,'direct');
INSERT INTO daily_orders VALUES(98,2,14,'2026-02-05',0,0,0,411825,NULL,0,NULL,NULL,'2026-03-19 14:42:56','2026-03-19 14:42:56',10,NULL,NULL,0,NULL,0,NULL,NULL,'pending',0,'direct');
INSERT INTO daily_orders VALUES(99,2,14,'2026-02-12',0,0,0,631750,NULL,0,NULL,NULL,'2026-03-19 14:43:02','2026-03-19 14:43:02',10,NULL,NULL,0,NULL,0,NULL,NULL,'pending',0,'direct');
INSERT INTO daily_orders VALUES(100,2,15,'2026-02-04',0,0,0,108000,NULL,0,NULL,NULL,'2026-03-19 14:43:54','2026-03-19 14:59:17',10,NULL,NULL,0,NULL,0,NULL,NULL,'pending',0,'direct');
INSERT INTO daily_orders VALUES(101,2,15,'2026-02-07',0,0,0,156000,NULL,0,NULL,NULL,'2026-03-19 14:44:16','2026-03-19 14:59:55',10,NULL,NULL,0,NULL,0,NULL,NULL,'pending',0,'direct');
INSERT INTO daily_orders VALUES(102,2,15,'2026-02-11',0,0,0,130000,NULL,0,NULL,NULL,'2026-03-19 14:44:31','2026-03-19 14:44:31',10,NULL,NULL,0,NULL,0,NULL,NULL,'pending',0,'direct');
INSERT INTO daily_orders VALUES(103,2,15,'2026-02-17',0,0,0,110000,NULL,0,NULL,NULL,'2026-03-19 14:44:38','2026-03-19 15:00:17',10,NULL,NULL,0,NULL,0,NULL,NULL,'pending',0,'direct');
INSERT INTO daily_orders VALUES(105,2,15,'2026-02-25',0,0,0,130000,NULL,0,NULL,NULL,'2026-03-19 14:45:01','2026-03-19 14:46:15',10,NULL,NULL,0,NULL,0,NULL,NULL,'pending',0,'direct');
INSERT INTO daily_orders VALUES(106,2,15,'2026-02-28',0,0,0,130000,NULL,0,NULL,NULL,'2026-03-19 14:45:43','2026-03-19 14:45:46',10,NULL,NULL,0,NULL,0,NULL,NULL,'pending',0,'direct');
INSERT INTO daily_orders VALUES(107,2,16,'2026-02-02',0,0,0,330000,NULL,0,NULL,NULL,'2026-03-19 14:46:24','2026-03-19 14:46:30',10,NULL,NULL,0,NULL,0,NULL,NULL,'pending',0,'direct');
INSERT INTO daily_orders VALUES(108,2,16,'2026-02-05',0,0,0,330000,NULL,0,NULL,NULL,'2026-03-19 14:46:34','2026-03-19 14:46:34',10,NULL,NULL,0,NULL,0,NULL,NULL,'pending',0,'direct');
INSERT INTO daily_orders VALUES(109,2,16,'2026-02-07',0,0,0,330000,NULL,0,NULL,NULL,'2026-03-19 14:46:43','2026-03-19 14:46:46',10,NULL,NULL,0,NULL,0,NULL,NULL,'pending',0,'direct');
INSERT INTO daily_orders VALUES(110,2,16,'2026-02-11',0,0,0,825000,NULL,0,NULL,NULL,'2026-03-19 14:46:53','2026-03-19 14:46:59',10,NULL,NULL,0,NULL,0,NULL,NULL,'pending',0,'direct');
INSERT INTO daily_orders VALUES(111,2,16,'2026-02-23',0,0,0,330000,NULL,0,NULL,NULL,'2026-03-19 14:47:03','2026-03-19 14:47:06',10,NULL,NULL,0,NULL,0,NULL,NULL,'pending',0,'direct');
INSERT INTO daily_orders VALUES(112,2,16,'2026-02-27',0,0,0,330000,NULL,0,NULL,NULL,'2026-03-19 14:47:10','2026-03-19 14:47:26',10,NULL,NULL,0,NULL,0,NULL,NULL,'pending',0,'direct');
INSERT INTO daily_orders VALUES(114,2,18,'2026-02-11',0,960000,0,960000,NULL,0,NULL,NULL,'2026-03-19 14:47:56','2026-03-19 14:48:02',10,NULL,NULL,0,NULL,0,NULL,NULL,'pending',0,'direct');
INSERT INTO daily_orders VALUES(115,2,18,'2026-02-25',0,579174,0,579174,NULL,0,NULL,NULL,'2026-03-19 14:48:05','2026-03-19 14:48:09',10,NULL,NULL,0,NULL,0,NULL,NULL,'pending',0,'direct');
INSERT INTO daily_orders VALUES(116,2,18,'2026-02-28',0,376160,0,376160,NULL,0,NULL,NULL,'2026-03-19 14:48:19','2026-03-19 15:05:32',10,NULL,NULL,0,NULL,0,NULL,NULL,'pending',0,'direct');
INSERT INTO daily_orders VALUES(118,2,15,'2026-02-21',0,0,0,72000,NULL,0,NULL,NULL,'2026-03-19 15:00:38','2026-03-19 15:01:17',10,NULL,NULL,0,NULL,0,NULL,NULL,'pending',0,'direct');
INSERT INTO daily_orders VALUES(119,2,17,'2026-02-28',0,0,0,288000,NULL,0,NULL,NULL,'2026-03-19 15:01:20','2026-03-19 15:01:20',10,NULL,NULL,0,NULL,0,NULL,NULL,'pending',0,'direct');
INSERT INTO daily_orders VALUES(120,2,18,'2026-02-05',0,353271,0,353271,NULL,0,NULL,NULL,'2026-03-19 15:04:49','2026-03-19 15:05:21',10,NULL,NULL,0,NULL,0,NULL,NULL,'pending',0,'direct');
INSERT INTO daily_orders VALUES(121,2,18,'2026-02-27',0,2523000,0,2523000,NULL,0,NULL,NULL,'2026-03-19 15:05:28','2026-03-19 15:05:30',10,NULL,NULL,0,NULL,0,NULL,NULL,'pending',0,'direct');
INSERT INTO daily_orders VALUES(123,1,29,'2026-02-02',0,0,0,326350,NULL,0,NULL,NULL,'2026-03-20 01:09:37','2026-03-20 01:09:59',3,NULL,NULL,0,NULL,0,NULL,NULL,'pending',0,'direct');
INSERT INTO daily_orders VALUES(124,1,32,'2026-02-02',0,0,0,119210,NULL,0,NULL,NULL,'2026-03-20 01:10:49','2026-03-20 01:10:49',NULL,NULL,NULL,0,NULL,0,NULL,NULL,'pending',0,'direct');
INSERT INTO daily_orders VALUES(125,1,26,'2026-02-03',0,0,0,950559,NULL,0,NULL,NULL,'2026-03-20 01:17:12','2026-03-20 01:17:18',3,NULL,NULL,0,NULL,0,NULL,NULL,'pending',0,'direct');
INSERT INTO daily_orders VALUES(126,1,27,'2026-02-03',0,0,0,24332,NULL,0,NULL,NULL,'2026-03-20 01:17:20','2026-03-20 01:17:27',3,NULL,NULL,0,NULL,0,NULL,NULL,'pending',0,'direct');
INSERT INTO daily_orders VALUES(127,1,28,'2026-02-03',0,0,0,600000,NULL,0,NULL,NULL,'2026-03-20 01:17:29','2026-03-20 01:17:32',3,NULL,NULL,0,NULL,0,NULL,NULL,'pending',0,'direct');
INSERT INTO daily_orders VALUES(128,1,29,'2026-02-03',0,0,0,304750,NULL,0,NULL,NULL,'2026-03-20 01:17:35','2026-03-20 01:17:50',3,NULL,NULL,0,NULL,0,NULL,NULL,'pending',0,'direct');
INSERT INTO daily_orders VALUES(129,1,26,'2026-02-04',0,0,0,1136545,NULL,0,NULL,NULL,'2026-03-20 01:18:22','2026-03-20 06:33:19',3,NULL,NULL,0,NULL,0,NULL,NULL,'pending',0,'direct');
INSERT INTO daily_orders VALUES(130,1,27,'2026-02-04',0,0,0,70653,NULL,0,NULL,NULL,'2026-03-20 01:18:30','2026-03-20 01:18:39',3,NULL,NULL,0,NULL,0,NULL,NULL,'pending',0,'direct');
INSERT INTO daily_orders VALUES(131,1,29,'2026-02-04',0,0,0,331800,NULL,0,NULL,NULL,'2026-03-20 01:18:41','2026-03-20 01:18:45',3,NULL,NULL,0,NULL,0,NULL,NULL,'pending',0,'direct');
INSERT INTO daily_orders VALUES(132,1,30,'2026-02-04',0,0,0,139000,NULL,0,NULL,NULL,'2026-03-20 01:18:47','2026-03-20 01:18:53',3,NULL,NULL,0,NULL,0,NULL,NULL,'pending',0,'direct');
INSERT INTO daily_orders VALUES(133,1,32,'2026-02-04',0,0,0,133330,NULL,0,NULL,NULL,'2026-03-20 01:19:13','2026-03-20 01:19:13',NULL,NULL,NULL,0,NULL,0,NULL,NULL,'pending',0,'direct');
INSERT INTO daily_orders VALUES(134,1,33,'2026-02-04',0,0,0,54510,NULL,0,NULL,NULL,'2026-03-20 01:19:43','2026-03-20 01:19:43',NULL,NULL,NULL,0,NULL,0,NULL,NULL,'pending',0,'direct');
INSERT INTO daily_orders VALUES(141,3,20,'2026-02-02',180960,279804,18096,478860,NULL,0,NULL,NULL,'2026-03-20 04:26:38','2026-03-20 04:28:57',1,NULL,NULL,0,NULL,0,NULL,NULL,'pending',0,'direct');
INSERT INTO daily_orders VALUES(142,3,25,'2026-02-02',0,0,0,503800,NULL,0,NULL,NULL,'2026-03-20 04:26:57','2026-03-20 04:26:57',1,NULL,NULL,0,NULL,0,NULL,NULL,'pending',0,'direct');
INSERT INTO daily_orders VALUES(143,3,20,'2026-02-02',422240,652877,42224,1117341,NULL,0,NULL,NULL,'2026-03-20 04:27:03','2026-03-20 04:28:54',2,NULL,NULL,0,NULL,0,NULL,NULL,'pending',0,'direct');
INSERT INTO daily_orders VALUES(144,3,24,'2026-02-02',0,0,0,693000,NULL,0,NULL,NULL,'2026-03-20 04:27:21','2026-03-20 04:27:21',2,NULL,NULL,0,NULL,0,NULL,NULL,'pending',0,'direct');
INSERT INTO daily_orders VALUES(145,3,22,'2026-02-02',0,0,0,572600,NULL,0,NULL,NULL,'2026-03-20 04:27:29','2026-03-20 04:27:29',2,NULL,NULL,0,NULL,0,NULL,NULL,'pending',0,'direct');
INSERT INTO daily_orders VALUES(146,3,22,'2026-02-02',0,0,0,245400,NULL,0,NULL,NULL,'2026-03-20 04:27:35','2026-03-20 04:27:35',1,NULL,NULL,0,NULL,0,NULL,NULL,'pending',0,'direct');
INSERT INTO daily_orders VALUES(147,3,20,'2026-02-03',133686,250019,13369,397074,NULL,0,NULL,NULL,'2026-03-20 04:27:43','2026-03-20 04:27:48',1,NULL,NULL,0,NULL,0,NULL,NULL,'pending',0,'direct');
INSERT INTO daily_orders VALUES(148,3,21,'2026-02-03',0,0,0,619500,NULL,0,NULL,NULL,'2026-03-20 04:27:58','2026-03-20 04:27:58',1,NULL,NULL,0,NULL,0,NULL,NULL,'pending',0,'direct');
INSERT INTO daily_orders VALUES(149,3,22,'2026-02-03',0,0,0,219480,NULL,0,NULL,NULL,'2026-03-20 04:28:22','2026-03-20 04:28:22',1,NULL,NULL,0,NULL,0,NULL,NULL,'pending',0,'direct');
INSERT INTO daily_orders VALUES(150,3,20,'2026-02-03',311934,583376,31193,926503,NULL,0,NULL,NULL,'2026-03-20 04:28:30','2026-03-20 04:28:34',2,NULL,NULL,0,NULL,0,NULL,NULL,'pending',0,'direct');
INSERT INTO daily_orders VALUES(151,3,22,'2026-02-03',0,0,0,512120,NULL,0,NULL,NULL,'2026-03-20 04:28:45','2026-03-20 04:28:45',2,NULL,NULL,0,NULL,0,NULL,NULL,'pending',0,'direct');
INSERT INTO daily_orders VALUES(152,3,20,'2026-02-04',108846,309179,10885,428910,NULL,0,NULL,NULL,'2026-03-20 04:29:11','2026-03-20 04:29:13',1,NULL,NULL,0,NULL,0,NULL,NULL,'pending',0,'direct');
INSERT INTO daily_orders VALUES(153,3,22,'2026-02-04',0,0,0,280350,NULL,0,NULL,NULL,'2026-03-20 04:29:33','2026-03-20 04:29:33',1,NULL,NULL,0,NULL,0,NULL,NULL,'pending',0,'direct');
INSERT INTO daily_orders VALUES(154,3,20,'2026-02-04',253974,721416,25397,1000787,NULL,0,NULL,NULL,'2026-03-20 04:29:37','2026-03-20 04:29:41',2,NULL,NULL,0,NULL,0,NULL,NULL,'pending',0,'direct');
INSERT INTO daily_orders VALUES(155,3,22,'2026-02-04',0,0,0,654150,NULL,0,NULL,NULL,'2026-03-20 04:29:51','2026-03-20 04:29:51',2,NULL,NULL,0,NULL,0,NULL,NULL,'pending',0,'direct');
INSERT INTO daily_orders VALUES(156,3,23,'2026-02-04',0,0,0,1279960,NULL,0,NULL,NULL,'2026-03-20 04:29:54','2026-03-20 04:29:54',2,NULL,NULL,0,NULL,0,NULL,NULL,'pending',0,'direct');
INSERT INTO daily_orders VALUES(157,3,20,'2026-02-05',89022,201259,8902,299183,NULL,0,NULL,NULL,'2026-03-20 04:30:04','2026-03-20 04:30:28',1,NULL,NULL,0,NULL,0,NULL,NULL,'pending',0,'direct');
INSERT INTO daily_orders VALUES(158,3,22,'2026-02-05',0,0,0,248505,NULL,0,NULL,NULL,'2026-03-20 04:30:24','2026-03-20 04:30:24',1,NULL,NULL,0,NULL,0,NULL,NULL,'pending',0,'direct');
INSERT INTO daily_orders VALUES(159,3,20,'2026-02-05',207718,469604,20772,698094,NULL,0,NULL,NULL,'2026-03-20 04:30:31','2026-03-20 04:30:34',2,NULL,NULL,0,NULL,0,NULL,NULL,'pending',0,'direct');
INSERT INTO daily_orders VALUES(160,3,22,'2026-02-05',0,0,0,579845,NULL,0,NULL,NULL,'2026-03-20 04:30:47','2026-03-20 04:30:47',2,NULL,NULL,0,NULL,0,NULL,NULL,'pending',0,'direct');
INSERT INTO daily_orders VALUES(161,3,20,'2026-02-06',106986,305450,10699,423135,NULL,0,NULL,NULL,'2026-03-20 04:30:55','2026-03-20 04:31:20',1,NULL,NULL,0,NULL,0,NULL,NULL,'pending',0,'direct');
INSERT INTO daily_orders VALUES(162,3,21,'2026-02-06',0,0,0,259500,NULL,0,NULL,NULL,'2026-03-20 04:31:04','2026-03-20 04:31:04',1,NULL,NULL,0,NULL,0,NULL,NULL,'pending',0,'direct');
INSERT INTO daily_orders VALUES(163,3,22,'2026-02-06',0,0,0,230475,NULL,0,NULL,NULL,'2026-03-20 04:31:13','2026-03-20 04:31:13',1,NULL,NULL,0,NULL,0,NULL,NULL,'pending',0,'direct');
INSERT INTO daily_orders VALUES(164,3,20,'2026-02-06',249634,712717,24963,987314,NULL,0,NULL,NULL,'2026-03-20 04:31:26','2026-03-20 04:31:29',2,NULL,NULL,0,NULL,0,NULL,NULL,'pending',0,'direct');
INSERT INTO daily_orders VALUES(165,3,22,'2026-02-06',0,0,0,537775,NULL,0,NULL,NULL,'2026-03-20 04:31:44','2026-03-20 04:31:44',2,NULL,NULL,0,NULL,0,NULL,NULL,'pending',0,'direct');
INSERT INTO daily_orders VALUES(166,3,24,'2026-02-06',0,0,0,462000,NULL,0,NULL,NULL,'2026-03-20 04:31:57','2026-03-20 04:31:57',2,NULL,NULL,0,NULL,0,NULL,NULL,'pending',0,'direct');
INSERT INTO daily_orders VALUES(167,3,20,'2026-02-07',229281,508419,22928,760628,NULL,0,NULL,NULL,'2026-03-20 04:33:02','2026-03-20 04:34:22',1,NULL,NULL,0,NULL,0,NULL,NULL,'pending',0,'direct');
INSERT INTO daily_orders VALUES(168,3,22,'2026-02-07',0,0,0,578625,NULL,0,NULL,NULL,'2026-03-20 04:33:29','2026-03-20 04:33:29',1,NULL,NULL,0,NULL,0,NULL,NULL,'pending',0,'direct');
INSERT INTO daily_orders VALUES(169,3,20,'2026-02-07',534989,1186311,53499,1774799,NULL,0,NULL,NULL,'2026-03-20 04:33:45','2026-03-20 04:34:14',2,NULL,NULL,0,NULL,0,NULL,NULL,'pending',0,'direct');
INSERT INTO daily_orders VALUES(170,3,21,'2026-02-07',0,0,0,1350125,NULL,0,NULL,NULL,'2026-03-20 04:34:01','2026-03-20 04:34:01',2,NULL,NULL,0,NULL,0,NULL,NULL,'pending',0,'direct');
INSERT INTO daily_orders VALUES(171,1,26,'2026-02-05',0,0,0,1241999,NULL,0,NULL,NULL,'2026-03-20 04:37:22','2026-03-20 06:36:54',3,NULL,NULL,0,NULL,0,NULL,NULL,'pending',0,'direct');
INSERT INTO daily_orders VALUES(172,1,29,'2026-02-05',0,0,0,461850,NULL,0,NULL,NULL,'2026-03-20 04:37:38','2026-03-20 04:37:46',3,NULL,NULL,0,NULL,0,NULL,NULL,'pending',0,'direct');
INSERT INTO daily_orders VALUES(173,1,30,'2026-02-05',0,0,0,68250,NULL,0,NULL,NULL,'2026-03-20 04:37:48','2026-03-20 04:38:19',3,NULL,NULL,0,NULL,0,NULL,NULL,'pending',0,'direct');
INSERT INTO daily_orders VALUES(174,1,31,'2026-02-05',0,0,0,284000,NULL,0,NULL,NULL,'2026-03-20 04:38:22','2026-03-20 04:38:34',3,NULL,NULL,0,NULL,0,NULL,NULL,'pending',0,'direct');
INSERT INTO daily_orders VALUES(175,3,20,'2026-02-09',120879,198445,12088,331412,NULL,0,NULL,NULL,'2026-03-20 04:38:54','2026-03-20 04:39:05',1,NULL,NULL,0,NULL,0,NULL,NULL,'pending',0,'direct');
INSERT INTO daily_orders VALUES(176,3,22,'2026-02-09',0,0,0,315585,NULL,0,NULL,NULL,'2026-03-20 04:39:10','2026-03-20 04:39:10',1,NULL,NULL,0,NULL,0,NULL,NULL,'pending',0,'direct');
INSERT INTO daily_orders VALUES(177,3,20,'2026-02-09',282051,463039,28205,773295,NULL,0,NULL,NULL,'2026-03-20 04:39:15','2026-03-20 04:39:18',2,NULL,NULL,0,NULL,0,NULL,NULL,'pending',0,'direct');
INSERT INTO daily_orders VALUES(178,3,22,'2026-02-09',0,0,0,736365,NULL,0,NULL,NULL,'2026-03-20 04:39:26','2026-03-20 04:39:26',2,NULL,NULL,0,NULL,0,NULL,NULL,'pending',0,'direct');
INSERT INTO daily_orders VALUES(179,3,20,'2026-02-10',95277,298882,9528,403687,NULL,0,NULL,NULL,'2026-03-20 04:39:31','2026-03-20 04:43:13',1,NULL,NULL,0,NULL,0,NULL,NULL,'pending',0,'direct');
INSERT INTO daily_orders VALUES(180,3,21,'2026-02-10',0,0,0,441500,NULL,0,NULL,NULL,'2026-03-20 04:39:40','2026-03-20 04:40:34',1,NULL,NULL,0,NULL,0,NULL,NULL,'pending',0,'direct');
INSERT INTO daily_orders VALUES(181,3,22,'2026-02-10',0,0,0,173895,NULL,0,NULL,NULL,'2026-03-20 04:39:47','2026-03-20 04:40:34',1,NULL,NULL,0,NULL,0,NULL,NULL,'pending',0,'direct');
INSERT INTO daily_orders VALUES(182,3,20,'2026-02-10',222313,697392,22231,941936,NULL,0,NULL,NULL,'2026-03-20 04:39:56','2026-03-20 04:39:59',2,NULL,NULL,0,NULL,0,NULL,NULL,'pending',0,'direct');
INSERT INTO daily_orders VALUES(183,3,20,'2026-02-11',184224,195636,18422,398282,NULL,0,NULL,NULL,'2026-03-20 04:40:17','2026-03-20 04:40:42',1,NULL,NULL,0,NULL,0,NULL,NULL,'pending',0,'direct');
INSERT INTO daily_orders VALUES(184,3,22,'2026-02-11',0,0,0,261945,NULL,0,NULL,NULL,'2026-03-20 04:40:22','2026-03-20 04:40:43',1,NULL,NULL,0,NULL,0,NULL,NULL,'pending',0,'direct');
INSERT INTO daily_orders VALUES(185,3,24,'2026-02-11',0,0,0,346500,NULL,0,NULL,NULL,'2026-03-20 04:40:30','2026-03-20 04:40:48',1,NULL,NULL,0,NULL,0,NULL,NULL,'pending',0,'direct');
INSERT INTO daily_orders VALUES(186,3,25,'2026-02-11',0,0,0,355300,NULL,0,NULL,NULL,'2026-03-20 04:40:56','2026-03-20 04:40:56',1,NULL,NULL,0,NULL,0,NULL,NULL,'pending',0,'direct');
INSERT INTO daily_orders VALUES(187,3,20,'2026-02-12',146199,274064,14620,434883,NULL,0,NULL,NULL,'2026-03-20 04:41:03','2026-03-20 04:41:05',1,NULL,NULL,0,NULL,0,NULL,NULL,'pending',0,'direct');
INSERT INTO daily_orders VALUES(188,3,22,'2026-02-12',0,0,0,235050,NULL,0,NULL,NULL,'2026-03-20 04:41:16','2026-03-20 04:41:16',1,NULL,NULL,0,NULL,0,NULL,NULL,'pending',0,'direct');
INSERT INTO daily_orders VALUES(189,3,20,'2026-02-12',341131,639483,34113,1014727,NULL,0,NULL,NULL,'2026-03-20 04:41:22','2026-03-20 04:41:25',2,NULL,NULL,0,NULL,0,NULL,NULL,'pending',0,'direct');
INSERT INTO daily_orders VALUES(190,3,22,'2026-02-12',0,0,0,548450,NULL,0,NULL,NULL,'2026-03-20 04:41:28','2026-03-20 04:41:28',2,NULL,NULL,0,NULL,0,NULL,NULL,'pending',0,'direct');
INSERT INTO daily_orders VALUES(191,3,20,'2026-02-13',259044,221503,25904,506451,NULL,0,NULL,NULL,'2026-03-20 04:41:48','2026-03-20 04:43:31',1,NULL,NULL,0,NULL,0,NULL,NULL,'pending',0,'direct');
INSERT INTO daily_orders VALUES(192,3,22,'2026-02-13',0,0,0,272970,NULL,0,NULL,NULL,'2026-03-20 04:41:58','2026-03-20 04:42:02',1,NULL,NULL,0,NULL,0,NULL,NULL,'pending',0,'direct');
INSERT INTO daily_orders VALUES(193,3,20,'2026-02-13',604436,516839,60444,1181719,NULL,0,NULL,NULL,'2026-03-20 04:42:09','2026-03-20 04:42:11',2,NULL,NULL,0,NULL,0,NULL,NULL,'pending',0,'direct');
INSERT INTO daily_orders VALUES(194,3,22,'2026-02-13',0,0,0,636930,NULL,0,NULL,NULL,'2026-03-20 04:42:16','2026-03-20 04:42:16',2,NULL,NULL,0,NULL,0,NULL,NULL,'pending',0,'direct');
INSERT INTO daily_orders VALUES(195,3,23,'2026-02-13',0,0,0,930600,NULL,0,NULL,NULL,'2026-03-20 04:42:32','2026-03-20 04:42:32',2,NULL,NULL,0,NULL,0,NULL,NULL,'pending',0,'direct');
INSERT INTO daily_orders VALUES(196,3,20,'2026-02-14',454179,745889,45418,1245486,NULL,0,NULL,NULL,'2026-03-20 04:42:54','2026-03-20 04:43:04',1,NULL,NULL,0,NULL,0,NULL,NULL,'pending',0,'direct');
INSERT INTO daily_orders VALUES(197,3,22,'2026-02-14',0,0,0,529446,NULL,0,NULL,NULL,'2026-03-20 04:43:26','2026-03-20 04:43:26',1,NULL,NULL,0,NULL,0,NULL,NULL,'pending',0,'direct');
INSERT INTO daily_orders VALUES(198,3,20,'2026-02-14',1059751,1740409,105975,2906135,NULL,0,NULL,NULL,'2026-03-20 04:43:39','2026-03-20 04:43:42',2,NULL,NULL,0,NULL,0,NULL,NULL,'pending',0,'direct');
INSERT INTO daily_orders VALUES(199,3,22,'2026-02-14',0,0,0,1235374,NULL,0,NULL,NULL,'2026-03-20 04:43:53','2026-03-20 04:43:53',2,NULL,NULL,0,NULL,0,NULL,NULL,'pending',0,'direct');
INSERT INTO daily_orders VALUES(200,3,20,'2026-02-16',163047,399379,16305,578731,NULL,0,NULL,NULL,'2026-03-20 04:44:07','2026-03-20 04:44:11',1,NULL,NULL,0,NULL,0,NULL,NULL,'pending',0,'direct');
INSERT INTO daily_orders VALUES(201,3,22,'2026-02-16',0,0,0,678795,NULL,0,NULL,NULL,'2026-03-20 04:44:20','2026-03-20 04:44:20',1,NULL,NULL,0,NULL,0,NULL,NULL,'pending',0,'direct');
INSERT INTO daily_orders VALUES(202,1,26,'2026-02-06',0,0,0,1220890,NULL,0,NULL,NULL,'2026-03-20 04:44:24','2026-03-20 06:35:42',3,NULL,NULL,0,NULL,0,NULL,NULL,'pending',0,'direct');
INSERT INTO daily_orders VALUES(203,3,20,'2026-02-16',380443,931885,38044,1350372,NULL,0,NULL,NULL,'2026-03-20 04:44:25','2026-03-20 04:44:29',2,NULL,NULL,0,NULL,0,NULL,NULL,'pending',0,'direct');
INSERT INTO daily_orders VALUES(204,3,22,'2026-02-16',0,0,0,1583855,NULL,0,NULL,NULL,'2026-03-20 04:44:34','2026-03-20 04:44:34',2,NULL,NULL,0,NULL,0,NULL,NULL,'pending',0,'direct');
INSERT INTO daily_orders VALUES(205,3,20,'2026-02-19',161685,366157,16169,544011,NULL,0,NULL,NULL,'2026-03-20 04:44:59','2026-03-20 04:45:02',1,NULL,NULL,0,NULL,0,NULL,NULL,'pending',0,'direct');
INSERT INTO daily_orders VALUES(206,3,22,'2026-02-19',0,0,0,254235,NULL,0,NULL,NULL,'2026-03-20 04:45:10','2026-03-20 04:45:10',1,NULL,NULL,0,NULL,0,NULL,NULL,'pending',0,'direct');
INSERT INTO daily_orders VALUES(207,1,29,'2026-02-06',0,0,0,190050,NULL,0,NULL,NULL,'2026-03-20 04:45:26','2026-03-20 04:45:36',3,NULL,NULL,0,NULL,0,NULL,NULL,'pending',0,'direct');
INSERT INTO daily_orders VALUES(208,3,22,'2026-02-19',0,0,0,593215,NULL,0,NULL,NULL,'2026-03-20 04:45:40','2026-03-20 04:45:40',2,NULL,NULL,0,NULL,0,NULL,NULL,'pending',0,'direct');
INSERT INTO daily_orders VALUES(209,1,30,'2026-02-06',0,0,0,203820,NULL,0,NULL,NULL,'2026-03-20 04:45:40','2026-03-20 04:45:50',3,NULL,NULL,0,NULL,0,NULL,NULL,'pending',0,'direct');
INSERT INTO daily_orders VALUES(210,3,23,'2026-02-19',0,0,0,1551000,NULL,0,NULL,NULL,'2026-03-20 04:45:53','2026-03-20 04:45:53',2,NULL,NULL,0,NULL,0,NULL,NULL,'pending',0,'direct');
INSERT INTO daily_orders VALUES(211,3,24,'2026-02-19',0,0,0,808500,NULL,0,NULL,NULL,'2026-03-20 04:45:56','2026-03-20 04:45:56',2,NULL,NULL,0,NULL,0,NULL,NULL,'pending',0,'direct');
INSERT INTO daily_orders VALUES(212,3,20,'2026-02-20',66513,210110,6651,283274,NULL,0,NULL,NULL,'2026-03-20 04:46:04','2026-03-20 04:46:46',1,NULL,NULL,0,NULL,0,NULL,NULL,'pending',0,'direct');
INSERT INTO daily_orders VALUES(213,3,22,'2026-02-20',0,0,0,188640,NULL,0,NULL,NULL,'2026-03-20 04:46:12','2026-03-20 04:46:12',1,NULL,NULL,0,NULL,0,NULL,NULL,'pending',0,'direct');
INSERT INTO daily_orders VALUES(214,1,32,'2026-02-06',0,0,0,411400,NULL,0,NULL,NULL,'2026-03-20 04:46:18','2026-03-20 04:46:18',NULL,NULL,NULL,0,NULL,0,NULL,NULL,'pending',0,'direct');
INSERT INTO daily_orders VALUES(215,3,20,'2026-02-20',155197,490257,15520,660974,NULL,0,NULL,NULL,'2026-03-20 04:46:19','2026-03-20 04:46:50',2,NULL,NULL,0,NULL,0,NULL,NULL,'pending',0,'direct');
INSERT INTO daily_orders VALUES(216,3,22,'2026-02-20',0,0,0,440160,NULL,0,NULL,NULL,'2026-03-20 04:46:31','2026-03-20 04:46:31',2,NULL,NULL,0,NULL,0,NULL,NULL,'pending',0,'direct');
INSERT INTO daily_orders VALUES(217,1,31,'2026-02-06',0,0,0,854000,NULL,0,NULL,NULL,'2026-03-20 04:46:36','2026-03-20 04:47:27',3,NULL,NULL,0,NULL,0,NULL,NULL,'pending',0,'direct');
INSERT INTO daily_orders VALUES(218,3,21,'2026-02-20',0,0,0,312000,NULL,0,NULL,NULL,'2026-03-20 04:46:37','2026-03-20 04:46:37',1,NULL,NULL,0,NULL,0,NULL,NULL,'pending',0,'direct');
INSERT INTO daily_orders VALUES(219,3,20,'2026-02-21',138924,400741,13892,553557,NULL,0,NULL,NULL,'2026-03-20 04:46:57','2026-03-20 04:46:59',1,NULL,NULL,0,NULL,0,NULL,NULL,'pending',0,'direct');
INSERT INTO daily_orders VALUES(220,3,22,'2026-02-21',0,0,0,408315,NULL,0,NULL,NULL,'2026-03-20 04:47:11','2026-03-20 04:47:11',1,NULL,NULL,0,NULL,0,NULL,NULL,'pending',0,'direct');
INSERT INTO daily_orders VALUES(221,3,20,'2026-02-21',324156,935062,32416,1291634,NULL,0,NULL,NULL,'2026-03-20 04:47:15','2026-03-20 04:47:17',2,NULL,NULL,0,NULL,0,NULL,NULL,'pending',0,'direct');
INSERT INTO daily_orders VALUES(222,3,22,'2026-02-21',0,0,0,952735,NULL,0,NULL,NULL,'2026-03-20 04:47:20','2026-03-20 04:47:20',2,NULL,NULL,0,NULL,0,NULL,NULL,'pending',0,'direct');
INSERT INTO daily_orders VALUES(223,3,20,'2026-02-23',193017,203580,19302,415899,NULL,0,NULL,NULL,'2026-03-20 04:47:36','2026-03-20 04:48:05',1,NULL,NULL,0,NULL,0,NULL,NULL,'pending',0,'direct');
INSERT INTO daily_orders VALUES(224,3,22,'2026-02-23',0,0,0,215535,NULL,0,NULL,NULL,'2026-03-20 04:47:45','2026-03-20 04:47:59',1,NULL,NULL,0,NULL,0,NULL,NULL,'pending',0,'direct');
INSERT INTO daily_orders VALUES(225,3,25,'2026-02-23',0,0,0,382800,NULL,0,NULL,NULL,'2026-03-20 04:47:59','2026-03-20 04:47:59',1,NULL,NULL,0,NULL,0,NULL,NULL,'pending',0,'direct');
INSERT INTO daily_orders VALUES(226,3,20,'2026-02-23',450373,475019,45037,970429,NULL,0,NULL,NULL,'2026-03-20 04:48:10','2026-03-20 04:48:13',2,NULL,NULL,0,NULL,0,NULL,NULL,'pending',0,'direct');
INSERT INTO daily_orders VALUES(227,3,22,'2026-02-23',0,0,0,502915,NULL,0,NULL,NULL,'2026-03-20 04:48:16','2026-03-20 04:48:16',2,NULL,NULL,0,NULL,0,NULL,NULL,'pending',0,'direct');
INSERT INTO daily_orders VALUES(228,3,20,'2026-02-24',132348,216396,13235,361979,NULL,0,NULL,NULL,'2026-03-20 04:48:22','2026-03-20 04:48:27',1,NULL,NULL,0,NULL,0,NULL,NULL,'pending',0,'direct');
INSERT INTO daily_orders VALUES(229,3,22,'2026-02-24',0,0,0,185055,NULL,0,NULL,NULL,'2026-03-20 04:48:32','2026-03-20 04:48:32',1,NULL,NULL,0,NULL,0,NULL,NULL,'pending',0,'direct');
INSERT INTO daily_orders VALUES(230,3,20,'2026-02-24',308812,504925,30881,844618,NULL,0,NULL,NULL,'2026-03-20 04:48:36','2026-03-20 04:48:38',2,NULL,NULL,0,NULL,0,NULL,NULL,'pending',0,'direct');
INSERT INTO daily_orders VALUES(231,3,22,'2026-02-24',0,0,0,431795,NULL,0,NULL,NULL,'2026-03-20 04:48:45','2026-03-20 04:48:45',2,NULL,NULL,0,NULL,0,NULL,NULL,'pending',0,'direct');
INSERT INTO daily_orders VALUES(232,3,20,'2026-02-25',53538,234398,5354,293290,NULL,0,NULL,NULL,'2026-03-20 04:49:03','2026-03-20 04:49:07',1,NULL,NULL,0,NULL,0,NULL,NULL,'pending',0,'direct');
INSERT INTO daily_orders VALUES(233,3,22,'2026-02-25',0,0,0,181800,NULL,0,NULL,NULL,'2026-03-20 04:49:19','2026-03-20 04:49:19',1,NULL,NULL,0,NULL,0,NULL,NULL,'pending',0,'direct');
INSERT INTO daily_orders VALUES(234,3,20,'2026-02-25',124922,546928,12492,684342,NULL,0,NULL,NULL,'2026-03-20 04:49:24','2026-03-20 04:49:27',2,NULL,NULL,0,NULL,0,NULL,NULL,'pending',0,'direct');
INSERT INTO daily_orders VALUES(235,1,27,'2026-02-06',0,0,0,64834,NULL,0,NULL,NULL,'2026-03-20 04:49:24','2026-03-20 04:49:24',3,NULL,NULL,0,NULL,0,NULL,NULL,'pending',0,'direct');
INSERT INTO daily_orders VALUES(236,3,22,'2026-02-25',0,0,0,424200,NULL,0,NULL,NULL,'2026-03-20 04:49:31','2026-03-20 04:49:31',2,NULL,NULL,0,NULL,0,NULL,NULL,'pending',0,'direct');
INSERT INTO daily_orders VALUES(237,3,20,'2026-02-26',232677,296160,23268,552105,NULL,0,NULL,NULL,'2026-03-20 04:49:38','2026-03-20 04:49:40',1,NULL,NULL,0,NULL,0,NULL,NULL,'pending',0,'direct');
INSERT INTO daily_orders VALUES(238,1,26,'2026-02-07',0,0,0,1524941,NULL,0,NULL,NULL,'2026-03-20 04:49:40','2026-03-20 04:49:46',3,NULL,NULL,0,NULL,0,NULL,NULL,'pending',0,'direct');
INSERT INTO daily_orders VALUES(239,3,22,'2026-02-26',0,0,0,220140,NULL,0,NULL,NULL,'2026-03-20 04:49:45','2026-03-20 04:49:45',1,NULL,NULL,0,NULL,0,NULL,NULL,'pending',0,'direct');
INSERT INTO daily_orders VALUES(240,1,27,'2026-02-07',0,0,0,25630,NULL,0,NULL,NULL,'2026-03-20 04:49:47','2026-03-20 04:49:58',3,NULL,NULL,0,NULL,0,NULL,NULL,'pending',0,'direct');
INSERT INTO daily_orders VALUES(241,3,20,'2026-02-26',542913,691041,54291,1288245,NULL,0,NULL,NULL,'2026-03-20 04:49:51','2026-03-20 04:49:54',2,NULL,NULL,0,NULL,0,NULL,NULL,'pending',0,'direct');
INSERT INTO daily_orders VALUES(242,3,22,'2026-02-26',0,0,0,513660,NULL,0,NULL,NULL,'2026-03-20 04:49:58','2026-03-20 04:49:58',2,NULL,NULL,0,NULL,0,NULL,NULL,'pending',0,'direct');
INSERT INTO daily_orders VALUES(243,1,29,'2026-02-07',0,0,0,733350,NULL,0,NULL,NULL,'2026-03-20 04:49:59','2026-03-20 04:50:04',3,NULL,NULL,0,NULL,0,NULL,NULL,'pending',0,'direct');
INSERT INTO daily_orders VALUES(244,3,20,'2026-02-27',345435,194093,34544,574072,NULL,0,NULL,NULL,'2026-03-20 04:50:04','2026-03-20 04:50:10',1,NULL,NULL,0,NULL,0,NULL,NULL,'pending',0,'direct');
INSERT INTO daily_orders VALUES(245,1,30,'2026-02-07',0,0,0,489050,NULL,0,NULL,NULL,'2026-03-20 04:50:05','2026-03-20 04:50:18',3,NULL,NULL,0,NULL,0,NULL,NULL,'pending',0,'direct');
INSERT INTO daily_orders VALUES(246,3,22,'2026-02-27',0,0,0,270885,NULL,0,NULL,NULL,'2026-03-20 04:50:18','2026-03-20 04:50:18',1,NULL,NULL,0,NULL,0,NULL,NULL,'pending',0,'direct');
INSERT INTO daily_orders VALUES(247,3,20,'2026-02-27',806015,452885,80602,1339502,NULL,0,NULL,NULL,'2026-03-20 04:50:36','2026-03-20 04:50:38',2,NULL,NULL,0,NULL,0,NULL,NULL,'pending',0,'direct');
INSERT INTO daily_orders VALUES(248,3,22,'2026-02-27',0,0,0,632065,NULL,0,NULL,NULL,'2026-03-20 04:50:42','2026-03-20 04:50:42',2,NULL,NULL,0,NULL,0,NULL,NULL,'pending',0,'direct');
INSERT INTO daily_orders VALUES(249,3,23,'2026-02-27',0,0,0,782760,NULL,0,NULL,NULL,'2026-03-20 04:50:49','2026-03-20 04:50:49',2,NULL,NULL,0,NULL,0,NULL,NULL,'pending',0,'direct');
INSERT INTO daily_orders VALUES(250,3,20,'2026-02-28',276048,413004,27605,716657,NULL,0,NULL,NULL,'2026-03-20 04:50:58','2026-03-20 04:51:00',1,NULL,NULL,0,NULL,0,NULL,NULL,'pending',0,'direct');
INSERT INTO daily_orders VALUES(251,1,26,'2026-02-09',0,0,0,1437554,NULL,0,NULL,NULL,'2026-03-20 04:51:03','2026-03-20 05:34:32',3,NULL,NULL,0,NULL,0,NULL,NULL,'pending',0,'direct');
INSERT INTO daily_orders VALUES(252,3,22,'2026-02-28',0,0,0,625932,NULL,0,NULL,NULL,'2026-03-20 04:51:07','2026-03-20 04:51:07',1,NULL,NULL,0,NULL,0,NULL,NULL,'pending',0,'direct');
INSERT INTO daily_orders VALUES(253,3,20,'2026-02-28',644112,963675,64411,1672198,NULL,0,NULL,NULL,'2026-03-20 04:51:12','2026-03-20 04:51:14',2,NULL,NULL,0,NULL,0,NULL,NULL,'pending',0,'direct');
INSERT INTO daily_orders VALUES(254,1,27,'2026-02-09',0,0,0,8712,NULL,0,NULL,NULL,'2026-03-20 04:51:12','2026-03-20 04:51:19',3,NULL,NULL,0,NULL,0,NULL,NULL,'pending',0,'direct');
INSERT INTO daily_orders VALUES(255,3,22,'2026-02-28',0,0,0,1460508,NULL,0,NULL,NULL,'2026-03-20 04:51:18','2026-03-20 04:51:18',2,NULL,NULL,0,NULL,0,NULL,NULL,'pending',0,'direct');
INSERT INTO daily_orders VALUES(258,1,30,'2026-02-09',0,0,0,159850,NULL,0,NULL,NULL,'2026-03-20 04:51:28','2026-03-20 04:51:28',3,NULL,NULL,0,NULL,0,NULL,NULL,'pending',0,'direct');
INSERT INTO daily_orders VALUES(259,1,29,'2026-02-09',0,0,0,452100,NULL,0,NULL,NULL,'2026-03-20 04:51:40','2026-03-20 04:51:54',3,NULL,NULL,0,NULL,0,NULL,NULL,'pending',0,'direct');
INSERT INTO daily_orders VALUES(263,1,29,'2026-02-10',0,0,0,346150,NULL,0,NULL,NULL,'2026-03-20 04:52:34','2026-03-20 04:59:07',3,NULL,NULL,0,NULL,0,NULL,NULL,'pending',0,'direct');
INSERT INTO daily_orders VALUES(264,1,30,'2026-02-10',0,0,0,62300,NULL,0,NULL,NULL,'2026-03-20 04:52:41','2026-03-20 04:59:39',3,NULL,NULL,0,NULL,0,NULL,NULL,'pending',0,'direct');
INSERT INTO daily_orders VALUES(265,1,32,'2026-02-10',0,0,0,391910,NULL,0,NULL,NULL,'2026-03-20 04:53:25','2026-03-20 04:53:25',NULL,NULL,NULL,0,NULL,0,NULL,NULL,'pending',0,'direct');
INSERT INTO daily_orders VALUES(267,1,27,'2026-02-10',0,0,0,45023,NULL,0,NULL,NULL,'2026-03-20 04:58:35','2026-03-20 04:58:53',3,NULL,NULL,0,NULL,0,NULL,NULL,'pending',0,'direct');
INSERT INTO daily_orders VALUES(268,1,26,'2026-02-10',0,0,0,1138884,NULL,0,NULL,NULL,'2026-03-20 04:58:37','2026-03-20 06:38:29',3,NULL,NULL,0,NULL,0,NULL,NULL,'pending',0,'direct');
INSERT INTO daily_orders VALUES(269,1,28,'2026-02-10',0,0,0,927000,NULL,0,NULL,NULL,'2026-03-20 04:58:54','2026-03-20 04:59:00',3,NULL,NULL,0,NULL,0,NULL,NULL,'pending',0,'direct');
INSERT INTO daily_orders VALUES(270,1,26,'2026-02-11',0,0,0,1079235,NULL,0,NULL,NULL,'2026-03-20 05:01:56','2026-03-20 06:38:59',3,NULL,NULL,0,NULL,0,NULL,NULL,'pending',0,'direct');
INSERT INTO daily_orders VALUES(271,1,29,'2026-02-11',0,0,0,461250,NULL,0,NULL,NULL,'2026-03-20 05:01:57','2026-03-20 05:02:04',3,NULL,NULL,0,NULL,0,NULL,NULL,'pending',0,'direct');
INSERT INTO daily_orders VALUES(272,1,30,'2026-02-11',0,0,0,254700,NULL,0,NULL,NULL,'2026-03-20 05:02:07','2026-03-20 05:02:14',3,NULL,NULL,0,NULL,0,NULL,NULL,'pending',0,'direct');
INSERT INTO daily_orders VALUES(273,1,32,'2026-02-11',0,0,0,240360,NULL,0,NULL,NULL,'2026-03-20 05:02:27','2026-03-20 05:02:27',NULL,NULL,NULL,0,NULL,0,NULL,NULL,'pending',0,'direct');
INSERT INTO daily_orders VALUES(274,1,26,'2026-02-12',0,0,0,1185615,NULL,0,NULL,NULL,'2026-03-20 05:04:14','2026-03-20 06:40:47',3,NULL,NULL,0,NULL,0,NULL,NULL,'pending',0,'direct');
INSERT INTO daily_orders VALUES(275,1,29,'2026-02-12',0,0,0,291450,NULL,0,NULL,NULL,'2026-03-20 05:04:23','2026-03-20 05:06:34',3,NULL,NULL,0,NULL,0,NULL,NULL,'pending',0,'direct');
INSERT INTO daily_orders VALUES(276,1,30,'2026-02-12',0,0,0,131990,NULL,0,NULL,NULL,'2026-03-20 05:04:29','2026-03-20 05:06:36',3,NULL,NULL,0,NULL,0,NULL,NULL,'pending',0,'direct');
INSERT INTO daily_orders VALUES(277,1,32,'2026-02-12',0,0,0,462880,NULL,0,NULL,NULL,'2026-03-20 05:04:47','2026-03-20 05:04:47',NULL,NULL,NULL,0,NULL,0,NULL,NULL,'pending',0,'direct');
INSERT INTO daily_orders VALUES(278,1,33,'2026-02-12',0,0,0,31780,NULL,0,NULL,NULL,'2026-03-20 05:05:12','2026-03-20 05:05:12',NULL,NULL,NULL,0,NULL,0,NULL,NULL,'pending',0,'direct');
INSERT INTO daily_orders VALUES(279,1,26,'2026-02-13',0,0,0,1974689,NULL,0,NULL,NULL,'2026-03-20 05:07:09','2026-03-20 06:40:51',3,NULL,NULL,0,NULL,0,NULL,NULL,'pending',0,'direct');
INSERT INTO daily_orders VALUES(280,1,27,'2026-02-13',0,0,0,98109,NULL,0,NULL,NULL,'2026-03-20 05:07:13','2026-03-20 05:10:33',3,NULL,NULL,0,NULL,0,NULL,NULL,'pending',0,'direct');
INSERT INTO daily_orders VALUES(281,1,29,'2026-02-13',0,0,0,235960,NULL,0,NULL,NULL,'2026-03-20 05:10:35','2026-03-20 05:10:39',3,NULL,NULL,0,NULL,0,NULL,NULL,'pending',0,'direct');
INSERT INTO daily_orders VALUES(282,1,30,'2026-02-13',0,0,0,61640,NULL,0,NULL,NULL,'2026-03-20 05:10:40','2026-03-20 05:10:47',3,NULL,NULL,0,NULL,0,NULL,NULL,'pending',0,'direct');
INSERT INTO daily_orders VALUES(283,1,32,'2026-02-13',0,0,0,221600,NULL,0,NULL,NULL,'2026-03-20 05:11:00','2026-03-20 05:11:00',NULL,NULL,NULL,0,NULL,0,NULL,NULL,'pending',0,'direct');
INSERT INTO daily_orders VALUES(284,1,31,'2026-02-13',0,0,0,227480,NULL,0,NULL,NULL,'2026-03-20 05:11:33','2026-03-20 05:12:05',3,NULL,NULL,0,NULL,0,NULL,NULL,'pending',0,'direct');
INSERT INTO daily_orders VALUES(285,1,26,'2026-02-14',0,0,0,2397279,NULL,0,NULL,NULL,'2026-03-20 05:12:28','2026-03-20 06:40:53',3,NULL,NULL,0,NULL,0,NULL,NULL,'pending',0,'direct');
INSERT INTO daily_orders VALUES(286,1,27,'2026-02-14',0,0,0,156475,NULL,0,NULL,NULL,'2026-03-20 05:12:32','2026-03-20 05:12:38',3,NULL,NULL,0,NULL,0,NULL,NULL,'pending',0,'direct');
INSERT INTO daily_orders VALUES(287,1,29,'2026-02-14',0,0,0,601350,NULL,0,NULL,NULL,'2026-03-20 05:12:40','2026-03-20 05:12:44',3,NULL,NULL,0,NULL,0,NULL,NULL,'pending',0,'direct');
INSERT INTO daily_orders VALUES(288,1,30,'2026-02-14',0,0,0,752152,NULL,0,NULL,NULL,'2026-03-20 05:12:45','2026-03-20 05:13:08',3,NULL,NULL,0,NULL,0,NULL,NULL,'pending',0,'direct');
INSERT INTO daily_orders VALUES(289,1,26,'2026-02-16',0,0,0,2996856,NULL,0,NULL,NULL,'2026-03-20 05:13:30','2026-03-20 06:41:00',3,NULL,NULL,0,NULL,0,NULL,NULL,'pending',0,'direct');
INSERT INTO daily_orders VALUES(290,1,27,'2026-02-16',0,0,0,8712,NULL,0,NULL,NULL,'2026-03-20 05:13:42','2026-03-20 05:13:50',3,NULL,NULL,0,NULL,0,NULL,NULL,'pending',0,'direct');
INSERT INTO daily_orders VALUES(291,1,28,'2026-02-16',0,0,0,832000,NULL,0,NULL,NULL,'2026-03-20 05:13:51','2026-03-20 05:13:56',3,NULL,NULL,0,NULL,0,NULL,NULL,'pending',0,'direct');
INSERT INTO daily_orders VALUES(292,1,29,'2026-02-16',0,0,0,1107050,NULL,0,NULL,NULL,'2026-03-20 05:13:57','2026-03-20 05:14:08',3,NULL,NULL,0,NULL,0,NULL,NULL,'pending',0,'direct');
INSERT INTO daily_orders VALUES(293,1,26,'2026-02-19',0,0,0,1964549,NULL,0,NULL,NULL,'2026-03-20 05:18:35','2026-03-20 06:41:28',3,NULL,NULL,0,NULL,0,NULL,NULL,'pending',0,'direct');
INSERT INTO daily_orders VALUES(294,1,27,'2026-02-19',0,0,0,9284,NULL,0,NULL,NULL,'2026-03-20 05:18:42','2026-03-20 05:18:55',3,NULL,NULL,0,NULL,0,NULL,NULL,'pending',0,'direct');
INSERT INTO daily_orders VALUES(295,1,29,'2026-02-19',0,0,0,641250,NULL,0,NULL,NULL,'2026-03-20 05:18:57','2026-03-20 05:19:01',3,NULL,NULL,0,NULL,0,NULL,NULL,'pending',0,'direct');
INSERT INTO daily_orders VALUES(296,1,30,'2026-02-19',0,0,0,168000,NULL,0,NULL,NULL,'2026-03-20 05:19:02','2026-03-20 05:19:08',3,NULL,NULL,0,NULL,0,NULL,NULL,'pending',0,'direct');
INSERT INTO daily_orders VALUES(297,1,32,'2026-02-19',0,0,0,100600,NULL,0,NULL,NULL,'2026-03-20 05:19:16','2026-03-20 05:19:16',NULL,NULL,NULL,0,NULL,0,NULL,NULL,'pending',0,'direct');
INSERT INTO daily_orders VALUES(298,1,33,'2026-02-19',0,0,0,93000,NULL,0,NULL,NULL,'2026-03-20 05:19:32','2026-03-20 05:19:32',NULL,NULL,NULL,0,NULL,0,NULL,NULL,'pending',0,'direct');
INSERT INTO daily_orders VALUES(299,1,31,'2026-02-19',0,0,0,389000,NULL,0,NULL,NULL,'2026-03-20 05:19:44','2026-03-20 05:19:57',3,NULL,NULL,0,NULL,0,NULL,NULL,'pending',0,'direct');
INSERT INTO daily_orders VALUES(300,1,26,'2026-02-20',0,0,0,1026684,NULL,0,NULL,NULL,'2026-03-20 05:20:02','2026-03-20 05:20:54',3,NULL,NULL,0,NULL,0,NULL,NULL,'pending',0,'direct');
INSERT INTO daily_orders VALUES(301,1,29,'2026-02-20',0,0,0,102850,NULL,0,NULL,NULL,'2026-03-20 05:20:17','2026-03-20 05:20:25',3,NULL,NULL,0,NULL,0,NULL,NULL,'pending',0,'direct');
INSERT INTO daily_orders VALUES(302,1,32,'2026-02-20',0,0,0,99640,NULL,0,NULL,NULL,'2026-03-20 05:20:33','2026-03-20 05:20:33',NULL,NULL,NULL,0,NULL,0,NULL,NULL,'pending',0,'direct');
INSERT INTO daily_orders VALUES(303,1,26,'2026-02-21',0,0,0,1438975,NULL,0,NULL,NULL,'2026-03-20 05:21:20','2026-03-20 05:21:24',3,NULL,NULL,0,NULL,0,NULL,NULL,'pending',0,'direct');
INSERT INTO daily_orders VALUES(304,1,27,'2026-02-21',0,0,0,40920,NULL,0,NULL,NULL,'2026-03-20 05:21:25','2026-03-20 05:21:31',3,NULL,NULL,0,NULL,0,NULL,NULL,'pending',0,'direct');
INSERT INTO daily_orders VALUES(305,1,29,'2026-02-21',0,0,0,515750,NULL,0,NULL,NULL,'2026-03-20 05:21:32','2026-03-20 05:21:36',3,NULL,NULL,0,NULL,0,NULL,NULL,'pending',0,'direct');
INSERT INTO daily_orders VALUES(306,1,30,'2026-02-21',0,0,0,192580,NULL,0,NULL,NULL,'2026-03-20 05:21:37','2026-03-20 05:21:47',3,NULL,NULL,0,NULL,0,NULL,NULL,'pending',0,'direct');
INSERT INTO daily_orders VALUES(307,1,31,'2026-02-21',0,0,0,255000,NULL,0,NULL,NULL,'2026-03-20 05:21:49','2026-03-20 05:21:49',3,NULL,NULL,0,NULL,0,NULL,NULL,'pending',0,'direct');
INSERT INTO daily_orders VALUES(308,1,26,'2026-02-23',0,0,0,956588,NULL,0,NULL,NULL,'2026-03-20 05:22:11','2026-03-20 05:22:18',3,NULL,NULL,0,NULL,0,NULL,NULL,'pending',0,'direct');
INSERT INTO daily_orders VALUES(309,1,29,'2026-02-23',0,0,0,527250,NULL,0,NULL,NULL,'2026-03-20 05:22:21','2026-03-20 05:22:27',3,NULL,NULL,0,NULL,0,NULL,NULL,'pending',0,'direct');
INSERT INTO daily_orders VALUES(310,1,28,'2026-02-23',0,0,0,422170,NULL,0,NULL,NULL,'2026-03-20 05:22:28','2026-03-20 05:22:37',3,NULL,NULL,0,NULL,0,NULL,NULL,'pending',0,'direct');
INSERT INTO daily_orders VALUES(311,1,32,'2026-02-23',0,0,0,210600,NULL,0,NULL,NULL,'2026-03-20 05:22:49','2026-03-20 05:22:49',NULL,NULL,NULL,0,NULL,0,NULL,NULL,'pending',0,'direct');
INSERT INTO daily_orders VALUES(312,1,31,'2026-02-23',0,0,0,322400,NULL,0,NULL,NULL,'2026-03-20 05:23:04','2026-03-20 05:23:15',3,NULL,NULL,0,NULL,0,NULL,NULL,'pending',0,'direct');
INSERT INTO daily_orders VALUES(313,1,26,'2026-02-24',0,0,0,1290052,NULL,0,NULL,NULL,'2026-03-20 05:23:21','2026-03-20 05:23:29',3,NULL,NULL,0,NULL,0,NULL,NULL,'pending',0,'direct');
INSERT INTO daily_orders VALUES(314,1,28,'2026-02-24',0,0,0,368000,NULL,0,NULL,NULL,'2026-03-20 05:23:30','2026-03-20 05:23:41',3,NULL,NULL,0,NULL,0,NULL,NULL,'pending',0,'direct');
INSERT INTO daily_orders VALUES(316,1,32,'2026-02-24',0,0,0,183400,NULL,0,NULL,NULL,'2026-03-20 05:23:52','2026-03-20 05:23:52',NULL,NULL,NULL,0,NULL,0,NULL,NULL,'pending',0,'direct');
INSERT INTO daily_orders VALUES(317,1,33,'2026-02-24',0,0,0,105490,NULL,0,NULL,NULL,'2026-03-20 05:24:10','2026-03-20 05:24:10',NULL,NULL,NULL,0,NULL,0,NULL,NULL,'pending',0,'direct');
INSERT INTO daily_orders VALUES(319,1,31,'2026-02-24',0,0,0,318000,NULL,0,NULL,NULL,'2026-03-20 05:25:29','2026-03-20 05:25:29',3,NULL,NULL,0,NULL,0,NULL,NULL,'pending',0,'direct');
INSERT INTO daily_orders VALUES(320,1,29,'2026-02-24',0,0,0,155000,NULL,0,NULL,NULL,'2026-03-20 05:26:06','2026-03-20 05:26:18',3,NULL,NULL,0,NULL,0,NULL,NULL,'pending',0,'direct');
INSERT INTO daily_orders VALUES(321,1,26,'2026-02-25',0,0,0,626387,NULL,0,NULL,NULL,'2026-03-20 05:26:37','2026-03-20 05:26:42',3,NULL,NULL,0,NULL,0,NULL,NULL,'pending',0,'direct');
INSERT INTO daily_orders VALUES(322,1,27,'2026-02-25',0,0,0,43175,NULL,0,NULL,NULL,'2026-03-20 05:26:43','2026-03-20 05:26:51',3,NULL,NULL,0,NULL,0,NULL,NULL,'pending',0,'direct');
INSERT INTO daily_orders VALUES(323,1,29,'2026-02-25',0,0,0,252400,NULL,0,NULL,NULL,'2026-03-20 05:26:52','2026-03-20 05:26:56',3,NULL,NULL,0,NULL,0,NULL,NULL,'pending',0,'direct');
INSERT INTO daily_orders VALUES(324,1,30,'2026-02-25',0,0,0,378000,NULL,0,NULL,NULL,'2026-03-20 05:26:58','2026-03-20 05:27:03',3,NULL,NULL,0,NULL,0,NULL,NULL,'pending',0,'direct');
INSERT INTO daily_orders VALUES(325,1,32,'2026-02-25',0,0,0,803790,NULL,0,NULL,NULL,'2026-03-20 05:27:09','2026-03-20 05:27:09',NULL,NULL,NULL,0,NULL,0,NULL,NULL,'pending',0,'direct');
INSERT INTO daily_orders VALUES(326,1,31,'2026-02-25',0,0,0,309000,NULL,0,NULL,NULL,'2026-03-20 05:27:22','2026-03-20 05:27:34',3,NULL,NULL,0,NULL,0,NULL,NULL,'pending',0,'direct');
INSERT INTO daily_orders VALUES(327,1,26,'2026-02-26',0,0,0,1428817,NULL,0,NULL,NULL,'2026-03-20 05:27:46','2026-03-20 05:29:44',3,NULL,NULL,0,NULL,0,NULL,NULL,'pending',0,'direct');
INSERT INTO daily_orders VALUES(328,1,29,'2026-02-26',0,0,0,494200,NULL,0,NULL,NULL,'2026-03-20 05:29:45','2026-03-20 05:29:53',3,NULL,NULL,0,NULL,0,NULL,NULL,'pending',0,'direct');
INSERT INTO daily_orders VALUES(329,1,32,'2026-02-26',0,0,0,72730,NULL,0,NULL,NULL,'2026-03-20 05:30:02','2026-03-20 05:30:02',NULL,NULL,NULL,0,NULL,0,NULL,NULL,'pending',0,'direct');
INSERT INTO daily_orders VALUES(330,1,31,'2026-02-26',0,0,0,623500,NULL,0,NULL,NULL,'2026-03-20 05:30:16','2026-03-20 05:30:21',3,NULL,NULL,0,NULL,0,NULL,NULL,'pending',0,'direct');
INSERT INTO daily_orders VALUES(331,1,26,'2026-02-27',0,0,0,1103887,NULL,0,NULL,NULL,'2026-03-20 05:30:44','2026-03-20 05:30:48',3,NULL,NULL,0,NULL,0,NULL,NULL,'pending',0,'direct');
INSERT INTO daily_orders VALUES(332,1,27,'2026-02-27',0,0,0,17424,NULL,0,NULL,NULL,'2026-03-20 05:30:50','2026-03-20 05:30:56',3,NULL,NULL,0,NULL,0,NULL,NULL,'pending',0,'direct');
INSERT INTO daily_orders VALUES(333,1,29,'2026-02-27',0,0,0,267100,NULL,0,NULL,NULL,'2026-03-20 05:30:57','2026-03-20 05:31:01',3,NULL,NULL,0,NULL,0,NULL,NULL,'pending',0,'direct');
INSERT INTO daily_orders VALUES(334,1,30,'2026-02-27',0,0,0,173500,NULL,0,NULL,NULL,'2026-03-20 05:31:02','2026-03-20 05:32:25',3,NULL,NULL,0,NULL,0,NULL,NULL,'pending',0,'direct');
INSERT INTO daily_orders VALUES(335,1,32,'2026-02-27',0,0,0,120800,NULL,0,NULL,NULL,'2026-03-20 05:31:25','2026-03-20 05:31:25',NULL,NULL,NULL,0,NULL,0,NULL,NULL,'pending',0,'direct');
INSERT INTO daily_orders VALUES(336,1,33,'2026-02-27',0,0,0,34610,NULL,0,NULL,NULL,'2026-03-20 05:31:40','2026-03-20 05:31:40',NULL,NULL,NULL,0,NULL,0,NULL,NULL,'pending',0,'direct');
INSERT INTO daily_orders VALUES(337,1,26,'2026-02-28',0,0,0,2503440,NULL,0,NULL,NULL,'2026-03-20 05:32:46','2026-03-20 06:42:32',3,NULL,NULL,0,NULL,0,NULL,NULL,'pending',0,'direct');
INSERT INTO daily_orders VALUES(338,1,27,'2026-02-28',0,0,0,86834,NULL,0,NULL,NULL,'2026-03-20 05:32:52','2026-03-20 05:32:58',3,NULL,NULL,0,NULL,0,NULL,NULL,'pending',0,'direct');
INSERT INTO daily_orders VALUES(339,1,29,'2026-02-28',0,0,0,567750,NULL,0,NULL,NULL,'2026-03-20 05:32:59','2026-03-20 05:33:08',3,NULL,NULL,0,NULL,0,NULL,NULL,'pending',0,'direct');
INSERT INTO daily_orders VALUES(340,1,32,'2026-02-28',0,0,0,146000,NULL,0,NULL,NULL,'2026-03-20 05:33:18','2026-03-20 05:33:18',NULL,NULL,NULL,0,NULL,0,NULL,NULL,'pending',0,'direct');
INSERT INTO daily_orders VALUES(342,1,26,'2026-03-20',0,0,0,1422375,NULL,0,NULL,NULL,'2026-03-20 06:45:41','2026-03-28 14:57:12',3,NULL,NULL,1,NULL,1422375,'2026-03-28T12:42:28.743Z','amina','completed_ok',0,'direct');
INSERT INTO daily_orders VALUES(343,1,27,'2026-03-20',0,0,0,36630,NULL,0,NULL,NULL,'2026-03-20 06:45:47','2026-03-20 06:45:54',3,NULL,NULL,1,NULL,36630,'2026-03-28T12:42:28.743Z','amina','completed_ok',0,'direct');
INSERT INTO daily_orders VALUES(344,1,29,'2026-03-20',0,0,0,117150,NULL,0,NULL,NULL,'2026-03-20 06:45:56','2026-03-20 06:45:59',3,NULL,NULL,1,NULL,117150,'2026-03-28T12:42:28.743Z','amina','completed_ok',0,'direct');
INSERT INTO daily_orders VALUES(345,1,30,'2026-03-20',0,0,0,174500,NULL,0,NULL,NULL,'2026-03-20 06:46:01','2026-03-20 06:46:18',3,NULL,NULL,1,NULL,174500,'2026-03-28T12:42:28.743Z','amina','completed_ok',0,'direct');
INSERT INTO daily_orders VALUES(346,1,26,'2026-03-19',0,0,0,1517591,NULL,0,NULL,NULL,'2026-03-20 06:46:42','2026-04-01 16:41:21',3,NULL,NULL,1,NULL,1517591,'2026-03-28T12:42:28.743Z','amina','completed_ok',0,'direct');
INSERT INTO daily_orders VALUES(347,1,27,'2026-03-19',0,0,0,35090,NULL,0,NULL,NULL,'2026-03-20 06:46:47','2026-03-20 06:46:53',3,NULL,NULL,1,NULL,35090,'2026-03-28T12:42:28.743Z','amina','completed_ok',0,'direct');
INSERT INTO daily_orders VALUES(348,1,29,'2026-03-19',0,0,0,330950,NULL,0,NULL,NULL,'2026-03-20 06:46:55','2026-03-20 06:46:58',3,NULL,NULL,1,NULL,330950,'2026-03-28T12:42:28.743Z','amina','completed_ok',0,'direct');
INSERT INTO daily_orders VALUES(349,1,30,'2026-03-19',0,0,0,26000,NULL,0,NULL,NULL,'2026-03-20 06:47:00','2026-03-20 06:47:09',3,NULL,NULL,1,NULL,26000,'2026-03-28T12:42:28.743Z','amina','completed_ok',0,'direct');
INSERT INTO daily_orders VALUES(350,1,33,'2026-03-19',0,0,0,114300,NULL,0,NULL,NULL,'2026-03-20 06:47:40','2026-03-20 06:47:40',NULL,NULL,NULL,1,NULL,114300,'2026-03-28T12:42:28.743Z','amina','completed_ok',0,'direct');
INSERT INTO daily_orders VALUES(351,1,26,'2026-03-18',0,0,0,877715,NULL,0,NULL,NULL,'2026-03-20 06:48:19','2026-03-27 16:14:14',3,NULL,NULL,1,NULL,877715,'2026-03-28T12:42:28.743Z','amina','completed_ok',0,'direct');
INSERT INTO daily_orders VALUES(352,1,27,'2026-03-18',0,0,0,59444,NULL,0,NULL,NULL,'2026-03-20 06:48:25','2026-03-20 06:48:30',3,NULL,NULL,1,NULL,59444,'2026-03-28T12:42:28.743Z','amina','completed_ok',0,'direct');
INSERT INTO daily_orders VALUES(353,1,29,'2026-03-18',0,0,0,446300,NULL,0,NULL,NULL,'2026-03-20 06:48:33','2026-03-20 06:48:38',3,NULL,NULL,1,NULL,446300,'2026-03-28T12:42:28.743Z','amina','completed_ok',0,'direct');
INSERT INTO daily_orders VALUES(354,1,30,'2026-03-18',0,0,0,160220,NULL,0,NULL,NULL,'2026-03-20 06:48:39','2026-03-20 06:48:51',3,NULL,NULL,1,NULL,160220,'2026-03-28T12:42:28.743Z','amina','completed_ok',0,'direct');
INSERT INTO daily_orders VALUES(355,1,26,'2026-03-17',0,0,0,838772,NULL,0,NULL,NULL,'2026-03-20 06:49:26','2026-04-01 16:40:51',3,NULL,NULL,1,NULL,838772,'2026-03-28T12:42:28.743Z','amina','completed_ok',0,'direct');
INSERT INTO daily_orders VALUES(356,1,28,'2026-03-17',0,0,0,859000,NULL,0,NULL,NULL,'2026-03-20 06:49:36','2026-03-20 06:49:36',3,NULL,NULL,1,NULL,859000,'2026-03-28T12:42:28.743Z','amina','completed_ok',0,'direct');
INSERT INTO daily_orders VALUES(357,1,29,'2026-03-17',0,0,0,152500,NULL,0,NULL,NULL,'2026-03-20 06:49:44','2026-03-20 06:49:48',3,NULL,NULL,1,NULL,152500,'2026-03-28T12:42:28.743Z','amina','completed_ok',0,'direct');
INSERT INTO daily_orders VALUES(358,1,30,'2026-03-17',0,0,0,326940,NULL,0,NULL,NULL,'2026-03-20 06:49:50','2026-03-20 06:49:59',3,NULL,NULL,1,NULL,326940,'2026-03-28T12:42:28.743Z','amina','completed_ok',0,'direct');
INSERT INTO daily_orders VALUES(359,1,32,'2026-03-17',0,0,0,712110,NULL,0,NULL,NULL,'2026-03-20 06:50:05','2026-03-20 06:50:05',NULL,NULL,NULL,1,NULL,712110,'2026-03-28T12:42:28.743Z','amina','completed_ok',0,'direct');
INSERT INTO daily_orders VALUES(360,1,31,'2026-03-17',0,0,0,672600,NULL,0,NULL,NULL,'2026-03-20 06:50:28','2026-03-20 06:50:47',3,NULL,NULL,1,NULL,672600,'2026-03-28T12:42:28.743Z','amina','completed_ok',0,'direct');
INSERT INTO daily_orders VALUES(361,1,26,'2026-03-16',0,0,0,1101945,NULL,0,NULL,NULL,'2026-03-20 06:51:02','2026-03-20 06:51:06',3,NULL,NULL,1,NULL,1101945,'2026-03-28T12:42:28.743Z','amina','completed_ok',0,'direct');
INSERT INTO daily_orders VALUES(362,1,27,'2026-03-16',0,0,0,1243,NULL,0,NULL,NULL,'2026-03-20 06:51:08','2026-03-20 06:51:12',3,NULL,NULL,1,NULL,1243,'2026-03-28T12:42:28.743Z','amina','completed_ok',0,'direct');
INSERT INTO daily_orders VALUES(363,1,29,'2026-03-16',0,0,0,605200,NULL,0,NULL,NULL,'2026-03-20 06:51:13','2026-03-20 06:51:17',3,NULL,NULL,1,NULL,605200,'2026-03-28T12:42:28.743Z','amina','completed_ok',0,'direct');
INSERT INTO daily_orders VALUES(364,1,30,'2026-03-16',0,0,0,90500,NULL,0,NULL,NULL,'2026-03-20 06:51:18','2026-03-20 06:51:31',3,NULL,NULL,1,NULL,90500,'2026-03-28T12:42:28.743Z','amina','completed_ok',0,'direct');
INSERT INTO daily_orders VALUES(365,1,26,'2026-03-14',0,0,0,1634538,NULL,0,NULL,NULL,'2026-03-20 06:51:54','2026-03-28 15:24:25',3,NULL,NULL,1,NULL,1634538,'2026-03-28T12:42:28.743Z','amina','completed_ok',0,'direct');
INSERT INTO daily_orders VALUES(366,1,27,'2026-03-14',0,0,0,13068,NULL,0,NULL,NULL,'2026-03-20 06:52:00','2026-03-20 06:52:04',3,NULL,NULL,1,NULL,13068,'2026-03-28T12:42:28.743Z','amina','completed_ok',0,'direct');
INSERT INTO daily_orders VALUES(367,1,29,'2026-03-14',0,0,0,568100,NULL,0,NULL,NULL,'2026-03-20 06:52:05','2026-03-20 06:52:09',3,NULL,NULL,1,NULL,568100,'2026-03-28T12:42:28.743Z','amina','completed_ok',0,'direct');
INSERT INTO daily_orders VALUES(368,1,30,'2026-03-14',0,0,0,521050,NULL,0,NULL,NULL,'2026-03-20 06:52:11','2026-03-20 06:52:24',3,NULL,NULL,1,NULL,521050,'2026-03-28T12:42:28.743Z','amina','completed_ok',0,'direct');
INSERT INTO daily_orders VALUES(369,1,26,'2026-03-13',0,0,0,1412610,NULL,0,NULL,NULL,'2026-03-20 06:52:37','2026-04-01 16:40:34',3,NULL,NULL,1,NULL,1412610,'2026-03-28T12:42:28.743Z','amina','completed_ok',0,'direct');
INSERT INTO daily_orders VALUES(370,1,29,'2026-03-13',0,0,0,318500,NULL,0,NULL,NULL,'2026-03-20 06:52:45','2026-03-20 06:52:48',3,NULL,NULL,1,NULL,318500,'2026-03-28T12:42:28.743Z','amina','completed_ok',0,'direct');
INSERT INTO daily_orders VALUES(371,1,30,'2026-03-13',0,0,0,251900,NULL,0,NULL,NULL,'2026-03-20 06:52:50','2026-03-20 06:53:02',3,NULL,NULL,1,NULL,251900,'2026-03-28T12:42:28.743Z','amina','completed_ok',0,'direct');
INSERT INTO daily_orders VALUES(372,1,31,'2026-03-13',0,0,0,454800,NULL,0,NULL,NULL,'2026-03-20 06:53:05','2026-03-20 06:53:19',3,NULL,NULL,1,NULL,454800,'2026-03-28T12:42:28.743Z','amina','completed_ok',0,'direct');
INSERT INTO daily_orders VALUES(373,1,26,'2026-03-12',0,0,0,1216688,NULL,0,NULL,NULL,'2026-03-20 06:53:26','2026-04-01 16:40:17',3,NULL,NULL,1,NULL,1216688,'2026-03-28T12:42:28.743Z','amina','completed_ok',0,'direct');
INSERT INTO daily_orders VALUES(374,1,27,'2026-03-12',0,0,0,14520,NULL,0,NULL,NULL,'2026-03-20 06:53:35','2026-03-20 06:53:40',3,NULL,NULL,1,NULL,14520,'2026-03-28T12:42:28.743Z','amina','completed_ok',0,'direct');
INSERT INTO daily_orders VALUES(375,1,29,'2026-03-12',0,0,0,306000,NULL,0,NULL,NULL,'2026-03-20 06:53:42','2026-03-20 06:53:49',3,NULL,NULL,1,NULL,306000,'2026-03-28T12:42:28.743Z','amina','completed_ok',0,'direct');
INSERT INTO daily_orders VALUES(376,1,32,'2026-03-12',0,0,0,330600,NULL,0,NULL,NULL,'2026-03-20 06:53:56','2026-03-20 06:53:56',NULL,NULL,NULL,1,NULL,330600,'2026-03-28T12:42:28.743Z','amina','completed_ok',0,'direct');
INSERT INTO daily_orders VALUES(377,1,26,'2026-03-11',0,0,0,904432,NULL,0,NULL,NULL,'2026-03-20 06:54:21','2026-04-01 16:39:51',3,NULL,NULL,1,NULL,904432,'2026-03-28T12:42:28.743Z','amina','completed_ok',0,'direct');
INSERT INTO daily_orders VALUES(378,1,27,'2026-03-11',0,0,0,110979,NULL,0,NULL,NULL,'2026-03-20 06:54:28','2026-03-20 06:54:32',3,NULL,NULL,1,NULL,110979,'2026-03-28T12:42:28.743Z','amina','completed_ok',0,'direct');
INSERT INTO daily_orders VALUES(379,1,29,'2026-03-11',0,0,0,163100,NULL,0,NULL,NULL,'2026-03-20 06:54:34','2026-03-20 06:54:38',3,NULL,NULL,1,NULL,163100,'2026-03-28T12:42:28.743Z','amina','completed_ok',0,'direct');
INSERT INTO daily_orders VALUES(380,1,30,'2026-03-11',0,0,0,428800,NULL,0,NULL,NULL,'2026-03-20 06:54:40','2026-03-20 06:54:47',3,NULL,NULL,1,NULL,428800,'2026-03-28T12:42:28.743Z','amina','completed_ok',0,'direct');
INSERT INTO daily_orders VALUES(381,1,32,'2026-03-11',0,0,0,104400,NULL,0,NULL,NULL,'2026-03-20 06:54:54','2026-03-20 06:54:54',NULL,NULL,NULL,1,NULL,104400,'2026-03-28T12:42:28.743Z','amina','completed_ok',0,'direct');
INSERT INTO daily_orders VALUES(382,1,31,'2026-03-11',0,0,0,284275,NULL,0,NULL,NULL,'2026-03-20 06:55:07','2026-03-20 06:55:29',3,NULL,NULL,1,NULL,284275,'2026-03-28T12:42:28.743Z','amina','completed_ok',0,'direct');
INSERT INTO daily_orders VALUES(383,1,26,'2026-03-10',0,0,0,1116568,NULL,0,NULL,NULL,'2026-03-20 06:55:32','2026-04-01 16:39:39',3,NULL,NULL,1,NULL,1116568,'2026-03-28T12:42:28.743Z','amina','completed_ok',0,'direct');
INSERT INTO daily_orders VALUES(384,1,27,'2026-03-10',0,0,0,5742,NULL,0,NULL,NULL,'2026-03-20 06:55:38','2026-03-20 06:55:42',3,NULL,NULL,1,NULL,5742,'2026-03-28T12:42:28.743Z','amina','completed_ok',0,'direct');
INSERT INTO daily_orders VALUES(385,1,28,'2026-03-10',0,0,0,639000,NULL,0,NULL,NULL,'2026-03-20 06:55:43','2026-03-20 06:55:47',3,NULL,NULL,1,NULL,639000,'2026-03-28T12:42:28.743Z','amina','completed_ok',0,'direct');
INSERT INTO daily_orders VALUES(386,1,29,'2026-03-10',0,0,0,322300,NULL,0,NULL,NULL,'2026-03-20 06:55:48','2026-03-20 06:55:52',3,NULL,NULL,1,NULL,322300,'2026-03-28T12:42:28.743Z','amina','completed_ok',0,'direct');
INSERT INTO daily_orders VALUES(387,1,30,'2026-03-10',0,0,0,35400,NULL,0,NULL,NULL,'2026-03-20 06:55:53','2026-03-20 06:56:00',3,NULL,NULL,1,NULL,35400,'2026-03-28T12:42:28.743Z','amina','completed_ok',0,'direct');
INSERT INTO daily_orders VALUES(388,1,32,'2026-03-10',0,0,0,84510,NULL,0,NULL,NULL,'2026-03-20 06:56:06','2026-03-20 06:56:06',NULL,NULL,NULL,1,NULL,84510,'2026-03-28T12:42:28.743Z','amina','completed_ok',0,'direct');
INSERT INTO daily_orders VALUES(389,1,33,'2026-03-10',0,0,0,160550,NULL,0,NULL,NULL,'2026-03-20 06:57:00','2026-03-20 06:57:00',NULL,NULL,NULL,1,NULL,160550,'2026-03-28T12:42:28.743Z','amina','completed_ok',0,'direct');
INSERT INTO daily_orders VALUES(390,1,26,'2026-03-09',0,0,0,865785,NULL,0,NULL,NULL,'2026-03-20 06:57:21','2026-04-01 16:39:23',3,NULL,NULL,1,NULL,865785,'2026-03-28T12:42:28.743Z','amina','completed_ok',0,'direct');
INSERT INTO daily_orders VALUES(391,1,29,'2026-03-09',0,0,0,370840,NULL,0,NULL,NULL,'2026-03-20 06:57:30','2026-03-20 06:57:33',3,NULL,NULL,1,NULL,370840,'2026-03-28T12:42:28.743Z','amina','completed_ok',0,'direct');
INSERT INTO daily_orders VALUES(392,1,30,'2026-03-09',0,0,0,344180,NULL,0,NULL,NULL,'2026-03-20 06:57:35','2026-03-20 06:57:43',3,NULL,NULL,1,NULL,344180,'2026-03-28T12:42:28.743Z','amina','completed_ok',0,'direct');
INSERT INTO daily_orders VALUES(393,1,32,'2026-03-09',0,0,0,332340,NULL,0,NULL,NULL,'2026-03-20 06:57:51','2026-03-20 06:57:51',NULL,NULL,NULL,1,NULL,332340,'2026-03-28T12:42:28.743Z','amina','completed_ok',0,'direct');
INSERT INTO daily_orders VALUES(394,1,31,'2026-03-09',0,0,0,679000,NULL,0,NULL,NULL,'2026-03-20 06:58:03','2026-03-20 06:58:16',3,NULL,NULL,1,NULL,679000,'2026-03-28T12:42:28.743Z','amina','completed_ok',0,'direct');
INSERT INTO daily_orders VALUES(395,1,26,'2026-03-07',0,0,0,2075069,NULL,0,NULL,NULL,'2026-03-20 06:58:21','2026-03-20 06:58:27',3,NULL,NULL,1,NULL,2075069,'2026-03-28T12:42:28.743Z','amina','completed_ok',0,'direct');
INSERT INTO daily_orders VALUES(396,1,27,'2026-03-07',0,0,0,25190,NULL,0,NULL,NULL,'2026-03-20 06:58:28','2026-03-20 06:58:33',3,NULL,NULL,1,NULL,25190,'2026-03-28T12:42:28.743Z','amina','completed_ok',0,'direct');
INSERT INTO daily_orders VALUES(397,1,29,'2026-03-07',0,0,0,504200,NULL,0,NULL,NULL,'2026-03-20 06:58:34','2026-03-20 06:58:37',3,NULL,NULL,1,NULL,504200,'2026-03-28T12:42:28.743Z','amina','completed_ok',0,'direct');
INSERT INTO daily_orders VALUES(398,1,30,'2026-03-07',0,0,0,337050,NULL,0,NULL,NULL,'2026-03-20 06:58:38','2026-03-20 06:58:48',3,NULL,NULL,1,NULL,337050,'2026-03-28T12:42:28.743Z','amina','completed_ok',0,'direct');
INSERT INTO daily_orders VALUES(399,1,26,'2026-03-06',0,0,0,1140558,NULL,0,NULL,NULL,'2026-03-20 06:59:00','2026-04-01 16:39:10',3,NULL,NULL,1,NULL,1140558,'2026-03-28T12:42:28.743Z','amina','completed_ok',0,'direct');
INSERT INTO daily_orders VALUES(400,1,27,'2026-03-06',0,0,0,58740,NULL,0,NULL,NULL,'2026-03-20 06:59:05','2026-03-20 06:59:09',3,NULL,NULL,1,NULL,58740,'2026-03-28T12:42:28.743Z','amina','completed_ok',0,'direct');
INSERT INTO daily_orders VALUES(401,1,29,'2026-03-06',0,0,0,518500,NULL,0,NULL,NULL,'2026-03-20 06:59:11','2026-03-20 06:59:14',3,NULL,NULL,1,NULL,518500,'2026-03-28T12:42:28.743Z','amina','completed_ok',0,'direct');
INSERT INTO daily_orders VALUES(402,1,30,'2026-03-06',0,0,0,122500,NULL,0,NULL,NULL,'2026-03-20 06:59:16','2026-03-20 06:59:20',3,NULL,NULL,1,NULL,122500,'2026-03-28T12:42:28.743Z','amina','completed_ok',0,'direct');
INSERT INTO daily_orders VALUES(403,1,32,'2026-03-06',0,0,0,315240,NULL,0,NULL,NULL,'2026-03-20 06:59:29','2026-03-20 06:59:29',NULL,NULL,NULL,1,NULL,315240,'2026-03-28T12:42:28.743Z','amina','completed_ok',0,'direct');
INSERT INTO daily_orders VALUES(404,1,33,'2026-03-06',0,0,0,341990,NULL,0,NULL,NULL,'2026-03-20 06:59:44','2026-03-20 06:59:44',NULL,NULL,NULL,1,NULL,341990,'2026-03-28T12:42:28.743Z','amina','completed_ok',0,'direct');
INSERT INTO daily_orders VALUES(405,1,31,'2026-03-06',0,0,0,151600,NULL,0,NULL,NULL,'2026-03-20 07:00:08','2026-03-20 07:00:08',3,NULL,NULL,1,NULL,151600,'2026-03-28T12:42:28.743Z','amina','completed_ok',0,'direct');
INSERT INTO daily_orders VALUES(406,1,26,'2026-03-05',0,0,0,877687,NULL,0,NULL,NULL,'2026-03-20 07:00:35','2026-04-01 16:38:32',3,NULL,NULL,1,NULL,877687,'2026-03-28T12:42:28.743Z','amina','completed_ok',0,'direct');
INSERT INTO daily_orders VALUES(407,1,29,'2026-03-05',0,0,0,167200,NULL,0,NULL,NULL,'2026-03-20 07:00:41','2026-03-20 07:00:45',3,NULL,NULL,1,NULL,167200,'2026-03-28T12:42:28.743Z','amina','completed_ok',0,'direct');
INSERT INTO daily_orders VALUES(408,1,30,'2026-03-05',0,0,0,255350,NULL,0,NULL,NULL,'2026-03-20 07:00:47','2026-03-20 07:00:52',3,NULL,NULL,1,NULL,255350,'2026-03-28T12:42:28.743Z','amina','completed_ok',0,'direct');
INSERT INTO daily_orders VALUES(409,1,32,'2026-03-05',0,0,0,321960,NULL,0,NULL,NULL,'2026-03-20 07:01:01','2026-03-20 07:01:01',NULL,NULL,NULL,1,NULL,321960,'2026-03-28T12:42:28.743Z','amina','completed_ok',0,'direct');
INSERT INTO daily_orders VALUES(410,1,31,'2026-03-05',0,0,0,224000,NULL,0,NULL,NULL,'2026-03-20 07:01:13','2026-03-20 07:01:22',3,NULL,NULL,1,NULL,224000,'2026-03-28T12:42:28.743Z','amina','completed_ok',0,'direct');
INSERT INTO daily_orders VALUES(411,1,26,'2026-03-04',0,0,0,1540551,NULL,0,NULL,NULL,'2026-03-20 07:01:29','2026-04-01 16:38:10',3,NULL,NULL,1,NULL,1540551,'2026-03-28T12:42:28.743Z','amina','completed_ok',0,'direct');
INSERT INTO daily_orders VALUES(412,1,27,'2026-03-04',0,0,0,11616,NULL,0,NULL,NULL,'2026-03-20 07:01:40','2026-03-20 07:02:02',3,NULL,NULL,1,NULL,11616,'2026-03-28T12:42:28.743Z','amina','completed_ok',0,'direct');
INSERT INTO daily_orders VALUES(413,1,28,'2026-03-04',0,0,0,783000,NULL,0,NULL,NULL,'2026-03-20 07:02:04','2026-03-20 07:02:07',3,NULL,NULL,1,NULL,783000,'2026-03-28T12:42:28.743Z','amina','completed_ok',0,'direct');
INSERT INTO daily_orders VALUES(414,1,29,'2026-03-04',0,0,0,455000,NULL,0,NULL,NULL,'2026-03-20 07:02:09','2026-03-20 07:02:14',3,NULL,NULL,1,NULL,455000,'2026-03-28T12:42:28.743Z','amina','completed_ok',0,'direct');
INSERT INTO daily_orders VALUES(415,1,32,'2026-03-04',0,0,0,385510,NULL,0,NULL,NULL,'2026-03-20 07:02:20','2026-03-20 07:02:20',NULL,NULL,NULL,1,NULL,385510,'2026-03-28T12:42:28.743Z','amina','completed_ok',0,'direct');
INSERT INTO daily_orders VALUES(416,1,33,'2026-03-04',0,0,0,54380,NULL,0,NULL,NULL,'2026-03-20 07:02:35','2026-03-20 07:02:35',NULL,NULL,NULL,1,NULL,54380,'2026-03-28T12:42:28.743Z','amina','completed_ok',0,'direct');
INSERT INTO daily_orders VALUES(417,1,26,'2026-03-03',0,0,0,974087,NULL,0,NULL,NULL,'2026-03-20 07:02:50','2026-04-01 16:37:45',3,NULL,NULL,1,NULL,974087,'2026-03-28T12:42:28.743Z','amina','completed_ok',0,'direct');
INSERT INTO daily_orders VALUES(418,1,29,'2026-03-03',0,0,0,196150,NULL,0,NULL,NULL,'2026-03-20 07:02:56','2026-03-26 07:07:51',3,NULL,NULL,1,NULL,196150,'2026-03-28T12:42:28.743Z','amina','completed_ok',0,'direct');
INSERT INTO daily_orders VALUES(419,1,30,'2026-03-03',0,0,0,383950,NULL,0,NULL,NULL,'2026-03-20 07:03:02','2026-03-26 07:02:20',3,NULL,NULL,1,NULL,383950,'2026-03-28T12:42:28.743Z','amina','completed_ok',0,'direct');
INSERT INTO daily_orders VALUES(421,2,11,'2026-03-04',1055960,326775,105596,1488331,NULL,0,NULL,NULL,'2026-03-29 13:28:40','2026-03-29 13:28:45',10,NULL,NULL,1,NULL,1488331,'2026-04-06T06:07:50.935Z','muijae','completed_ok',0,'direct');
INSERT INTO daily_orders VALUES(422,2,11,'2026-03-05',551670,375570,55167,982407,NULL,0,NULL,NULL,'2026-03-29 13:28:52','2026-03-29 13:28:59',10,NULL,NULL,1,NULL,982407,'2026-04-06T06:07:50.935Z','muijae','completed_ok',0,'direct');
INSERT INTO daily_orders VALUES(423,2,11,'2026-03-06',759070,335430,75907,1170407,NULL,0,NULL,NULL,'2026-03-29 13:29:05','2026-03-29 13:29:10',10,NULL,NULL,1,NULL,1170407,'2026-04-06T06:07:50.935Z','muijae','completed_ok',0,'direct');
INSERT INTO daily_orders VALUES(424,2,11,'2026-03-07',884560,1278060,88456,2251076,NULL,0,NULL,NULL,'2026-03-29 13:29:24','2026-03-29 13:29:31',10,NULL,NULL,1,NULL,2251076,'2026-04-06T06:07:50.935Z','muijae','completed_ok',0,'direct');
INSERT INTO daily_orders VALUES(425,2,11,'2026-03-09',619550,642950,61955,1324455,NULL,0,NULL,NULL,'2026-03-29 13:29:39','2026-03-29 13:29:48',10,NULL,NULL,1,NULL,1324455,'2026-04-06T06:07:50.935Z','muijae','completed_ok',0,'direct');
INSERT INTO daily_orders VALUES(426,2,11,'2026-03-10',576070,228200,57607,861877,NULL,0,NULL,NULL,'2026-03-29 13:30:05','2026-03-29 13:30:09',10,NULL,NULL,1,NULL,861877,'2026-04-06T06:07:50.935Z','muijae','completed_ok',0,'direct');
INSERT INTO daily_orders VALUES(427,2,11,'2026-03-11',457650,507350,45765,1010765,NULL,0,NULL,NULL,'2026-03-29 13:30:15','2026-03-29 13:30:19',10,NULL,NULL,1,NULL,1010765,'2026-04-06T06:07:50.935Z','muijae','completed_ok',0,'direct');
INSERT INTO daily_orders VALUES(428,2,11,'2026-03-12',397340,520350,39734,957424,NULL,0,NULL,NULL,'2026-03-29 13:30:26','2026-03-29 13:30:30',10,NULL,NULL,1,NULL,957424,'2026-04-06T06:07:50.935Z','muijae','completed_ok',0,'direct');
INSERT INTO daily_orders VALUES(429,2,11,'2026-03-13',464030,672205,46403,1182638,NULL,0,NULL,NULL,'2026-03-29 13:30:35','2026-03-29 13:59:21',10,NULL,NULL,1,NULL,1182638,'2026-04-06T06:07:50.935Z','muijae','completed_ok',0,'direct');
INSERT INTO daily_orders VALUES(430,2,11,'2026-03-14',1038460,665160,103846,1807466,NULL,0,NULL,NULL,'2026-03-29 13:30:52','2026-03-29 13:30:52',10,NULL,NULL,1,NULL,1807466,'2026-04-06T06:07:50.935Z','muijae','completed_ok',0,'direct');
INSERT INTO daily_orders VALUES(431,2,11,'2026-03-16',330560,621110,33056,984726,NULL,0,NULL,NULL,'2026-03-29 13:30:56','2026-03-29 13:31:02',10,NULL,NULL,1,NULL,984726,'2026-04-06T06:07:50.935Z','muijae','completed_ok',0,'direct');
INSERT INTO daily_orders VALUES(432,2,11,'2026-03-17',833120,606110,83312,1522542,NULL,0,NULL,NULL,'2026-03-29 13:31:07','2026-03-29 13:31:11',10,NULL,NULL,1,NULL,1522542,'2026-04-06T06:07:50.935Z','muijae','completed_ok',0,'direct');
INSERT INTO daily_orders VALUES(433,2,11,'2026-03-18',433370,630915,43337,1107622,NULL,0,NULL,NULL,'2026-03-29 13:31:17','2026-03-29 13:31:22',10,NULL,NULL,1,NULL,1107622,'2026-04-06T06:07:50.935Z','muijae','completed_ok',0,'direct');
INSERT INTO daily_orders VALUES(434,2,11,'2026-03-19',876320,858090,87632,1822042,NULL,0,NULL,NULL,'2026-03-29 13:31:27','2026-03-29 13:31:32',10,NULL,NULL,1,NULL,1822042,'2026-04-06T06:07:50.935Z','muijae','completed_ok',0,'direct');
INSERT INTO daily_orders VALUES(435,2,11,'2026-03-20',376170,1010650,37617,1424437,NULL,0,NULL,NULL,'2026-03-29 13:31:37','2026-03-29 13:31:42',10,NULL,NULL,1,NULL,1424437,'2026-04-06T06:07:50.935Z','muijae','completed_ok',0,'direct');
INSERT INTO daily_orders VALUES(436,2,11,'2026-03-21',866440,757185,86644,1710269,NULL,0,NULL,NULL,'2026-03-29 13:31:48','2026-03-29 13:31:52',10,NULL,NULL,1,NULL,1710269,'2026-04-06T06:07:50.935Z','muijae','completed_ok',0,'direct');
INSERT INTO daily_orders VALUES(437,2,11,'2026-03-23',509400,495550,50940,1055890,NULL,0,NULL,NULL,'2026-03-29 13:31:57','2026-03-29 13:32:04',10,NULL,NULL,1,NULL,1055890,'2026-04-06T06:07:50.935Z','muijae','completed_ok',0,'direct');
INSERT INTO daily_orders VALUES(438,2,11,'2026-03-24',475020,723805,47502,1246327,NULL,0,NULL,NULL,'2026-03-29 13:32:09','2026-03-29 13:32:15',10,NULL,NULL,1,NULL,1246327,'2026-04-06T06:07:50.935Z','muijae','completed_ok',0,'direct');
INSERT INTO daily_orders VALUES(439,2,11,'2026-03-25',578140,462360,57814,1098314,NULL,0,NULL,NULL,'2026-03-29 13:32:22','2026-03-29 13:32:31',10,NULL,NULL,1,NULL,1098314,'2026-04-06T06:07:50.935Z','muijae','completed_ok',0,'direct');
INSERT INTO daily_orders VALUES(440,2,11,'2026-03-26',667440,583050,66744,1317234,NULL,0,NULL,NULL,'2026-03-29 13:32:37','2026-03-29 13:32:41',10,NULL,NULL,1,NULL,1317234,'2026-04-06T06:07:50.935Z','muijae','completed_ok',0,'direct');
INSERT INTO daily_orders VALUES(441,2,11,'2026-03-27',556300,720420,55630,1332350,NULL,0,NULL,NULL,'2026-03-29 13:32:46','2026-03-29 13:32:53',10,NULL,NULL,1,NULL,1332350,'2026-04-06T06:07:50.935Z','muijae','completed_ok',0,'direct');
INSERT INTO daily_orders VALUES(442,2,11,'2026-03-28',801420,1137060,80142,2018622,NULL,0,NULL,NULL,'2026-03-29 13:33:08','2026-03-29 13:33:12',10,NULL,NULL,1,NULL,2018622,'2026-04-06T06:07:50.935Z','muijae','completed_ok',0,'direct');
INSERT INTO daily_orders VALUES(443,2,12,'2026-03-03',125980,1704617,12598,1843195,NULL,0,NULL,NULL,'2026-03-29 13:34:55','2026-03-29 13:35:10',10,NULL,NULL,1,NULL,1843195,'2026-04-06T06:07:50.935Z','muijae','completed_ok',0,'direct');
INSERT INTO daily_orders VALUES(444,2,12,'2026-03-04',380590,911498,38059,1330147,NULL,0,NULL,NULL,'2026-03-29 13:35:15','2026-03-29 13:35:19',10,NULL,NULL,1,NULL,1330147,'2026-04-06T06:07:50.935Z','muijae','completed_ok',0,'direct');
INSERT INTO daily_orders VALUES(445,2,12,'2026-03-05',211680,2204053,21168,2436901,NULL,0,NULL,NULL,'2026-03-29 13:35:24','2026-03-29 13:35:27',10,NULL,NULL,1,NULL,2436901,'2026-04-06T06:07:50.935Z','muijae','completed_ok',0,'direct');
INSERT INTO daily_orders VALUES(446,2,12,'2026-03-06',203650,998335,20365,1222350,NULL,0,NULL,NULL,'2026-03-29 13:35:48','2026-03-29 13:35:51',10,NULL,NULL,1,NULL,1222350,'2026-04-06T06:07:50.935Z','muijae','completed_ok',0,'direct');
INSERT INTO daily_orders VALUES(447,2,12,'2026-03-07',183560,1924278,18356,2126194,NULL,0,NULL,NULL,'2026-03-29 13:35:57','2026-03-29 13:36:04',10,NULL,NULL,1,NULL,2126194,'2026-04-06T06:07:50.935Z','muijae','completed_ok',0,'direct');
INSERT INTO daily_orders VALUES(448,2,12,'2026-03-09',456120,1253700,45612,1755432,NULL,0,NULL,NULL,'2026-03-29 13:36:05','2026-03-29 13:36:13',10,NULL,NULL,1,NULL,1755432,'2026-04-06T06:07:50.935Z','muijae','completed_ok',0,'direct');
INSERT INTO daily_orders VALUES(449,2,12,'2026-03-10',107770,912600,10777,1031147,NULL,0,NULL,NULL,'2026-03-29 13:36:13','2026-03-29 13:36:20',10,NULL,NULL,1,NULL,1031147,'2026-04-06T06:07:50.935Z','muijae','completed_ok',0,'direct');
INSERT INTO daily_orders VALUES(450,2,12,'2026-03-11',259600,1210430,25960,1495990,NULL,0,NULL,NULL,'2026-03-29 13:36:22','2026-03-29 13:36:28',10,NULL,NULL,1,NULL,1495990,'2026-04-06T06:07:50.935Z','muijae','completed_ok',0,'direct');
INSERT INTO daily_orders VALUES(451,2,12,'2026-03-12',185370,742020,18537,945927,NULL,0,NULL,NULL,'2026-03-29 13:36:29','2026-03-29 13:36:36',10,NULL,NULL,1,NULL,945927,'2026-04-06T06:07:50.935Z','muijae','completed_ok',0,'direct');
INSERT INTO daily_orders VALUES(452,2,12,'2026-03-13',128450,1604635,12845,1745930,NULL,0,NULL,NULL,'2026-03-29 13:36:37','2026-03-29 13:36:46',10,NULL,NULL,1,NULL,1745930,'2026-04-06T06:07:50.935Z','muijae','completed_ok',0,'direct');
INSERT INTO daily_orders VALUES(453,2,12,'2026-03-14',464550,2510630,46455,3021635,NULL,0,NULL,NULL,'2026-03-29 13:36:47','2026-03-29 13:36:55',10,NULL,NULL,1,NULL,3021635,'2026-04-06T06:07:50.935Z','muijae','completed_ok',0,'direct');
INSERT INTO daily_orders VALUES(454,2,12,'2026-03-16',128040,737094,12804,877938,NULL,0,NULL,NULL,'2026-03-29 13:36:57','2026-03-29 13:37:02',10,NULL,NULL,1,NULL,877938,'2026-04-06T06:07:50.935Z','muijae','completed_ok',0,'direct');
INSERT INTO daily_orders VALUES(455,2,12,'2026-03-17',183680,1831337,18368,2033385,NULL,0,NULL,NULL,'2026-03-29 13:37:03','2026-03-29 13:37:08',10,NULL,NULL,1,NULL,2033385,'2026-04-06T06:07:50.935Z','muijae','completed_ok',0,'direct');
INSERT INTO daily_orders VALUES(456,2,12,'2026-03-18',232350,977290,23235,1232875,NULL,0,NULL,NULL,'2026-03-29 13:37:14','2026-03-29 13:37:17',10,NULL,NULL,1,NULL,1232875,'2026-04-06T06:07:50.935Z','muijae','completed_ok',0,'direct');
INSERT INTO daily_orders VALUES(457,2,12,'2026-03-19',91270,1230908,9127,1331305,NULL,0,NULL,NULL,'2026-03-29 13:37:23','2026-03-29 13:37:26',10,NULL,NULL,1,NULL,1331305,'2026-04-06T06:07:50.935Z','muijae','completed_ok',0,'direct');
INSERT INTO daily_orders VALUES(458,2,12,'2026-03-20',196850,1452840,19685,1669375,NULL,0,NULL,NULL,'2026-03-29 13:37:37','2026-03-29 13:37:40',10,NULL,NULL,1,NULL,1669375,'2026-04-06T06:07:50.935Z','muijae','completed_ok',0,'direct');
INSERT INTO daily_orders VALUES(459,2,12,'2026-03-21',704640,2541240,70464,3316344,NULL,0,NULL,NULL,'2026-03-29 13:37:46','2026-03-29 13:37:49',10,NULL,NULL,1,NULL,3316344,'2026-04-06T06:07:50.935Z','muijae','completed_ok',0,'direct');
INSERT INTO daily_orders VALUES(460,2,12,'2026-03-23',472980,1219625,47298,1739903,NULL,0,NULL,NULL,'2026-03-29 13:38:07','2026-03-29 13:38:14',10,NULL,NULL,1,NULL,1739903,'2026-04-06T06:07:50.935Z','muijae','completed_ok',0,'direct');
INSERT INTO daily_orders VALUES(461,2,12,'2026-03-24',382790,1170045,38279,1591114,NULL,0,NULL,NULL,'2026-03-29 13:38:15','2026-03-29 13:38:23',10,NULL,NULL,1,NULL,1591114,'2026-04-06T06:07:50.935Z','muijae','completed_ok',0,'direct');
INSERT INTO daily_orders VALUES(462,2,12,'2026-03-25',197940,1607195,19794,1824929,NULL,0,NULL,NULL,'2026-03-29 13:38:24','2026-03-29 13:38:29',10,NULL,NULL,1,NULL,1824929,'2026-04-06T06:07:50.935Z','muijae','completed_ok',0,'direct');
INSERT INTO daily_orders VALUES(463,2,12,'2026-03-26',73820,902940,7382,984142,NULL,0,NULL,NULL,'2026-03-29 13:38:31','2026-03-29 13:38:37',10,NULL,NULL,1,NULL,984142,'2026-04-06T06:07:50.935Z','muijae','completed_ok',0,'direct');
INSERT INTO daily_orders VALUES(464,2,12,'2026-03-27',321740,1508168,32174,1862082,NULL,0,NULL,NULL,'2026-03-29 13:38:38','2026-03-29 13:38:44',10,NULL,NULL,1,NULL,1862082,'2026-04-06T06:07:50.935Z','muijae','completed_ok',0,'direct');
INSERT INTO daily_orders VALUES(465,2,12,'2026-03-28',1256480,1966319,125648,3348447,NULL,0,NULL,NULL,'2026-03-29 13:38:45','2026-03-29 13:38:50',10,NULL,NULL,1,NULL,3348447,'2026-04-06T06:07:50.935Z','muijae','completed_ok',0,'direct');
INSERT INTO daily_orders VALUES(467,2,13,'2026-03-03',0,0,0,894980,NULL,0,NULL,NULL,'2026-03-29 13:40:04','2026-03-29 13:40:07',10,NULL,NULL,1,NULL,894980,'2026-04-06T06:07:50.935Z','muijae','completed_ok',0,'direct');
INSERT INTO daily_orders VALUES(468,2,13,'2026-03-04',0,0,0,339650,NULL,0,NULL,NULL,'2026-03-29 13:40:09','2026-03-29 13:40:12',10,NULL,NULL,1,NULL,339650,'2026-04-06T06:07:50.935Z','muijae','completed_ok',0,'direct');
INSERT INTO daily_orders VALUES(469,2,13,'2026-03-05',0,0,0,451200,NULL,0,NULL,NULL,'2026-03-29 13:40:13','2026-03-29 13:40:17',10,NULL,NULL,1,NULL,451200,'2026-04-06T06:07:50.935Z','muijae','completed_ok',0,'direct');
INSERT INTO daily_orders VALUES(470,2,13,'2026-03-07',0,0,0,685400,NULL,0,NULL,NULL,'2026-03-29 13:40:19','2026-03-29 13:40:22',10,NULL,NULL,1,NULL,685400,'2026-04-06T06:07:50.935Z','muijae','completed_ok',0,'direct');
INSERT INTO daily_orders VALUES(471,2,13,'2026-03-09',0,0,0,402200,NULL,0,NULL,NULL,'2026-03-29 13:40:23','2026-03-29 13:40:28',10,NULL,NULL,1,NULL,402200,'2026-04-06T06:07:50.935Z','muijae','completed_ok',0,'direct');
INSERT INTO daily_orders VALUES(472,2,13,'2026-03-11',0,0,0,280750,NULL,0,NULL,NULL,'2026-03-29 13:40:29','2026-03-29 13:40:31',10,NULL,NULL,1,NULL,280750,'2026-04-06T06:07:50.935Z','muijae','completed_ok',0,'direct');
INSERT INTO daily_orders VALUES(473,2,13,'2026-03-12',0,0,0,543686,NULL,0,NULL,NULL,'2026-03-29 13:40:32','2026-03-29 13:40:35',10,NULL,NULL,1,NULL,543686,'2026-04-06T06:07:50.935Z','muijae','completed_ok',0,'direct');
INSERT INTO daily_orders VALUES(474,2,13,'2026-03-13',0,0,0,297700,NULL,0,NULL,NULL,'2026-03-29 13:40:36','2026-03-29 13:40:39',10,NULL,NULL,1,NULL,297700,'2026-04-06T06:07:50.935Z','muijae','completed_ok',0,'direct');
INSERT INTO daily_orders VALUES(475,2,13,'2026-03-14',0,0,0,210872,NULL,0,NULL,NULL,'2026-03-29 13:40:41','2026-03-29 13:40:44',10,NULL,NULL,1,NULL,210872,'2026-04-06T06:07:50.935Z','muijae','completed_ok',0,'direct');
INSERT INTO daily_orders VALUES(476,2,13,'2026-03-16',0,0,0,450360,NULL,0,NULL,NULL,'2026-03-29 13:40:46','2026-03-29 13:40:48',10,NULL,NULL,1,NULL,450360,'2026-04-06T06:07:50.935Z','muijae','completed_ok',0,'direct');
INSERT INTO daily_orders VALUES(477,2,13,'2026-03-17',0,0,0,910880,NULL,0,NULL,NULL,'2026-03-29 13:40:49','2026-03-29 13:40:52',10,NULL,NULL,1,NULL,910880,'2026-04-06T06:07:50.935Z','muijae','completed_ok',0,'direct');
INSERT INTO daily_orders VALUES(478,2,13,'2026-03-18',0,0,0,137900,NULL,0,NULL,NULL,'2026-03-29 13:40:53','2026-03-29 13:40:57',10,NULL,NULL,1,NULL,137900,'2026-04-06T06:07:50.935Z','muijae','completed_ok',0,'direct');
INSERT INTO daily_orders VALUES(479,2,13,'2026-03-19',0,0,0,383900,NULL,0,NULL,NULL,'2026-03-29 13:40:58','2026-03-29 13:41:00',10,NULL,NULL,1,NULL,383900,'2026-04-06T06:07:50.935Z','muijae','completed_ok',0,'direct');
INSERT INTO daily_orders VALUES(480,2,13,'2026-03-20',0,0,0,87900,NULL,0,NULL,NULL,'2026-03-29 13:41:01','2026-03-29 13:41:07',10,NULL,NULL,1,NULL,87900,'2026-04-06T06:07:50.935Z','muijae','completed_ok',0,'direct');
INSERT INTO daily_orders VALUES(481,2,13,'2026-03-21',0,0,0,260430,NULL,0,NULL,NULL,'2026-03-29 13:41:08','2026-03-29 13:41:12',10,NULL,NULL,1,NULL,260430,'2026-04-06T06:07:50.935Z','muijae','completed_ok',0,'direct');
INSERT INTO daily_orders VALUES(482,2,13,'2026-03-23',0,0,0,653700,NULL,0,NULL,NULL,'2026-03-29 13:41:13','2026-03-29 13:41:15',10,NULL,NULL,1,NULL,653700,'2026-04-06T06:07:50.935Z','muijae','completed_ok',0,'direct');
INSERT INTO daily_orders VALUES(483,2,13,'2026-03-24',0,0,0,264980,NULL,0,NULL,NULL,'2026-03-29 13:41:18','2026-03-29 13:41:20',10,NULL,NULL,1,NULL,264980,'2026-04-06T06:07:50.935Z','muijae','completed_ok',0,'direct');
INSERT INTO daily_orders VALUES(484,2,13,'2026-03-25',0,0,0,117100,NULL,0,NULL,NULL,'2026-03-29 13:41:21','2026-03-29 13:41:24',10,NULL,NULL,1,NULL,117100,'2026-04-06T06:07:50.935Z','muijae','completed_ok',0,'direct');
INSERT INTO daily_orders VALUES(485,2,13,'2026-03-26',0,0,0,356180,NULL,0,NULL,NULL,'2026-03-29 13:41:26','2026-03-29 13:41:29',10,NULL,NULL,1,NULL,356180,'2026-04-06T06:07:50.935Z','muijae','completed_ok',0,'direct');
INSERT INTO daily_orders VALUES(486,2,13,'2026-03-27',0,0,0,247500,NULL,0,NULL,NULL,'2026-03-29 13:41:30','2026-03-29 13:41:33',10,NULL,NULL,1,NULL,247500,'2026-04-06T06:07:50.935Z','muijae','completed_ok',0,'direct');
INSERT INTO daily_orders VALUES(487,2,13,'2026-03-28',0,0,0,365755,NULL,0,NULL,NULL,'2026-03-29 13:41:34','2026-03-29 13:41:34',10,NULL,NULL,1,NULL,365755,'2026-04-06T06:07:50.935Z','muijae','completed_ok',0,'direct');
INSERT INTO daily_orders VALUES(488,2,14,'2026-03-05',0,0,0,232900,NULL,0,NULL,NULL,'2026-03-29 13:42:17','2026-03-29 13:42:24',10,NULL,NULL,1,NULL,232900,'2026-04-06T06:07:50.935Z','muijae','completed_ok',0,'direct');
INSERT INTO daily_orders VALUES(489,2,14,'2026-03-12',0,0,0,202000,NULL,0,NULL,NULL,'2026-03-29 13:42:25','2026-03-29 13:42:30',10,NULL,NULL,1,NULL,202000,'2026-04-06T06:07:50.935Z','muijae','completed_ok',0,'direct');
INSERT INTO daily_orders VALUES(490,2,14,'2026-03-19',0,0,0,185000,NULL,0,NULL,NULL,'2026-03-29 13:42:31','2026-03-29 13:42:36',10,NULL,NULL,1,NULL,185000,'2026-04-06T06:07:50.935Z','muijae','completed_ok',0,'direct');
INSERT INTO daily_orders VALUES(491,2,14,'2026-03-26',0,0,0,404000,NULL,0,NULL,NULL,'2026-03-29 13:42:38','2026-03-29 13:42:52',10,NULL,NULL,1,NULL,404000,'2026-04-06T06:07:50.935Z','muijae','completed_ok',0,'direct');
INSERT INTO daily_orders VALUES(492,2,15,'2026-03-04',0,0,0,130000,NULL,0,NULL,NULL,'2026-03-29 13:42:54','2026-03-29 13:42:58',10,NULL,NULL,1,NULL,130000,'2026-04-06T06:07:50.935Z','muijae','completed_ok',0,'direct');
INSERT INTO daily_orders VALUES(493,2,15,'2026-03-07',0,0,0,110000,NULL,0,NULL,NULL,'2026-03-29 13:42:59','2026-03-29 13:43:05',10,NULL,NULL,1,NULL,110000,'2026-04-06T06:07:50.935Z','muijae','completed_ok',0,'direct');
INSERT INTO daily_orders VALUES(494,2,15,'2026-03-10',0,0,0,144000,NULL,0,NULL,NULL,'2026-03-29 13:43:06','2026-03-29 13:43:10',10,NULL,NULL,1,NULL,144000,'2026-04-06T06:07:50.935Z','muijae','completed_ok',0,'direct');
INSERT INTO daily_orders VALUES(495,2,15,'2026-03-11',0,0,0,160000,NULL,0,NULL,NULL,'2026-03-29 13:43:12','2026-03-29 13:43:16',10,NULL,NULL,1,NULL,160000,'2026-04-06T06:07:50.935Z','muijae','completed_ok',0,'direct');
INSERT INTO daily_orders VALUES(496,2,15,'2026-03-14',0,0,0,156000,NULL,0,NULL,NULL,'2026-03-29 13:43:17','2026-03-29 13:43:20',10,NULL,NULL,1,NULL,156000,'2026-04-06T06:07:50.935Z','muijae','completed_ok',0,'direct');
INSERT INTO daily_orders VALUES(497,2,15,'2026-03-18',0,0,0,130000,NULL,0,NULL,NULL,'2026-03-29 13:43:22','2026-03-29 13:43:27',10,NULL,NULL,1,NULL,130000,'2026-04-06T06:07:50.935Z','muijae','completed_ok',0,'direct');
INSERT INTO daily_orders VALUES(498,2,15,'2026-03-21',0,0,0,160000,NULL,0,NULL,NULL,'2026-03-29 13:43:29','2026-03-29 13:43:33',10,NULL,NULL,1,NULL,160000,'2026-04-06T06:07:50.935Z','muijae','completed_ok',0,'direct');
INSERT INTO daily_orders VALUES(499,2,15,'2026-03-25',0,0,0,130000,NULL,0,NULL,NULL,'2026-03-29 13:43:34','2026-03-29 13:43:42',10,NULL,NULL,1,NULL,130000,'2026-04-06T06:07:50.935Z','muijae','completed_ok',0,'direct');
INSERT INTO daily_orders VALUES(500,2,15,'2026-03-28',0,0,0,130000,NULL,0,NULL,NULL,'2026-03-29 13:43:44','2026-03-29 13:43:44',10,NULL,NULL,1,NULL,130000,'2026-04-06T06:07:50.935Z','muijae','completed_ok',0,'direct');
INSERT INTO daily_orders VALUES(501,2,16,'2026-03-03',0,0,0,330000,NULL,0,NULL,NULL,'2026-03-29 13:44:37','2026-03-29 13:44:41',10,NULL,NULL,1,NULL,330000,'2026-04-06T06:07:50.935Z','muijae','completed_ok',0,'direct');
INSERT INTO daily_orders VALUES(502,2,16,'2026-03-06',0,0,0,330000,NULL,0,NULL,NULL,'2026-03-29 13:52:51','2026-03-29 13:52:58',10,NULL,NULL,1,NULL,330000,'2026-04-06T06:07:50.935Z','muijae','completed_ok',0,'direct');
INSERT INTO daily_orders VALUES(503,2,16,'2026-03-13',0,0,0,165000,NULL,0,NULL,NULL,'2026-03-29 13:53:00','2026-03-29 13:53:07',10,NULL,NULL,1,NULL,165000,'2026-04-06T06:07:50.935Z','muijae','completed_ok',0,'direct');
INSERT INTO daily_orders VALUES(504,2,16,'2026-03-25',0,0,0,165000,NULL,0,NULL,NULL,'2026-03-29 13:53:12','2026-03-29 13:53:25',10,NULL,NULL,1,NULL,165000,'2026-04-06T06:07:50.935Z','muijae','completed_ok',0,'direct');
INSERT INTO daily_orders VALUES(505,2,17,'2026-03-01',0,0,0,145000,NULL,0,NULL,NULL,'2026-03-29 13:55:10','2026-03-29 13:55:10',10,NULL,NULL,1,NULL,145000,'2026-04-06T06:07:50.935Z','muijae','completed_ok',0,'direct');
INSERT INTO daily_orders VALUES(506,1,26,'2026-03-02',0,0,0,1326927,NULL,0,NULL,NULL,'2026-03-30 05:21:17','2026-03-30 05:21:22',3,NULL,NULL,1,NULL,1326927,'2026-03-30T07:12:50.314Z','amina','completed_ok',0,'direct');
INSERT INTO daily_orders VALUES(507,1,26,'2026-03-21',0,0,0,2272408,NULL,0,NULL,NULL,'2026-03-30 05:23:26','2026-03-30 05:23:28',3,NULL,NULL,1,NULL,2272408,'2026-03-30T07:12:50.314Z','amina','completed_ok',0,'direct');
INSERT INTO daily_orders VALUES(508,1,27,'2026-03-21',0,0,0,69718,NULL,0,NULL,NULL,'2026-03-30 05:23:32','2026-03-30 05:23:39',3,NULL,NULL,1,NULL,69718,'2026-03-30T07:12:50.314Z','amina','completed_ok',0,'direct');
INSERT INTO daily_orders VALUES(509,1,29,'2026-03-21',0,0,0,577400,NULL,0,NULL,NULL,'2026-03-30 05:23:44','2026-03-30 05:23:46',3,NULL,NULL,1,NULL,577400,'2026-03-30T07:12:50.314Z','amina','completed_ok',0,'direct');
INSERT INTO daily_orders VALUES(510,1,30,'2026-03-21',0,0,0,126920,NULL,0,NULL,NULL,'2026-03-30 05:23:49','2026-03-30 05:26:41',3,NULL,NULL,1,NULL,126920,'2026-03-30T07:12:50.314Z','amina','completed_ok',0,'direct');
INSERT INTO daily_orders VALUES(513,1,26,'2026-03-23',0,0,0,1043735,NULL,0,NULL,NULL,'2026-03-30 05:27:34','2026-04-01 16:41:45',3,NULL,NULL,1,NULL,1043735,'2026-03-30T07:12:50.314Z','amina','completed_ok',0,'direct');
INSERT INTO daily_orders VALUES(514,1,29,'2026-03-23',0,0,0,376950,NULL,0,NULL,NULL,'2026-03-30 05:27:46','2026-03-30 05:27:49',3,NULL,NULL,1,NULL,376950,'2026-03-30T07:12:50.314Z','amina','completed_ok',0,'direct');
INSERT INTO daily_orders VALUES(515,1,30,'2026-03-23',0,0,0,639750,NULL,0,NULL,NULL,'2026-03-30 05:27:52','2026-03-30 05:28:03',3,NULL,NULL,1,NULL,639750,'2026-03-30T07:12:50.314Z','amina','completed_ok',0,'direct');
INSERT INTO daily_orders VALUES(516,1,32,'2026-03-23',0,0,0,627830,NULL,0,NULL,NULL,'2026-03-30 05:28:23','2026-03-30 05:28:23',NULL,NULL,NULL,1,NULL,627830,'2026-03-30T07:12:50.314Z','amina','completed_ok',0,'direct');
INSERT INTO daily_orders VALUES(517,1,33,'2026-03-23',0,0,0,67390,NULL,0,NULL,NULL,'2026-03-30 05:28:36','2026-03-30 05:29:11',NULL,NULL,NULL,1,NULL,67390,'2026-03-30T07:12:50.314Z','amina','completed_ok',0,'direct');
INSERT INTO daily_orders VALUES(518,1,26,'2026-03-24',0,0,0,1394221,NULL,0,NULL,NULL,'2026-03-30 05:29:41','2026-04-01 16:41:57',3,NULL,NULL,1,NULL,1394221,'2026-03-30T07:12:50.314Z','amina','completed_ok',0,'direct');
INSERT INTO daily_orders VALUES(519,1,27,'2026-03-24',0,0,0,74547,NULL,0,NULL,NULL,'2026-03-30 05:29:46','2026-03-30 05:29:48',3,NULL,NULL,1,NULL,74547,'2026-03-30T07:12:50.314Z','amina','completed_ok',0,'direct');
INSERT INTO daily_orders VALUES(520,1,28,'2026-03-24',0,0,0,883000,NULL,0,NULL,NULL,'2026-03-30 05:29:50','2026-03-30 05:29:52',3,NULL,NULL,1,NULL,883000,'2026-03-30T07:12:50.314Z','amina','completed_ok',0,'direct');
INSERT INTO daily_orders VALUES(521,1,29,'2026-03-24',0,0,0,423900,NULL,0,NULL,NULL,'2026-03-30 05:29:54','2026-03-30 05:29:58',3,NULL,NULL,1,NULL,423900,'2026-03-30T07:12:50.314Z','amina','completed_ok',0,'direct');
INSERT INTO daily_orders VALUES(522,1,30,'2026-03-24',0,0,0,245710,NULL,0,NULL,NULL,'2026-03-30 05:30:01','2026-03-30 05:30:06',3,NULL,NULL,1,NULL,245710,'2026-03-30T07:12:50.314Z','amina','completed_ok',0,'direct');
INSERT INTO daily_orders VALUES(523,1,33,'2026-03-24',0,0,0,30770,NULL,0,NULL,NULL,'2026-03-30 05:30:12','2026-03-30 05:30:12',NULL,NULL,NULL,1,NULL,30770,'2026-03-30T07:12:50.314Z','amina','completed_ok',0,'direct');
INSERT INTO daily_orders VALUES(524,1,26,'2026-03-25',0,0,0,840221,NULL,0,NULL,NULL,'2026-03-30 05:30:42','2026-04-01 16:42:13',3,NULL,NULL,1,NULL,840221,'2026-03-30T07:12:50.314Z','amina','completed_ok',0,'direct');
INSERT INTO daily_orders VALUES(525,1,29,'2026-03-25',0,0,0,438600,NULL,0,NULL,NULL,'2026-03-30 05:30:50','2026-03-30 05:30:59',3,NULL,NULL,1,NULL,438600,'2026-03-30T07:12:50.314Z','amina','completed_ok',0,'direct');
INSERT INTO daily_orders VALUES(526,1,32,'2026-03-25',0,0,0,164180,NULL,0,NULL,NULL,'2026-03-30 05:31:06','2026-03-30 05:31:06',NULL,NULL,NULL,1,NULL,164180,'2026-03-30T07:12:50.314Z','amina','completed_ok',0,'direct');
INSERT INTO daily_orders VALUES(527,1,31,'2026-03-25',0,0,0,266500,NULL,0,NULL,NULL,'2026-03-30 05:31:20','2026-03-30 05:37:39',3,NULL,NULL,1,NULL,266500,'2026-03-30T07:12:50.314Z','amina','completed_ok',0,'direct');
INSERT INTO daily_orders VALUES(528,1,26,'2026-03-26',0,0,0,1309611,NULL,0,NULL,NULL,'2026-03-30 05:38:13','2026-04-01 16:42:45',3,NULL,NULL,1,NULL,1309611,'2026-03-30T07:12:50.314Z','amina','completed_ok',0,'direct');
INSERT INTO daily_orders VALUES(529,1,27,'2026-03-26',0,0,0,16148,NULL,0,NULL,NULL,'2026-03-30 05:38:17','2026-03-30 05:38:21',3,NULL,NULL,1,NULL,16148,'2026-03-30T07:12:50.314Z','amina','completed_ok',0,'direct');
INSERT INTO daily_orders VALUES(530,1,29,'2026-03-26',0,0,0,450650,NULL,0,NULL,NULL,'2026-03-30 05:38:23','2026-03-30 05:38:24',3,NULL,NULL,1,NULL,450650,'2026-03-30T07:12:50.314Z','amina','completed_ok',0,'direct');
INSERT INTO daily_orders VALUES(531,1,30,'2026-03-26',0,0,0,254250,NULL,0,NULL,NULL,'2026-03-30 05:38:26','2026-03-30 05:38:35',3,NULL,NULL,1,NULL,254250,'2026-03-30T07:12:50.314Z','amina','completed_ok',0,'direct');
INSERT INTO daily_orders VALUES(532,1,32,'2026-03-26',0,0,0,249800,NULL,0,NULL,NULL,'2026-03-30 05:38:42','2026-03-30 05:38:42',NULL,NULL,NULL,1,NULL,249800,'2026-03-30T07:12:50.314Z','amina','completed_ok',0,'direct');
INSERT INTO daily_orders VALUES(533,1,31,'2026-03-26',0,0,0,496000,NULL,0,NULL,NULL,'2026-03-30 05:39:02','2026-03-30 05:39:12',3,NULL,NULL,1,NULL,496000,'2026-03-30T07:12:50.314Z','amina','completed_ok',0,'direct');
INSERT INTO daily_orders VALUES(534,1,33,'2026-03-26',0,0,0,13000,NULL,0,NULL,NULL,'2026-03-30 05:39:18','2026-03-30 05:39:18',NULL,NULL,NULL,1,NULL,13000,'2026-03-30T07:12:50.314Z','amina','completed_ok',0,'direct');
INSERT INTO daily_orders VALUES(535,1,26,'2026-03-27',0,0,0,1166083,NULL,0,NULL,NULL,'2026-03-30 05:39:41','2026-04-01 16:43:04',3,NULL,NULL,1,NULL,1166083,'2026-03-30T07:12:50.314Z','amina','completed_ok',0,'direct');
INSERT INTO daily_orders VALUES(536,1,27,'2026-03-27',0,0,0,4939,NULL,0,NULL,NULL,'2026-03-30 05:39:45','2026-03-30 05:39:48',3,NULL,NULL,1,NULL,4939,'2026-03-30T07:12:50.314Z','amina','completed_ok',0,'direct');
INSERT INTO daily_orders VALUES(537,1,29,'2026-03-27',0,0,0,380350,NULL,0,NULL,NULL,'2026-03-30 05:39:51','2026-03-30 05:39:54',3,NULL,NULL,1,NULL,380350,'2026-03-30T07:12:50.314Z','amina','completed_ok',0,'direct');
INSERT INTO daily_orders VALUES(538,1,30,'2026-03-27',0,0,0,119050,NULL,0,NULL,NULL,'2026-03-30 05:39:56','2026-03-30 05:39:58',3,NULL,NULL,1,NULL,119050,'2026-03-30T07:12:50.314Z','amina','completed_ok',0,'direct');
INSERT INTO daily_orders VALUES(539,1,32,'2026-03-27',0,0,0,456390,NULL,0,NULL,NULL,'2026-03-30 05:40:04','2026-03-30 05:40:04',NULL,NULL,NULL,1,NULL,456390,'2026-03-30T07:12:50.314Z','amina','completed_ok',0,'direct');
INSERT INTO daily_orders VALUES(540,1,33,'2026-03-27',0,0,0,38600,NULL,0,NULL,NULL,'2026-03-30 05:40:18','2026-03-30 05:40:18',NULL,NULL,NULL,1,NULL,38600,'2026-03-30T07:12:50.314Z','amina','completed_ok',0,'direct');
INSERT INTO daily_orders VALUES(541,1,26,'2026-03-28',0,0,0,1745328,NULL,0,NULL,NULL,'2026-03-30 05:41:06','2026-03-30 05:41:13',3,NULL,NULL,1,NULL,1745328,'2026-03-30T07:12:50.314Z','amina','completed_ok',0,'direct');
INSERT INTO daily_orders VALUES(542,1,29,'2026-03-28',0,0,0,400800,NULL,0,NULL,NULL,'2026-03-30 05:41:15','2026-03-30 05:41:17',3,NULL,NULL,1,NULL,400800,'2026-03-30T07:12:50.314Z','amina','completed_ok',0,'direct');
INSERT INTO daily_orders VALUES(543,1,30,'2026-03-28',0,0,0,327000,NULL,0,NULL,NULL,'2026-03-30 05:41:20','2026-03-30 05:41:40',3,NULL,NULL,1,NULL,327000,'2026-03-30T07:12:50.314Z','amina','completed_ok',0,'direct');
INSERT INTO daily_orders VALUES(544,1,26,'2026-03-30',0,0,0,1419669,NULL,0,NULL,NULL,'2026-03-30 05:41:43','2026-04-01 16:43:19',3,NULL,NULL,1,NULL,1419669,'2026-03-30T07:12:50.314Z','amina','completed_ok',0,'direct');
INSERT INTO daily_orders VALUES(545,1,27,'2026-03-30',0,0,0,91740,NULL,0,NULL,NULL,'2026-03-30 05:41:46','2026-03-30 05:41:50',3,NULL,NULL,1,NULL,91740,'2026-03-30T07:12:50.314Z','amina','completed_ok',0,'direct');
INSERT INTO daily_orders VALUES(546,1,29,'2026-03-30',0,0,0,246050,NULL,0,NULL,NULL,'2026-03-30 05:41:52','2026-03-30 05:41:53',3,NULL,NULL,1,NULL,246050,'2026-03-30T07:12:50.314Z','amina','completed_ok',0,'direct');
INSERT INTO daily_orders VALUES(547,1,30,'2026-03-30',0,0,0,195400,NULL,0,NULL,NULL,'2026-03-30 05:41:57','2026-03-30 05:42:08',3,NULL,NULL,1,NULL,195400,'2026-03-30T07:12:50.314Z','amina','completed_ok',0,'direct');
INSERT INTO daily_orders VALUES(548,1,26,'2026-03-31',0,0,0,1207896,NULL,0,NULL,NULL,'2026-04-01 16:31:01','2026-04-01 16:31:12',3,NULL,NULL,0,NULL,0,NULL,NULL,'pending',0,'direct');
INSERT INTO daily_orders VALUES(549,1,28,'2026-03-31',0,0,0,1079000,NULL,0,NULL,NULL,'2026-04-01 16:31:14','2026-04-01 16:31:22',3,NULL,NULL,0,NULL,0,NULL,NULL,'pending',0,'direct');
INSERT INTO daily_orders VALUES(550,1,29,'2026-03-31',0,0,0,257190,NULL,0,NULL,NULL,'2026-04-01 16:31:26','2026-04-01 16:31:53',3,NULL,NULL,0,NULL,0,NULL,NULL,'pending',0,'direct');
INSERT INTO daily_orders VALUES(553,1,32,'2026-03-30',0,0,0,386210,NULL,0,NULL,NULL,'2026-04-01 16:43:45','2026-04-01 16:43:45',NULL,NULL,NULL,0,NULL,0,NULL,NULL,'pending',0,'direct');
INSERT INTO daily_orders VALUES(554,1,33,'2026-03-30',0,0,0,15440,NULL,0,NULL,NULL,'2026-04-01 16:44:12','2026-04-01 16:44:12',NULL,NULL,NULL,0,NULL,0,NULL,NULL,'pending',0,'direct');
INSERT INTO daily_orders VALUES(555,3,20,'2026-03-02',143928,155325,14393,313646,NULL,0,NULL,NULL,'2026-04-03 06:18:42','2026-04-09 09:06:23',1,NULL,NULL,0,NULL,0,NULL,NULL,'pending',0,'direct');
INSERT INTO daily_orders VALUES(556,3,22,'2026-03-02',0,0,0,335440,NULL,0,NULL,NULL,'2026-04-03 06:18:59','2026-04-03 06:19:03',1,NULL,NULL,0,NULL,0,NULL,NULL,'pending',0,'direct');
INSERT INTO daily_orders VALUES(557,3,20,'2026-03-02',335832,362424,33583,731839,NULL,0,NULL,NULL,'2026-04-03 06:20:11','2026-04-08 04:35:00',2,NULL,NULL,0,NULL,0,NULL,NULL,'pending',0,'direct');
INSERT INTO daily_orders VALUES(558,3,22,'2026-03-02',0,0,0,782710,NULL,0,NULL,NULL,'2026-04-03 06:20:37','2026-04-03 06:20:37',2,NULL,NULL,0,NULL,0,NULL,NULL,'pending',0,'direct');
INSERT INTO daily_orders VALUES(559,3,20,'2026-03-03',33972,538901,3397,576270,NULL,0,NULL,NULL,'2026-04-03 06:20:53','2026-04-09 09:06:26',1,NULL,NULL,0,NULL,0,NULL,NULL,'pending',0,'direct');
INSERT INTO daily_orders VALUES(560,3,21,'2026-03-03',0,0,0,263500,NULL,0,NULL,NULL,'2026-04-03 06:21:11','2026-04-03 06:21:11',1,NULL,NULL,0,NULL,0,NULL,NULL,'pending',0,'direct');
INSERT INTO daily_orders VALUES(561,3,22,'2026-03-03',0,0,0,79875,NULL,0,NULL,NULL,'2026-04-03 06:21:20','2026-04-03 06:21:20',1,NULL,NULL,0,NULL,0,NULL,NULL,'pending',0,'direct');
INSERT INTO daily_orders VALUES(562,3,20,'2026-03-03',79268,1257435,7927,1344630,NULL,0,NULL,NULL,'2026-04-03 06:21:32','2026-04-08 02:39:04',2,NULL,NULL,0,NULL,0,NULL,NULL,'pending',0,'direct');
INSERT INTO daily_orders VALUES(563,3,20,'2026-03-04',83241,200392,8324,291957,NULL,0,NULL,NULL,'2026-04-03 06:21:56','2026-04-09 09:06:28',1,NULL,NULL,0,NULL,0,NULL,NULL,'pending',0,'direct');
INSERT INTO daily_orders VALUES(564,3,22,'2026-03-04',0,0,0,203625,NULL,0,NULL,NULL,'2026-04-03 06:22:16','2026-04-03 06:22:16',1,NULL,NULL,0,NULL,0,NULL,NULL,'pending',0,'direct');
INSERT INTO daily_orders VALUES(565,3,22,'2026-03-03',0,0,0,186375,NULL,0,NULL,NULL,'2026-04-03 06:22:31','2026-04-03 06:22:31',2,NULL,NULL,0,NULL,0,NULL,NULL,'pending',0,'direct');
INSERT INTO daily_orders VALUES(566,3,20,'2026-03-04',194229,467580,19423,681232,NULL,0,NULL,NULL,'2026-04-03 06:22:46','2026-04-08 02:39:48',2,NULL,NULL,0,NULL,0,NULL,NULL,'pending',0,'direct');
INSERT INTO daily_orders VALUES(567,3,20,'2026-03-05',119538,297507,11954,428999,NULL,0,NULL,NULL,'2026-04-03 06:23:14','2026-04-09 09:06:30',1,NULL,NULL,0,NULL,0,NULL,NULL,'pending',0,'direct');
INSERT INTO daily_orders VALUES(568,3,22,'2026-03-05',0,0,0,331140,NULL,0,NULL,NULL,'2026-04-03 06:23:46','2026-04-03 06:23:46',1,NULL,NULL,0,NULL,0,NULL,NULL,'pending',0,'direct');
INSERT INTO daily_orders VALUES(569,3,20,'2026-03-05',278922,694184,27892,1000998,NULL,0,NULL,NULL,'2026-04-03 06:23:51','2026-04-08 04:33:31',2,NULL,NULL,0,NULL,0,NULL,NULL,'pending',0,'direct');
INSERT INTO daily_orders VALUES(570,3,22,'2026-03-05',0,0,0,772660,NULL,0,NULL,NULL,'2026-04-03 06:24:06','2026-04-03 06:24:09',2,NULL,NULL,0,NULL,0,NULL,NULL,'pending',0,'direct');
INSERT INTO daily_orders VALUES(571,3,23,'2026-03-05',0,0,0,1483680,NULL,0,NULL,NULL,'2026-04-03 06:24:17','2026-04-03 06:24:17',2,NULL,NULL,0,NULL,0,NULL,NULL,'pending',0,'direct');
INSERT INTO daily_orders VALUES(572,3,24,'2026-03-05',0,0,0,462000,NULL,0,NULL,NULL,'2026-04-03 06:24:28','2026-04-03 06:24:28',2,NULL,NULL,0,NULL,0,NULL,NULL,'pending',0,'direct');
INSERT INTO daily_orders VALUES(573,3,20,'2026-03-06',56532,206818,5653,269003,NULL,0,NULL,NULL,'2026-04-03 06:24:47','2026-04-09 09:06:34',1,NULL,NULL,0,NULL,0,NULL,NULL,'pending',0,'direct');
INSERT INTO daily_orders VALUES(574,3,21,'2026-03-06',0,0,0,692500,NULL,0,NULL,NULL,'2026-04-03 06:25:09','2026-04-03 06:25:09',1,NULL,NULL,0,NULL,0,NULL,NULL,'pending',0,'direct');
INSERT INTO daily_orders VALUES(575,3,22,'2026-03-06',0,0,0,140325,NULL,0,NULL,NULL,'2026-04-03 06:25:28','2026-04-03 06:25:28',1,NULL,NULL,0,NULL,0,NULL,NULL,'pending',0,'direct');
INSERT INTO daily_orders VALUES(576,3,20,'2026-03-06',131908,482576,13191,627675,NULL,0,NULL,NULL,'2026-04-03 06:25:38','2026-04-08 04:35:20',2,NULL,NULL,0,NULL,0,NULL,NULL,'pending',0,'direct');
INSERT INTO daily_orders VALUES(578,3,20,'2026-03-07',195639,227621,19564,442824,NULL,0,NULL,NULL,'2026-04-03 06:29:25','2026-04-09 09:06:36',1,NULL,NULL,0,NULL,0,NULL,NULL,'pending',0,'direct');
INSERT INTO daily_orders VALUES(579,3,22,'2026-03-06',0,0,0,327452,NULL,0,NULL,NULL,'2026-04-03 06:29:58','2026-04-03 06:29:58',2,NULL,NULL,0,NULL,0,NULL,NULL,'pending',0,'direct');
INSERT INTO daily_orders VALUES(580,3,25,'2026-03-06',0,0,0,339900,NULL,0,NULL,NULL,'2026-04-03 06:30:33','2026-04-03 06:30:40',2,NULL,NULL,0,NULL,0,NULL,NULL,'pending',0,'direct');
INSERT INTO daily_orders VALUES(581,3,22,'2026-03-07',0,0,0,612027,NULL,0,NULL,NULL,'2026-04-03 06:31:11','2026-04-03 06:31:11',1,NULL,NULL,0,NULL,0,NULL,NULL,'pending',0,'direct');
INSERT INTO daily_orders VALUES(582,3,20,'2026-03-07',456491,531114,45649,1033254,NULL,0,NULL,NULL,'2026-04-03 06:31:17','2026-04-08 04:33:42',2,NULL,NULL,0,NULL,0,NULL,NULL,'pending',0,'direct');
INSERT INTO daily_orders VALUES(583,3,20,'2026-03-09',217047,168059,21705,406811,NULL,0,NULL,NULL,'2026-04-03 06:31:47','2026-04-09 09:06:40',1,NULL,NULL,0,NULL,0,NULL,NULL,'pending',0,'direct');
INSERT INTO daily_orders VALUES(584,3,20,'2026-03-09',506443,392138,50644,949225,NULL,0,NULL,NULL,'2026-04-03 06:32:11','2026-04-08 04:10:04',2,NULL,NULL,0,NULL,0,NULL,NULL,'pending',0,'direct');
INSERT INTO daily_orders VALUES(586,3,22,'2026-03-10',0,0,0,301518,NULL,0,NULL,NULL,'2026-04-03 06:33:04','2026-04-03 07:21:20',1,NULL,NULL,0,NULL,0,NULL,NULL,'pending',0,'direct');
INSERT INTO daily_orders VALUES(587,3,22,'2026-03-10',0,0,0,703542,NULL,0,NULL,NULL,'2026-04-03 06:33:25','2026-04-03 06:33:25',2,NULL,NULL,0,NULL,0,NULL,NULL,'pending',0,'direct');
INSERT INTO daily_orders VALUES(588,3,20,'2026-03-11',56469,200189,5647,262305,NULL,0,NULL,NULL,'2026-04-03 06:33:33','2026-04-09 09:06:46',1,NULL,NULL,0,NULL,0,NULL,NULL,'pending',0,'direct');
INSERT INTO daily_orders VALUES(589,3,22,'2026-03-11',0,0,0,237750,NULL,0,NULL,NULL,'2026-04-03 06:33:45','2026-04-03 07:21:32',1,NULL,NULL,0,NULL,0,NULL,NULL,'pending',0,'direct');
INSERT INTO daily_orders VALUES(590,3,20,'2026-03-11',131761,467106,13176,612043,NULL,0,NULL,NULL,'2026-04-03 06:33:55','2026-04-09 08:32:02',2,NULL,NULL,0,NULL,0,NULL,NULL,'pending',0,'direct');
INSERT INTO daily_orders VALUES(591,3,22,'2026-03-11',0,0,0,554750,NULL,0,NULL,NULL,'2026-04-03 06:34:08','2026-04-03 06:34:08',2,NULL,NULL,0,NULL,0,NULL,NULL,'pending',0,'direct');
INSERT INTO daily_orders VALUES(592,3,22,'2026-03-12',0,0,0,217950,NULL,0,NULL,NULL,'2026-04-03 06:34:36','2026-04-03 07:21:46',1,NULL,NULL,0,NULL,0,NULL,NULL,'pending',0,'direct');
INSERT INTO daily_orders VALUES(593,3,20,'2026-03-12',138467,523109,13847,675423,NULL,0,NULL,NULL,'2026-04-03 06:34:45','2026-04-07 16:08:12',2,NULL,NULL,0,NULL,0,NULL,NULL,'pending',0,'direct');
INSERT INTO daily_orders VALUES(594,3,22,'2026-03-12',0,0,0,508550,NULL,0,NULL,NULL,'2026-04-03 06:34:57','2026-04-03 06:34:57',2,NULL,NULL,0,NULL,0,NULL,NULL,'pending',0,'direct');
INSERT INTO daily_orders VALUES(595,3,20,'2026-03-13',155715,196344,15572,367631,NULL,0,NULL,NULL,'2026-04-03 06:35:06','2026-04-09 09:06:49',1,NULL,NULL,0,NULL,0,NULL,NULL,'pending',0,'direct');
INSERT INTO daily_orders VALUES(596,3,22,'2026-03-13',0,0,0,229005,NULL,0,NULL,NULL,'2026-04-03 06:35:16','2026-04-03 06:35:16',1,NULL,NULL,0,NULL,0,NULL,NULL,'pending',0,'direct');
INSERT INTO daily_orders VALUES(597,3,20,'2026-03-13',363335,458136,36334,857805,NULL,0,NULL,NULL,'2026-04-03 06:35:24','2026-04-08 03:47:52',2,NULL,NULL,0,NULL,0,NULL,NULL,'pending',0,'direct');
INSERT INTO daily_orders VALUES(598,3,22,'2026-03-13',0,0,0,534345,NULL,0,NULL,NULL,'2026-04-03 06:35:37','2026-04-03 06:36:27',2,NULL,NULL,0,NULL,0,NULL,NULL,'pending',0,'direct');
INSERT INTO daily_orders VALUES(599,3,20,'2026-03-14',135992,403665,13599,553256,NULL,0,NULL,NULL,'2026-04-03 06:37:12','2026-04-09 09:06:53',1,NULL,NULL,0,NULL,0,NULL,NULL,'pending',0,'direct');
INSERT INTO daily_orders VALUES(600,3,22,'2026-03-14',0,0,0,440055,NULL,0,NULL,NULL,'2026-04-03 06:37:29','2026-04-03 06:37:29',1,NULL,NULL,0,NULL,0,NULL,NULL,'pending',0,'direct');
INSERT INTO daily_orders VALUES(601,3,20,'2026-03-14',317313,941884,31731,1290928,NULL,0,NULL,NULL,'2026-04-03 06:37:35','2026-04-08 03:47:12',2,NULL,NULL,0,NULL,0,NULL,NULL,'pending',0,'direct');
INSERT INTO daily_orders VALUES(602,3,22,'2026-03-14',0,0,0,1027495,NULL,0,NULL,NULL,'2026-04-03 06:37:51','2026-04-03 06:37:51',2,NULL,NULL,0,NULL,0,NULL,NULL,'pending',0,'direct');
INSERT INTO daily_orders VALUES(603,3,22,'2026-03-16',0,0,0,257220,NULL,0,NULL,NULL,'2026-04-03 06:38:23','2026-04-03 06:38:23',1,NULL,NULL,0,NULL,0,NULL,NULL,'pending',0,'direct');
INSERT INTO daily_orders VALUES(604,3,22,'2026-03-16',0,0,0,600180,NULL,0,NULL,NULL,'2026-04-03 06:38:40','2026-04-03 06:38:40',2,NULL,NULL,0,NULL,0,NULL,NULL,'pending',0,'direct');
INSERT INTO daily_orders VALUES(605,3,20,'2026-03-17',85017,205865,8502,299384,NULL,0,NULL,NULL,'2026-04-03 06:38:47','2026-04-09 09:06:57',1,NULL,NULL,0,NULL,0,NULL,NULL,'pending',0,'direct');
INSERT INTO daily_orders VALUES(606,3,22,'2026-03-17',0,0,0,270600,NULL,0,NULL,NULL,'2026-04-03 06:39:07','2026-04-03 07:22:01',1,NULL,NULL,0,NULL,0,NULL,NULL,'pending',0,'direct');
INSERT INTO daily_orders VALUES(607,3,20,'2026-03-17',198373,480353,19837,698563,NULL,0,NULL,NULL,'2026-04-03 06:39:14','2026-04-09 09:02:04',2,NULL,NULL,0,NULL,0,NULL,NULL,'pending',0,'direct');
INSERT INTO daily_orders VALUES(608,2,11,'2026-03-30',343790,601800,34379,979969,NULL,0,NULL,NULL,'2026-04-03 06:39:49','2026-04-03 06:40:03',10,NULL,NULL,1,NULL,979969,'2026-04-06T06:07:50.935Z','muijae','completed_ok',0,'direct');
INSERT INTO daily_orders VALUES(609,3,20,'2026-03-18',129471,213184,12947,355602,NULL,0,NULL,NULL,'2026-04-03 06:39:51','2026-04-09 09:06:59',1,NULL,NULL,0,NULL,0,NULL,NULL,'pending',0,'direct');
INSERT INTO daily_orders VALUES(610,2,12,'2026-03-30',332890,1138530,33289,1504709,NULL,0,NULL,NULL,'2026-04-03 06:40:05','2026-04-03 06:40:14',10,NULL,NULL,1,NULL,1504709,'2026-04-06T06:07:50.935Z','muijae','completed_ok',0,'direct');
INSERT INTO daily_orders VALUES(611,3,20,'2026-03-18',302099,497429,30210,829738,NULL,0,NULL,NULL,'2026-04-03 06:40:11','2026-04-08 01:26:14',2,NULL,NULL,0,NULL,0,NULL,NULL,'pending',0,'direct');
INSERT INTO daily_orders VALUES(612,2,13,'2026-03-30',0,0,0,501150,NULL,0,NULL,NULL,'2026-04-03 06:40:16','2026-04-03 06:40:18',10,NULL,NULL,1,NULL,501150,'2026-04-06T06:07:50.935Z','muijae','completed_ok',0,'direct');
INSERT INTO daily_orders VALUES(613,2,14,'2026-03-30',0,0,0,404000,NULL,0,NULL,NULL,'2026-04-03 06:40:22','2026-04-03 06:40:33',10,NULL,NULL,1,NULL,404000,'2026-04-06T06:07:50.935Z','muijae','completed_ok',0,'direct');
INSERT INTO daily_orders VALUES(614,3,22,'2026-03-18',0,0,0,644630,NULL,0,NULL,NULL,'2026-04-03 06:40:25','2026-04-03 06:40:25',2,NULL,NULL,0,NULL,0,NULL,NULL,'pending',0,'direct');
INSERT INTO daily_orders VALUES(615,3,20,'2026-03-19',171479,237595,17148,426222,NULL,0,NULL,NULL,'2026-04-03 06:40:35','2026-04-09 09:07:02',1,NULL,NULL,0,NULL,0,NULL,NULL,'pending',0,'direct');
INSERT INTO daily_orders VALUES(616,2,11,'2026-03-31',592200,1207552,59220,1858972,NULL,0,NULL,NULL,'2026-04-03 06:40:45','2026-04-03 06:40:52',10,NULL,NULL,1,NULL,1858972,'2026-04-06T06:07:47.980Z','muijae','pending',0,'direct');
INSERT INTO daily_orders VALUES(617,3,22,'2026-03-19',0,0,0,213750,NULL,0,NULL,NULL,'2026-04-03 06:40:48','2026-04-03 06:40:48',1,NULL,NULL,0,NULL,0,NULL,NULL,'pending',0,'direct');
INSERT INTO daily_orders VALUES(618,2,12,'2026-03-31',616480,1636375,61648,2314503,NULL,0,NULL,NULL,'2026-04-03 06:40:54','2026-04-03 06:41:05',10,NULL,NULL,1,NULL,2314503,'2026-04-06T06:07:49.202Z','muijae','pending',0,'direct');
INSERT INTO daily_orders VALUES(619,3,20,'2026-03-19',400116,554389,40012,994517,NULL,0,NULL,NULL,'2026-04-03 06:40:59','2026-04-08 01:25:52',2,NULL,NULL,0,NULL,0,NULL,NULL,'pending',0,'direct');
INSERT INTO daily_orders VALUES(620,2,13,'2026-03-31',0,0,0,607188,NULL,0,NULL,NULL,'2026-04-03 06:41:09','2026-04-03 06:43:11',10,NULL,NULL,1,NULL,607188,'2026-04-06T06:07:50.935Z','muijae','completed_ok',0,'direct');
INSERT INTO daily_orders VALUES(621,3,22,'2026-03-19',0,0,0,498750,NULL,0,NULL,NULL,'2026-04-03 06:41:14','2026-04-03 06:41:14',2,NULL,NULL,0,NULL,0,NULL,NULL,'pending',0,'direct');
INSERT INTO daily_orders VALUES(622,3,20,'2026-03-20',106269,174701,10627,291597,NULL,0,NULL,NULL,'2026-04-03 06:41:25','2026-04-09 09:07:04',1,NULL,NULL,0,NULL,0,NULL,NULL,'pending',0,'direct');
INSERT INTO daily_orders VALUES(623,3,22,'2026-03-20',0,0,0,163275,NULL,0,NULL,NULL,'2026-04-03 06:41:38','2026-04-03 06:41:38',1,NULL,NULL,0,NULL,0,NULL,NULL,'pending',0,'direct');
INSERT INTO daily_orders VALUES(624,3,20,'2026-03-20',247961,407637,24796,680394,NULL,0,NULL,NULL,'2026-04-03 06:41:44','2026-04-08 01:24:55',2,NULL,NULL,0,NULL,0,NULL,NULL,'pending',0,'direct');
INSERT INTO daily_orders VALUES(625,3,22,'2026-03-20',0,0,0,380975,NULL,0,NULL,NULL,'2026-04-03 06:41:57','2026-04-03 06:41:57',2,NULL,NULL,0,NULL,0,NULL,NULL,'pending',0,'direct');
INSERT INTO daily_orders VALUES(626,3,20,'2026-03-21',113572,547871,11357,672800,NULL,0,NULL,NULL,'2026-04-03 06:42:12','2026-04-09 09:07:06',1,NULL,NULL,0,NULL,0,NULL,NULL,'pending',0,'direct');
INSERT INTO daily_orders VALUES(627,3,22,'2026-03-21',0,0,0,447075,NULL,0,NULL,NULL,'2026-04-03 06:42:24','2026-04-03 06:42:24',1,NULL,NULL,0,NULL,0,NULL,NULL,'pending',0,'direct');
INSERT INTO daily_orders VALUES(628,3,20,'2026-03-23',145431,167533,14543,327507,NULL,0,NULL,NULL,'2026-04-03 06:42:41','2026-04-09 09:07:08',1,NULL,NULL,0,NULL,0,NULL,NULL,'pending',0,'direct');
INSERT INTO daily_orders VALUES(629,3,22,'2026-03-23',0,0,0,259350,NULL,0,NULL,NULL,'2026-04-03 06:42:52','2026-04-03 06:42:52',1,NULL,NULL,0,NULL,0,NULL,NULL,'pending',0,'direct');
INSERT INTO daily_orders VALUES(630,3,20,'2026-03-23',339339,390909,33934,764182,NULL,0,NULL,NULL,'2026-04-03 06:42:57','2026-04-08 01:24:18',2,NULL,NULL,0,NULL,0,NULL,NULL,'pending',0,'direct');
INSERT INTO daily_orders VALUES(631,3,22,'2026-03-23',0,0,0,605150,NULL,0,NULL,NULL,'2026-04-03 06:43:08','2026-04-03 06:43:08',2,NULL,NULL,0,NULL,0,NULL,NULL,'pending',0,'direct');
INSERT INTO daily_orders VALUES(632,3,20,'2026-03-24',93738,260405,9374,363517,NULL,0,NULL,NULL,'2026-04-03 06:43:29','2026-04-09 09:07:10',1,NULL,NULL,0,NULL,0,NULL,NULL,'pending',0,'direct');
INSERT INTO daily_orders VALUES(633,3,22,'2026-03-24',0,0,0,224775,NULL,0,NULL,NULL,'2026-04-03 06:43:39','2026-04-03 06:43:39',1,NULL,NULL,0,NULL,0,NULL,NULL,'pending',0,'direct');
INSERT INTO daily_orders VALUES(634,3,20,'2026-03-24',218722,607613,21872,848207,NULL,0,NULL,NULL,'2026-04-03 06:43:44','2026-04-08 01:22:32',2,NULL,NULL,0,NULL,0,NULL,NULL,'pending',0,'direct');
INSERT INTO daily_orders VALUES(635,3,22,'2026-03-24',0,0,0,524475,NULL,0,NULL,NULL,'2026-04-03 06:43:56','2026-04-03 06:43:56',2,NULL,NULL,0,NULL,0,NULL,NULL,'pending',0,'direct');
INSERT INTO daily_orders VALUES(636,3,20,'2026-03-25',82221,240807,8222,331250,NULL,0,NULL,NULL,'2026-04-03 06:44:06','2026-04-09 09:07:14',1,NULL,NULL,0,NULL,0,NULL,NULL,'pending',0,'direct');
INSERT INTO daily_orders VALUES(637,3,22,'2026-03-25',0,0,0,239070,NULL,0,NULL,NULL,'2026-04-03 06:44:35','2026-04-03 06:44:35',1,NULL,NULL,0,NULL,0,NULL,NULL,'pending',0,'direct');
INSERT INTO daily_orders VALUES(638,3,20,'2026-03-25',191849,561884,19185,772918,NULL,0,NULL,NULL,'2026-04-03 06:44:42','2026-04-08 01:22:13',2,NULL,NULL,0,NULL,0,NULL,NULL,'pending',0,'direct');
INSERT INTO daily_orders VALUES(639,3,22,'2026-03-25',0,0,0,557830,NULL,0,NULL,NULL,'2026-04-03 06:44:54','2026-04-03 06:44:54',2,NULL,NULL,0,NULL,0,NULL,NULL,'pending',0,'direct');
INSERT INTO daily_orders VALUES(640,3,20,'2026-03-26',23739,380104,2374,406217,NULL,0,NULL,NULL,'2026-04-03 06:45:02','2026-04-09 09:07:16',1,NULL,NULL,0,NULL,0,NULL,NULL,'pending',0,'direct');
INSERT INTO daily_orders VALUES(641,3,22,'2026-03-26',0,0,0,175260,NULL,0,NULL,NULL,'2026-04-03 06:45:16','2026-04-03 06:45:16',1,NULL,NULL,0,NULL,0,NULL,NULL,'pending',0,'direct');
INSERT INTO daily_orders VALUES(642,3,20,'2026-03-26',55391,886910,5539,947840,NULL,0,NULL,NULL,'2026-04-03 06:45:30','2026-04-08 01:21:53',2,NULL,NULL,0,NULL,0,NULL,NULL,'pending',0,'direct');
INSERT INTO daily_orders VALUES(643,3,22,'2026-03-26',0,0,0,408940,NULL,0,NULL,NULL,'2026-04-03 06:45:46','2026-04-03 06:45:46',2,NULL,NULL,0,NULL,0,NULL,NULL,'pending',0,'direct');
INSERT INTO daily_orders VALUES(644,3,20,'2026-03-27',161985,132196,16199,310380,NULL,0,NULL,NULL,'2026-04-03 06:45:58','2026-04-09 09:07:19',1,NULL,NULL,0,NULL,0,NULL,NULL,'pending',0,'direct');
INSERT INTO daily_orders VALUES(645,3,22,'2026-03-27',0,0,0,302175,NULL,0,NULL,NULL,'2026-04-03 06:46:05','2026-04-03 06:46:05',1,NULL,NULL,0,NULL,0,NULL,NULL,'pending',0,'direct');
INSERT INTO daily_orders VALUES(646,3,20,'2026-03-27',377965,308457,37797,724219,NULL,0,NULL,NULL,'2026-04-03 06:46:11','2026-04-08 01:21:32',2,NULL,NULL,0,NULL,0,NULL,NULL,'pending',0,'direct');
INSERT INTO daily_orders VALUES(647,3,22,'2026-03-27',0,0,0,705075,NULL,0,NULL,NULL,'2026-04-03 06:46:27','2026-04-03 06:46:27',2,NULL,NULL,0,NULL,0,NULL,NULL,'pending',0,'direct');
INSERT INTO daily_orders VALUES(648,3,20,'2026-03-28',202308,475004,20231,697543,NULL,0,NULL,NULL,'2026-04-03 06:46:34','2026-04-09 09:07:22',1,NULL,NULL,0,NULL,0,NULL,NULL,'pending',0,'direct');
INSERT INTO daily_orders VALUES(649,3,22,'2026-03-28',0,0,0,406908,NULL,0,NULL,NULL,'2026-04-03 06:46:47','2026-04-03 06:46:47',1,NULL,NULL,0,NULL,0,NULL,NULL,'pending',0,'direct');
INSERT INTO daily_orders VALUES(650,3,20,'2026-03-28',472052,1108343,47205,1627600,NULL,0,NULL,NULL,'2026-04-03 06:46:52','2026-04-08 01:21:09',2,NULL,NULL,0,NULL,0,NULL,NULL,'pending',0,'direct');
INSERT INTO daily_orders VALUES(651,3,22,'2026-03-28',0,0,0,949452,NULL,0,NULL,NULL,'2026-04-03 06:47:03','2026-04-03 06:47:03',2,NULL,NULL,0,NULL,0,NULL,NULL,'pending',0,'direct');
INSERT INTO daily_orders VALUES(652,3,20,'2026-03-30',267237,121493,26724,415454,NULL,0,NULL,NULL,'2026-04-03 06:47:17','2026-04-09 09:07:24',1,NULL,NULL,0,NULL,0,NULL,NULL,'pending',0,'direct');
INSERT INTO daily_orders VALUES(653,3,22,'2026-03-30',0,0,0,305505,NULL,0,NULL,NULL,'2026-04-03 06:47:26','2026-04-03 06:47:26',1,NULL,NULL,0,NULL,0,NULL,NULL,'pending',0,'direct');
INSERT INTO daily_orders VALUES(654,3,20,'2026-03-30',623553,283483,62355,969391,NULL,0,NULL,NULL,'2026-04-03 06:47:31','2026-04-08 01:20:28',2,NULL,NULL,0,NULL,0,NULL,NULL,'pending',0,'direct');
INSERT INTO daily_orders VALUES(655,3,22,'2026-03-30',0,0,0,712845,NULL,0,NULL,NULL,'2026-04-03 06:47:46','2026-04-03 06:47:46',2,NULL,NULL,0,NULL,0,NULL,NULL,'pending',0,'direct');
INSERT INTO daily_orders VALUES(656,3,20,'2026-03-31',571344,367545,57134,996023,NULL,0,NULL,NULL,'2026-04-03 06:47:54','2026-04-09 09:07:30',1,NULL,NULL,0,NULL,0,NULL,NULL,'pending',0,'direct');
INSERT INTO daily_orders VALUES(657,3,22,'2026-03-31',0,0,0,253410,NULL,0,NULL,NULL,'2026-04-03 06:48:07','2026-04-03 06:48:07',1,NULL,NULL,0,NULL,0,NULL,NULL,'pending',0,'direct');
INSERT INTO daily_orders VALUES(658,3,20,'2026-03-31',1653000,857606,165300,2675906,NULL,0,NULL,NULL,'2026-04-03 06:48:12','2026-04-08 01:31:43',2,NULL,NULL,0,NULL,0,NULL,NULL,'pending',0,'direct');
INSERT INTO daily_orders VALUES(659,3,22,'2026-03-31',0,0,0,591290,NULL,0,NULL,NULL,'2026-04-03 06:48:26','2026-04-03 06:48:26',2,NULL,NULL,0,NULL,0,NULL,NULL,'pending',0,'direct');
INSERT INTO daily_orders VALUES(660,3,21,'2026-03-10',0,0,0,327000,NULL,0,NULL,NULL,'2026-04-03 06:48:58','2026-04-03 06:48:58',1,NULL,NULL,0,NULL,0,NULL,NULL,'pending',0,'direct');
INSERT INTO daily_orders VALUES(661,3,21,'2026-03-13',0,0,0,423000,NULL,0,NULL,NULL,'2026-04-03 06:49:14','2026-04-03 06:49:14',1,NULL,NULL,0,NULL,0,NULL,NULL,'pending',0,'direct');
INSERT INTO daily_orders VALUES(662,3,24,'2026-03-13',0,0,0,577500,NULL,0,NULL,NULL,'2026-04-03 06:49:36','2026-04-03 06:49:42',2,NULL,NULL,0,NULL,0,NULL,NULL,'pending',0,'direct');
INSERT INTO daily_orders VALUES(663,3,25,'2026-03-16',0,0,0,297000,NULL,0,NULL,NULL,'2026-04-03 06:50:06','2026-04-03 06:50:08',2,NULL,NULL,0,NULL,0,NULL,NULL,'pending',0,'direct');
INSERT INTO daily_orders VALUES(664,3,23,'2026-03-21',0,0,0,1663200,NULL,0,NULL,NULL,'2026-04-03 06:50:34','2026-04-03 06:50:37',2,NULL,NULL,0,NULL,0,NULL,NULL,'pending',0,'direct');
INSERT INTO daily_orders VALUES(665,3,24,'2026-03-23',0,0,0,577500,NULL,0,NULL,NULL,'2026-04-03 06:51:07','2026-04-03 06:51:10',2,NULL,NULL,0,NULL,0,NULL,NULL,'pending',0,'direct');
INSERT INTO daily_orders VALUES(666,3,25,'2026-03-23',0,0,0,286000,NULL,0,NULL,NULL,'2026-04-03 06:51:14','2026-04-03 06:51:16',2,NULL,NULL,0,NULL,0,NULL,NULL,'pending',0,'direct');
INSERT INTO daily_orders VALUES(667,3,21,'2026-03-25',0,0,0,625500,NULL,0,NULL,NULL,'2026-04-03 06:51:38','2026-04-03 06:51:40',1,NULL,NULL,0,NULL,0,NULL,NULL,'pending',0,'direct');
INSERT INTO daily_orders VALUES(668,3,21,'2026-03-27',0,0,0,243300,NULL,0,NULL,NULL,'2026-04-03 06:51:57','2026-04-03 06:51:57',1,NULL,NULL,0,NULL,0,NULL,NULL,'pending',0,'direct');
INSERT INTO daily_orders VALUES(669,3,23,'2026-03-28',0,0,0,281820,NULL,0,NULL,NULL,'2026-04-03 06:52:19','2026-04-03 06:52:23',2,NULL,NULL,0,NULL,0,NULL,NULL,'pending',0,'direct');
INSERT INTO daily_orders VALUES(670,3,24,'2026-03-31',0,0,0,462000,NULL,0,NULL,NULL,'2026-04-03 06:52:38','2026-04-03 06:52:38',2,NULL,NULL,0,NULL,0,NULL,NULL,'pending',0,'direct');
INSERT INTO daily_orders VALUES(671,3,21,'2026-03-20',0,0,0,272500,NULL,0,NULL,NULL,'2026-04-03 06:57:45','2026-04-03 06:57:45',1,NULL,NULL,0,NULL,0,NULL,NULL,'pending',0,'direct');
INSERT INTO daily_orders VALUES(672,3,21,'2026-03-30',0,0,0,485500,NULL,0,NULL,NULL,'2026-04-03 06:58:32','2026-04-03 06:58:32',1,NULL,NULL,0,NULL,0,NULL,NULL,'pending',0,'direct');
INSERT INTO daily_orders VALUES(673,3,22,'2026-03-09',0,0,0,374657,NULL,0,NULL,NULL,'2026-04-03 07:01:57','2026-04-03 07:01:57',2,NULL,NULL,0,NULL,0,NULL,NULL,'pending',0,'direct');
INSERT INTO daily_orders VALUES(674,3,22,'2026-03-04',0,0,0,475125,NULL,0,NULL,NULL,'2026-04-03 07:04:10','2026-04-03 07:04:10',2,NULL,NULL,0,NULL,0,NULL,NULL,'pending',0,'direct');
INSERT INTO daily_orders VALUES(675,3,22,'2026-03-09',0,0,0,160575,NULL,0,NULL,NULL,'2026-04-03 07:05:15','2026-04-03 07:05:15',1,NULL,NULL,0,NULL,0,NULL,NULL,'pending',0,'direct');
INSERT INTO daily_orders VALUES(686,3,22,'2026-03-07',0,0,0,1428063,NULL,0,NULL,NULL,'2026-04-07 15:44:36','2026-04-07 15:44:36',2,NULL,NULL,0,NULL,0,NULL,NULL,'pending',0,'direct');
INSERT INTO daily_orders VALUES(687,3,20,'2026-03-21',265002,1278367,26500,1569869,NULL,0,NULL,NULL,'2026-04-07 15:45:50','2026-04-08 01:19:27',2,NULL,NULL,0,NULL,0,NULL,NULL,'pending',0,'direct');
INSERT INTO daily_orders VALUES(688,3,22,'2026-03-21',0,0,0,1043175,NULL,0,NULL,NULL,'2026-04-07 15:46:53','2026-04-07 15:46:59',2,NULL,NULL,0,NULL,0,NULL,NULL,'pending',0,'direct');
CREATE TABLE daily_meals (
  id INTEGER PRIMARY KEY AUTOINCREMENT,
  hospital_id INTEGER NOT NULL,
  meal_date TEXT NOT NULL,                
  
  breakfast_patient INTEGER DEFAULT 0,    
  breakfast_staff INTEGER DEFAULT 0,      
  breakfast_noncovered INTEGER DEFAULT 0, 
  breakfast_guardian INTEGER DEFAULT 0,   
  
  lunch_patient INTEGER DEFAULT 0,
  lunch_staff INTEGER DEFAULT 0,
  lunch_noncovered INTEGER DEFAULT 0,
  lunch_guardian INTEGER DEFAULT 0,
  
  dinner_patient INTEGER DEFAULT 0,
  dinner_staff INTEGER DEFAULT 0,
  dinner_noncovered INTEGER DEFAULT 0,
  dinner_guardian INTEGER DEFAULT 0,
  created_at DATETIME DEFAULT CURRENT_TIMESTAMP,
  updated_at DATETIME DEFAULT CURRENT_TIMESTAMP, custom_data TEXT DEFAULT '{}',
  UNIQUE(hospital_id, meal_date),
  FOREIGN KEY (hospital_id) REFERENCES hospitals(id)
);
INSERT INTO daily_meals VALUES(1,1,'2026-03-01',0,0,0,0,0,0,0,0,0,0,0,0,'2026-03-16 16:10:06','2026-04-01 16:48:54','{"diet_preset_nc_guardian_1":{"bf":2,"l":1,"d":1},"diet_preset_nc_outpatient_1":{"bf":0,"l":0,"d":0},"cat_cancer":{"bf":61,"l":48,"d":52},"diet_preset_staff_regular_1":{"bf":9,"l":19,"d":9},"preset_staff_special_1":{"bf":0,"l":0,"d":0},"preset_staff_night_1":{"bf":0,"l":0,"d":0},"diet_preset_therapy_gastrectomy_1":{"bf":0,"l":0,"d":0},"diet_preset_therapy_lowresidue_1":{"bf":0,"l":0,"d":0},"diet_preset_therapy_lowiodine_1":{"bf":0,"l":0,"d":0}}');
INSERT INTO daily_meals VALUES(7,1,'2026-03-02',0,0,0,0,0,0,0,0,0,0,0,0,'2026-03-16 16:11:11','2026-04-01 16:48:55','{"diet_preset_nc_guardian_1":{"bf":2,"l":1,"d":1},"diet_preset_nc_outpatient_1":{"bf":0,"l":0,"d":0},"cat_cancer":{"bf":57,"l":49,"d":49},"diet_preset_staff_regular_1":{"bf":9,"l":19,"d":9},"preset_staff_special_1":{"bf":0,"l":0,"d":0},"preset_staff_night_1":{"bf":0,"l":0,"d":0},"diet_preset_therapy_gastrectomy_1":{"bf":0,"l":0,"d":0},"diet_preset_therapy_lowresidue_1":{"bf":0,"l":0,"d":0},"diet_preset_therapy_lowiodine_1":{"bf":0,"l":0,"d":0}}');
INSERT INTO daily_meals VALUES(13,1,'2026-03-03',0,0,0,0,0,0,0,0,0,0,0,0,'2026-03-16 16:11:23','2026-04-01 16:48:54','{"diet_preset_nc_guardian_1":{"bf":1,"l":1,"d":2},"diet_preset_nc_outpatient_1":{"bf":0,"l":14,"d":0},"cat_cancer":{"bf":58,"l":45,"d":57},"diet_preset_staff_regular_1":{"bf":15,"l":44,"d":15},"preset_staff_special_1":{"bf":0,"l":0,"d":0},"preset_staff_night_1":{"bf":0,"l":0,"d":0},"diet_preset_therapy_gastrectomy_1":{"bf":0,"l":0,"d":0},"diet_preset_therapy_lowresidue_1":{"bf":0,"l":0,"d":0},"diet_preset_therapy_lowiodine_1":{"bf":0,"l":0,"d":0}}');
INSERT INTO daily_meals VALUES(16,1,'2026-03-04',0,0,0,0,0,0,0,0,0,0,0,0,'2026-03-16 16:12:05','2026-04-01 16:48:54','{"diet_preset_nc_guardian_1":{"bf":3,"l":3,"d":2},"diet_preset_nc_outpatient_1":{"bf":0,"l":8,"d":0},"cat_cancer":{"bf":57,"l":49,"d":55},"diet_preset_staff_regular_1":{"bf":15,"l":44,"d":15},"preset_staff_special_1":{"bf":0,"l":0,"d":0},"preset_staff_night_1":{"bf":0,"l":0,"d":0},"diet_preset_therapy_gastrectomy_1":{"bf":0,"l":0,"d":0},"diet_preset_therapy_lowresidue_1":{"bf":0,"l":0,"d":0},"diet_preset_therapy_lowiodine_1":{"bf":0,"l":0,"d":0}}');
INSERT INTO daily_meals VALUES(17,1,'2026-03-05',0,0,0,0,0,0,0,0,0,0,0,0,'2026-03-16 16:12:08','2026-04-01 16:48:54','{"diet_preset_nc_guardian_1":{"bf":3,"l":3,"d":2},"diet_preset_nc_outpatient_1":{"bf":0,"l":9,"d":0},"cat_cancer":{"bf":55,"l":51,"d":54},"diet_preset_staff_regular_1":{"bf":15,"l":44,"d":15},"preset_staff_special_1":{"bf":0,"l":0,"d":0},"preset_staff_night_1":{"bf":0,"l":0,"d":0},"diet_preset_therapy_gastrectomy_1":{"bf":0,"l":0,"d":0},"diet_preset_therapy_lowresidue_1":{"bf":0,"l":0,"d":0},"diet_preset_therapy_lowiodine_1":{"bf":0,"l":0,"d":0}}');
INSERT INTO daily_meals VALUES(18,1,'2026-03-06',0,0,0,0,0,0,0,0,0,0,0,0,'2026-03-16 16:12:11','2026-04-01 16:48:54','{"diet_preset_nc_guardian_1":{"bf":3,"l":4,"d":3},"diet_preset_nc_outpatient_1":{"bf":0,"l":9,"d":0},"cat_cancer":{"bf":54,"l":49,"d":51},"diet_preset_staff_regular_1":{"bf":15,"l":44,"d":15},"preset_staff_special_1":{"bf":0,"l":0,"d":0},"preset_staff_night_1":{"bf":0,"l":0,"d":0},"diet_preset_therapy_gastrectomy_1":{"bf":0,"l":0,"d":0},"diet_preset_therapy_lowresidue_1":{"bf":0,"l":0,"d":0},"diet_preset_therapy_lowiodine_1":{"bf":0,"l":0,"d":0}}');
INSERT INTO daily_meals VALUES(19,1,'2026-03-07',0,0,0,0,0,0,0,0,0,0,0,0,'2026-03-16 16:12:14','2026-04-01 16:48:54','{"diet_preset_nc_guardian_1":{"bf":4,"l":4,"d":4},"diet_preset_nc_outpatient_1":{"bf":0,"l":1,"d":0},"cat_cancer":{"bf":53,"l":41,"d":44},"diet_preset_staff_regular_1":{"bf":9,"l":25,"d":9},"preset_staff_special_1":{"bf":0,"l":0,"d":0},"preset_staff_night_1":{"bf":0,"l":0,"d":0},"diet_preset_therapy_gastrectomy_1":{"bf":0,"l":0,"d":0},"diet_preset_therapy_lowresidue_1":{"bf":0,"l":0,"d":0},"diet_preset_therapy_lowiodine_1":{"bf":0,"l":0,"d":0}}');
INSERT INTO daily_meals VALUES(20,1,'2026-03-08',0,0,0,0,0,0,0,0,0,0,0,0,'2026-03-16 16:12:17','2026-04-01 16:48:55','{"diet_preset_nc_guardian_1":{"bf":4,"l":4,"d":4},"diet_preset_nc_outpatient_1":{"bf":0,"l":0,"d":0},"cat_cancer":{"bf":48,"l":32,"d":51},"diet_preset_staff_regular_1":{"bf":9,"l":19,"d":9},"preset_staff_special_1":{"bf":0,"l":0,"d":0},"preset_staff_night_1":{"bf":0,"l":0,"d":0},"diet_preset_therapy_gastrectomy_1":{"bf":0,"l":0,"d":0},"diet_preset_therapy_lowresidue_1":{"bf":0,"l":0,"d":0},"diet_preset_therapy_lowiodine_1":{"bf":0,"l":0,"d":0}}');
INSERT INTO daily_meals VALUES(21,1,'2026-03-09',0,0,0,0,0,0,0,0,0,0,0,0,'2026-03-16 16:12:20','2026-04-01 16:48:55','{"diet_preset_nc_guardian_1":{"bf":4,"l":4,"d":3},"diet_preset_nc_outpatient_1":{"bf":0,"l":8,"d":0},"cat_cancer":{"bf":47,"l":43,"d":51},"diet_preset_staff_regular_1":{"bf":15,"l":44,"d":15},"preset_staff_special_1":{"bf":0,"l":0,"d":0},"preset_staff_night_1":{"bf":0,"l":0,"d":0},"diet_preset_therapy_gastrectomy_1":{"bf":0,"l":0,"d":0},"diet_preset_therapy_lowresidue_1":{"bf":0,"l":0,"d":0},"diet_preset_therapy_lowiodine_1":{"bf":0,"l":0,"d":0}}');
INSERT INTO daily_meals VALUES(22,1,'2026-03-10',0,0,0,0,0,0,0,0,0,0,0,0,'2026-03-16 16:12:23','2026-04-01 16:48:55','{"diet_preset_nc_guardian_1":{"bf":3,"l":4,"d":3},"diet_preset_nc_outpatient_1":{"bf":0,"l":9,"d":0},"cat_cancer":{"bf":50,"l":39,"d":54},"diet_preset_staff_regular_1":{"bf":15,"l":44,"d":15},"preset_staff_special_1":{"bf":0,"l":0,"d":0},"preset_staff_night_1":{"bf":0,"l":0,"d":0},"diet_preset_therapy_gastrectomy_1":{"bf":0,"l":0,"d":0},"diet_preset_therapy_lowresidue_1":{"bf":0,"l":0,"d":0},"diet_preset_therapy_lowiodine_1":{"bf":0,"l":0,"d":0}}');
INSERT INTO daily_meals VALUES(23,1,'2026-03-11',0,0,0,0,0,0,0,0,0,0,0,0,'2026-03-16 16:12:25','2026-04-01 16:48:55','{"diet_preset_nc_guardian_1":{"bf":3,"l":3,"d":2},"diet_preset_nc_outpatient_1":{"bf":0,"l":9,"d":0},"cat_cancer":{"bf":56,"l":53,"d":61},"diet_preset_staff_regular_1":{"bf":15,"l":44,"d":15},"preset_staff_special_1":{"bf":0,"l":0,"d":0},"preset_staff_night_1":{"bf":0,"l":0,"d":0},"diet_preset_therapy_gastrectomy_1":{"bf":0,"l":0,"d":0},"diet_preset_therapy_lowresidue_1":{"bf":0,"l":0,"d":0},"diet_preset_therapy_lowiodine_1":{"bf":0,"l":0,"d":0}}');
INSERT INTO daily_meals VALUES(24,1,'2026-03-12',0,0,0,0,0,0,0,0,0,0,0,0,'2026-03-16 16:12:29','2026-04-01 16:48:55','{"diet_preset_nc_guardian_1":{"bf":3,"l":2,"d":3},"diet_preset_nc_outpatient_1":{"bf":0,"l":9,"d":0},"cat_cancer":{"bf":59,"l":46,"d":55},"diet_preset_staff_regular_1":{"bf":15,"l":44,"d":15},"preset_staff_special_1":{"bf":0,"l":0,"d":0},"preset_staff_night_1":{"bf":0,"l":0,"d":0},"diet_preset_therapy_gastrectomy_1":{"bf":0,"l":0,"d":0},"diet_preset_therapy_lowresidue_1":{"bf":0,"l":0,"d":0},"diet_preset_therapy_lowiodine_1":{"bf":0,"l":0,"d":0}}');
INSERT INTO daily_meals VALUES(25,1,'2026-03-13',0,0,0,0,0,0,0,0,0,0,0,0,'2026-03-16 16:12:35','2026-04-01 16:48:55','{"diet_preset_nc_guardian_1":{"bf":2,"l":2,"d":2},"diet_preset_nc_outpatient_1":{"bf":0,"l":9,"d":0},"cat_cancer":{"bf":60,"l":50,"d":56},"diet_preset_staff_regular_1":{"bf":15,"l":44,"d":15},"preset_staff_special_1":{"bf":0,"l":0,"d":0},"preset_staff_night_1":{"bf":0,"l":0,"d":0},"diet_preset_therapy_gastrectomy_1":{"bf":0,"l":0,"d":0},"diet_preset_therapy_lowresidue_1":{"bf":0,"l":0,"d":0},"diet_preset_therapy_lowiodine_1":{"bf":0,"l":0,"d":0}}');
INSERT INTO daily_meals VALUES(86,1,'2026-02-03',0,15,0,3,0,44,8,3,0,15,0,2,'2026-03-16 17:24:17','2026-03-20 06:19:58','{"cat_cancer":{"bf":61,"l":61,"d":63}}');
INSERT INTO daily_meals VALUES(88,3,'2026-03-16',0,0,0,0,0,0,0,0,0,0,0,0,'2026-03-16 19:25:18','2026-04-09 16:13:04','{"cat_other":{"bf":2,"l":2,"d":0},"diet_preset_nc_nursing_guardian_3":{"bf":40,"l":41,"d":0},"diet_preset_nc_caregiver_3":{"bf":50,"l":72,"d":0},"cat_cancer":{"bf":32,"l":35,"d":0},"cat_nursing":{"bf":106,"l":106,"d":1},"diet_preset_staff_general_3":{"bf":11,"l":27,"d":0},"cat_general":{"bf":45,"l":46,"d":0}}');
INSERT INTO daily_meals VALUES(95,4,'2026-03-01',0,9,0,3,0,10,0,3,0,11,0,1,'2026-03-19 05:46:56','2026-03-19 05:47:20','{"cat_cancer":{"bf":20,"l":15,"d":18}}');
INSERT INTO daily_meals VALUES(112,2,'2026-02-01',0,34,0,13,0,52,0,14,0,35,0,17,'2026-03-19 15:07:17','2026-03-19 15:32:04','{"cat_cancer":{"bf":106,"l":85,"d":91}}');
INSERT INTO daily_meals VALUES(113,2,'2026-02-02',0,35,0,9,0,86,0,12,0,34,0,13,'2026-03-19 15:07:31','2026-03-19 15:32:05','{"cat_cancer":{"bf":105,"l":96,"d":111}}');
INSERT INTO daily_meals VALUES(114,2,'2026-02-03',0,32,0,11,0,85,0,13,0,33,0,12,'2026-03-19 15:07:36','2026-03-19 15:32:04','{"cat_cancer":{"bf":111,"l":99,"d":107}}');
INSERT INTO daily_meals VALUES(115,2,'2026-02-04',0,35,0,13,0,86,0,9,0,34,0,12,'2026-03-19 15:07:36','2026-03-19 15:32:05','{"cat_cancer":{"bf":116,"l":102,"d":106}}');
INSERT INTO daily_meals VALUES(117,2,'2026-02-05',0,35,0,10,0,86,0,11,0,34,0,11,'2026-03-19 15:07:42','2026-03-19 15:32:05','{"cat_cancer":{"bf":113,"l":104,"d":103}}');
INSERT INTO daily_meals VALUES(118,2,'2026-02-06',0,33,0,5,0,84,0,11,0,32,0,8,'2026-03-19 15:07:45','2026-03-19 15:32:05','{"cat_cancer":{"bf":113,"l":99,"d":105}}');
INSERT INTO daily_meals VALUES(119,2,'2026-02-07',0,32,0,10,0,54,0,13,0,31,0,10,'2026-03-19 15:07:49','2026-03-19 15:32:05','{"cat_cancer":{"bf":112,"l":93,"d":93}}');
INSERT INTO daily_meals VALUES(120,2,'2026-02-08',0,32,0,13,0,51,0,11,0,33,0,13,'2026-03-19 15:07:54','2026-03-19 15:32:05','{"cat_cancer":{"bf":102,"l":91,"d":98}}');
INSERT INTO daily_meals VALUES(185,2,'2026-02-09',0,33,0,6,0,84,0,10,0,34,0,11,'2026-03-19 15:12:04','2026-03-19 15:32:05','{"cat_cancer":{"bf":105,"l":99,"d":104}}');
INSERT INTO daily_meals VALUES(186,2,'2026-02-10',0,32,0,8,0,85,0,5,0,33,0,8,'2026-03-19 15:12:05','2026-03-19 15:32:05','{"cat_cancer":{"bf":110,"l":100,"d":104}}');
INSERT INTO daily_meals VALUES(187,2,'2026-02-11',0,32,0,5,0,86,0,6,0,31,0,12,'2026-03-19 15:12:07','2026-03-19 15:32:05','{"cat_cancer":{"bf":107,"l":100,"d":98}}');
INSERT INTO daily_meals VALUES(188,2,'2026-02-12',0,31,0,3,0,85,0,11,0,33,0,14,'2026-03-19 15:12:14','2026-03-19 15:32:05','{"cat_cancer":{"bf":98,"l":92,"d":90}}');
INSERT INTO daily_meals VALUES(189,2,'2026-02-13',0,34,0,7,0,85,0,8,0,33,0,15,'2026-03-19 15:12:16','2026-03-19 15:32:05','{"cat_cancer":{"bf":103,"l":87,"d":86}}');
INSERT INTO daily_meals VALUES(190,2,'2026-02-15',0,31,0,13,0,54,0,12,0,33,0,12,'2026-03-19 15:12:23','2026-03-19 15:32:05','{"cat_cancer":{"bf":83,"l":66,"d":61}}');
INSERT INTO daily_meals VALUES(191,2,'2026-02-16',0,30,0,10,0,54,0,11,0,32,0,12,'2026-03-19 15:12:37','2026-03-19 15:32:05','{"cat_cancer":{"bf":67,"l":59,"d":61}}');
INSERT INTO daily_meals VALUES(197,2,'2026-02-14',0,33,0,9,0,54,0,10,0,31,0,13,'2026-03-19 15:12:53','2026-03-19 15:32:05','{"cat_cancer":{"bf":102,"l":80,"d":72}}');
INSERT INTO daily_meals VALUES(260,2,'2026-02-17',0,30,0,11,0,52,0,10,0,32,0,10,'2026-03-19 15:19:24','2026-03-19 15:32:05','{"cat_cancer":{"bf":65,"l":61,"d":61}}');
INSERT INTO daily_meals VALUES(269,2,'2026-02-18',0,31,0,10,0,50,0,8,0,34,0,9,'2026-03-19 15:19:58','2026-03-19 15:32:05','{"cat_cancer":{"bf":67,"l":62,"d":66}}');
INSERT INTO daily_meals VALUES(279,2,'2026-02-19',0,32,0,5,0,82,0,7,0,31,0,9,'2026-03-19 15:20:37','2026-03-19 15:32:05','{"cat_cancer":{"bf":74,"l":68,"d":73}}');
INSERT INTO daily_meals VALUES(288,2,'2026-02-20',0,32,0,6,0,84,0,9,0,33,0,13,'2026-03-19 15:21:06','2026-03-19 15:32:05','{"cat_cancer":{"bf":78,"l":63,"d":81}}');
INSERT INTO daily_meals VALUES(297,2,'2026-02-21',0,34,0,11,0,55,0,16,0,33,0,10,'2026-03-19 15:21:47','2026-03-19 15:32:05','{"cat_cancer":{"bf":88,"l":78,"d":75}}');
INSERT INTO daily_meals VALUES(306,2,'2026-02-22',0,31,0,9,0,52,0,10,0,33,0,12,'2026-03-19 15:22:21','2026-03-19 15:32:05','{"cat_cancer":{"bf":83,"l":65,"d":79}}');
INSERT INTO daily_meals VALUES(315,2,'2026-02-23',0,34,0,7,0,85,0,14,0,33,0,8,'2026-03-19 15:22:47','2026-03-19 15:32:05','{"cat_cancer":{"bf":84,"l":77,"d":96}}');
INSERT INTO daily_meals VALUES(324,2,'2026-02-24',0,33,0,4,0,85,0,6,0,32,0,6,'2026-03-19 15:23:13','2026-03-19 15:32:05','{"cat_cancer":{"bf":99,"l":90,"d":105}}');
INSERT INTO daily_meals VALUES(333,2,'2026-02-25',0,32,0,6,0,84,0,12,0,33,0,13,'2026-03-19 15:23:59','2026-03-19 15:32:05','{"cat_cancer":{"bf":113,"l":101,"d":106}}');
INSERT INTO daily_meals VALUES(343,2,'2026-02-26',0,33,0,13,0,85,0,9,0,32,0,8,'2026-03-19 15:24:26','2026-03-19 15:32:05','{"cat_cancer":{"bf":111,"l":98,"d":100}}');
INSERT INTO daily_meals VALUES(352,2,'2026-02-27',0,33,0,9,0,84,0,11,0,34,0,7,'2026-03-19 15:24:55','2026-03-19 15:32:05','{"cat_cancer":{"bf":108,"l":93,"d":93}}');
INSERT INTO daily_meals VALUES(370,2,'2026-02-28',0,34,0,5,0,55,0,10,0,32,0,11,'2026-03-19 15:31:29','2026-03-19 15:32:05','{"cat_cancer":{"bf":109,"l":81,"d":78}}');
INSERT INTO daily_meals VALUES(407,1,'2026-02-01',0,9,0,3,0,19,0,2,0,9,0,2,'2026-03-20 05:41:47','2026-03-20 06:19:58','{"cat_cancer":{"bf":58,"l":46,"d":58}}');
INSERT INTO daily_meals VALUES(415,1,'2026-02-02',0,15,0,3,0,44,12,1,0,15,0,2,'2026-03-20 05:45:57','2026-03-20 06:19:58','{"cat_cancer":{"bf":52,"l":54,"d":61}}');
INSERT INTO daily_meals VALUES(417,1,'2026-02-04',0,15,0,3,0,44,11,4,0,15,0,3,'2026-03-20 05:46:09','2026-03-20 06:19:58','{"cat_cancer":{"bf":57,"l":53,"d":60}}');
INSERT INTO daily_meals VALUES(418,1,'2026-02-05',0,15,0,3,0,44,9,3,0,15,0,3,'2026-03-20 05:46:16','2026-03-20 06:19:58','{"cat_cancer":{"bf":56,"l":53,"d":63}}');
INSERT INTO daily_meals VALUES(419,1,'2026-02-06',0,15,0,3,0,44,11,4,0,15,0,4,'2026-03-20 05:46:19','2026-03-20 06:19:58','{"cat_cancer":{"bf":60,"l":57,"d":58}}');
INSERT INTO daily_meals VALUES(420,1,'2026-02-07',0,9,0,4,0,25,0,3,0,9,0,4,'2026-03-20 05:46:20','2026-03-20 06:19:58','{"cat_cancer":{"bf":60,"l":51,"d":63}}');
INSERT INTO daily_meals VALUES(421,1,'2026-02-08',0,9,0,4,0,19,0,4,0,9,0,3,'2026-03-20 05:46:22','2026-03-20 06:19:58','{"cat_cancer":{"bf":62,"l":49,"d":55}}');
INSERT INTO daily_meals VALUES(422,1,'2026-02-09',0,15,0,4,0,44,10,4,0,15,0,4,'2026-03-20 05:46:29','2026-03-20 06:19:58','{"cat_cancer":{"bf":60,"l":52,"d":58}}');
INSERT INTO daily_meals VALUES(423,1,'2026-02-10',0,15,0,4,0,44,9,4,0,15,0,4,'2026-03-20 05:46:32','2026-03-20 06:19:58','{"cat_cancer":{"bf":58,"l":64,"d":66}}');
INSERT INTO daily_meals VALUES(424,1,'2026-02-11',0,15,0,5,0,44,11,5,0,15,0,4,'2026-03-20 05:46:38','2026-03-20 06:19:58','{"cat_cancer":{"bf":66,"l":60,"d":61}}');
INSERT INTO daily_meals VALUES(425,1,'2026-02-12',0,15,0,5,0,44,8,4,0,15,0,4,'2026-03-20 05:46:39','2026-03-20 06:19:58','{"cat_cancer":{"bf":64,"l":57,"d":56}}');
INSERT INTO daily_meals VALUES(426,1,'2026-02-13',0,15,0,5,0,44,13,5,0,15,0,2,'2026-03-20 05:46:41','2026-03-20 06:19:58','{"cat_cancer":{"bf":61,"l":52,"d":48}}');
INSERT INTO daily_meals VALUES(427,1,'2026-02-14',0,9,0,3,0,25,1,2,0,9,0,4,'2026-03-20 05:46:45','2026-03-20 06:19:58','{"cat_cancer":{"bf":55,"l":42,"d":45}}');
INSERT INTO daily_meals VALUES(429,1,'2026-02-15',0,9,0,4,0,19,0,4,0,9,0,4,'2026-03-20 05:46:51','2026-03-20 06:19:58','{"cat_cancer":{"bf":47,"l":34,"d":44}}');
INSERT INTO daily_meals VALUES(430,1,'2026-02-16',0,9,0,4,0,19,0,4,0,9,0,4,'2026-03-20 05:46:53','2026-03-20 06:19:58','{"cat_cancer":{"bf":43,"l":34,"d":33}}');
INSERT INTO daily_meals VALUES(431,1,'2026-02-17',0,9,0,4,0,19,0,4,0,9,0,4,'2026-03-20 05:47:02','2026-03-20 06:19:58','{"cat_cancer":{"bf":35,"l":32,"d":37}}');
INSERT INTO daily_meals VALUES(432,1,'2026-02-18',0,9,0,4,0,19,0,4,0,9,0,3,'2026-03-20 05:47:03','2026-03-20 06:19:58','{"cat_cancer":{"bf":37,"l":33,"d":45}}');
INSERT INTO daily_meals VALUES(433,1,'2026-02-19',0,15,0,2,0,44,8,3,0,15,0,3,'2026-03-20 05:47:07','2026-03-20 06:19:58','{"cat_cancer":{"bf":40,"l":40,"d":54}}');
INSERT INTO daily_meals VALUES(434,1,'2026-02-20',0,15,0,3,0,44,11,1,0,15,0,2,'2026-03-20 05:47:17','2026-03-20 06:19:58','{"cat_cancer":{"bf":50,"l":34,"d":49}}');
INSERT INTO daily_meals VALUES(435,1,'2026-02-21',0,9,0,2,0,25,1,2,0,9,0,3,'2026-03-20 05:47:19','2026-03-20 06:19:58','{"cat_cancer":{"bf":58,"l":41,"d":49}}');
INSERT INTO daily_meals VALUES(436,1,'2026-02-22',0,9,0,3,0,19,0,2,0,9,0,4,'2026-03-20 05:47:22','2026-03-20 06:19:58','{"cat_cancer":{"bf":54,"l":40,"d":49}}');
INSERT INTO daily_meals VALUES(438,1,'2026-02-23',0,15,0,2,0,44,12,2,0,15,0,1,'2026-03-20 05:47:28','2026-03-20 06:19:58','{"cat_cancer":{"bf":54,"l":50,"d":61}}');
INSERT INTO daily_meals VALUES(439,1,'2026-02-24',0,15,0,3,0,44,10,3,0,15,0,3,'2026-03-20 05:52:50','2026-03-20 06:19:58','{"cat_cancer":{"bf":62,"l":61,"d":67}}');
INSERT INTO daily_meals VALUES(440,1,'2026-02-25',0,15,0,2,0,44,10,1,0,15,0,1,'2026-03-20 05:52:50','2026-03-20 06:19:58','{"cat_cancer":{"bf":69,"l":58,"d":61}}');
INSERT INTO daily_meals VALUES(442,1,'2026-02-26',0,15,0,2,0,44,12,2,0,15,0,0,'2026-03-20 05:53:00','2026-03-20 06:19:58','{"cat_cancer":{"bf":73,"l":59,"d":64}}');
INSERT INTO daily_meals VALUES(443,1,'2026-02-27',0,15,0,2,0,44,6,1,0,15,0,1,'2026-03-20 05:53:04','2026-03-20 06:19:58','{"cat_cancer":{"bf":67,"l":59,"d":64}}');
INSERT INTO daily_meals VALUES(444,1,'2026-02-28',0,9,0,2,0,25,1,1,0,9,0,1,'2026-03-20 05:53:16','2026-03-20 06:19:58','{"cat_cancer":{"bf":69,"l":54,"d":56}}');
INSERT INTO daily_meals VALUES(771,1,'2026-03-14',0,0,0,0,0,0,0,0,0,0,0,0,'2026-03-20 07:09:28','2026-04-01 16:48:55','{"diet_preset_nc_guardian_1":{"bf":2,"l":2,"d":2},"diet_preset_nc_outpatient_1":{"bf":0,"l":1,"d":0},"cat_cancer":{"bf":61,"l":42,"d":50},"diet_preset_staff_regular_1":{"bf":9,"l":25,"d":9},"preset_staff_special_1":{"bf":0,"l":0,"d":0},"preset_staff_night_1":{"bf":0,"l":0,"d":0},"diet_preset_therapy_gastrectomy_1":{"bf":0,"l":0,"d":0},"diet_preset_therapy_lowresidue_1":{"bf":0,"l":0,"d":0},"diet_preset_therapy_lowiodine_1":{"bf":0,"l":0,"d":0}}');
INSERT INTO daily_meals VALUES(774,1,'2026-03-15',0,0,0,0,0,0,0,0,0,0,0,0,'2026-03-20 07:09:43','2026-04-01 16:48:55','{"diet_preset_nc_guardian_1":{"bf":2,"l":1,"d":2},"diet_preset_nc_outpatient_1":{"bf":0,"l":0,"d":0},"cat_cancer":{"bf":56,"l":48,"d":55},"diet_preset_staff_regular_1":{"bf":9,"l":19,"d":9},"preset_staff_special_1":{"bf":0,"l":0,"d":0},"preset_staff_night_1":{"bf":0,"l":0,"d":0},"diet_preset_therapy_gastrectomy_1":{"bf":0,"l":0,"d":0},"diet_preset_therapy_lowresidue_1":{"bf":0,"l":0,"d":0},"diet_preset_therapy_lowiodine_1":{"bf":0,"l":0,"d":0}}');
INSERT INTO daily_meals VALUES(775,1,'2026-03-16',0,0,0,0,0,0,0,0,0,0,0,0,'2026-03-20 07:09:46','2026-04-01 16:48:55','{"diet_preset_nc_guardian_1":{"bf":2,"l":2,"d":2},"diet_preset_nc_outpatient_1":{"bf":0,"l":12,"d":0},"cat_cancer":{"bf":56,"l":47,"d":53},"diet_preset_staff_regular_1":{"bf":15,"l":44,"d":15},"preset_staff_special_1":{"bf":0,"l":0,"d":0},"preset_staff_night_1":{"bf":0,"l":0,"d":0},"diet_preset_therapy_gastrectomy_1":{"bf":0,"l":0,"d":0},"diet_preset_therapy_lowresidue_1":{"bf":0,"l":0,"d":0},"diet_preset_therapy_lowiodine_1":{"bf":0,"l":0,"d":0}}');
INSERT INTO daily_meals VALUES(777,1,'2026-03-17',0,0,0,0,0,0,0,0,0,0,0,0,'2026-03-20 07:09:54','2026-04-01 16:48:55','{"diet_preset_nc_guardian_1":{"bf":3,"l":2,"d":2},"diet_preset_nc_outpatient_1":{"bf":0,"l":7,"d":0},"cat_cancer":{"bf":58,"l":48,"d":53},"diet_preset_staff_regular_1":{"bf":15,"l":44,"d":15},"preset_staff_special_1":{"bf":0,"l":0,"d":0},"preset_staff_night_1":{"bf":0,"l":0,"d":0},"diet_preset_therapy_gastrectomy_1":{"bf":0,"l":0,"d":0},"diet_preset_therapy_lowresidue_1":{"bf":0,"l":0,"d":0},"diet_preset_therapy_lowiodine_1":{"bf":0,"l":0,"d":0}}');
INSERT INTO daily_meals VALUES(778,1,'2026-03-18',0,0,0,0,0,0,0,0,0,0,0,0,'2026-03-20 07:10:00','2026-04-01 16:48:55','{"diet_preset_nc_guardian_1":{"bf":3,"l":3,"d":2},"diet_preset_nc_outpatient_1":{"bf":0,"l":11,"d":0},"cat_cancer":{"bf":62,"l":62,"d":64},"diet_preset_staff_regular_1":{"bf":15,"l":44,"d":15},"preset_staff_special_1":{"bf":0,"l":0,"d":0},"preset_staff_night_1":{"bf":0,"l":0,"d":0},"diet_preset_therapy_gastrectomy_1":{"bf":0,"l":0,"d":0},"diet_preset_therapy_lowresidue_1":{"bf":0,"l":0,"d":0},"diet_preset_therapy_lowiodine_1":{"bf":0,"l":0,"d":0}}');
INSERT INTO daily_meals VALUES(779,1,'2026-03-19',0,0,0,0,0,0,0,0,0,0,0,0,'2026-03-20 07:10:02','2026-04-01 16:48:55','{"diet_preset_nc_guardian_1":{"bf":3,"l":3,"d":3},"diet_preset_nc_outpatient_1":{"bf":0,"l":10,"d":0},"cat_cancer":{"bf":61,"l":56,"d":62},"diet_preset_staff_regular_1":{"bf":15,"l":44,"d":15},"preset_staff_special_1":{"bf":0,"l":0,"d":0},"preset_staff_night_1":{"bf":0,"l":0,"d":0},"diet_preset_therapy_gastrectomy_1":{"bf":0,"l":0,"d":0},"diet_preset_therapy_lowresidue_1":{"bf":0,"l":0,"d":0},"diet_preset_therapy_lowiodine_1":{"bf":0,"l":0,"d":0}}');
INSERT INTO daily_meals VALUES(913,1,'2026-03-20',0,0,0,0,0,0,0,0,0,0,0,0,'2026-03-20 07:16:09','2026-04-01 16:48:55','{"diet_preset_nc_guardian_1":{"bf":2,"l":1,"d":2},"diet_preset_nc_outpatient_1":{"bf":0,"l":4,"d":0},"cat_cancer":{"bf":64,"l":53,"d":57},"diet_preset_staff_regular_1":{"bf":15,"l":44,"d":15},"preset_staff_special_1":{"bf":0,"l":0,"d":0},"preset_staff_night_1":{"bf":0,"l":0,"d":0},"diet_preset_therapy_gastrectomy_1":{"bf":0,"l":0,"d":0},"diet_preset_therapy_lowresidue_1":{"bf":0,"l":0,"d":0},"diet_preset_therapy_lowiodine_1":{"bf":0,"l":0,"d":0}}');
INSERT INTO daily_meals VALUES(1026,2,'2026-03-01',0,0,0,0,0,0,0,0,0,0,0,0,'2026-03-29 03:14:54','2026-03-29 14:08:02','{"diet_preset_nc_guardian_2":{"bf":9,"l":11,"d":12},"diet_preset_nc_rice_extra_2":{"bf":0,"l":0,"d":0},"cat_cancer":{"bf":91,"l":75,"d":74},"diet_preset_staff_general_2":{"bf":33,"l":54,"d":32},"diet_preset_therapy_gastrectomy_2":{"bf":0,"l":0,"d":0},"diet_preset_therapy_lowresidue_2":{"bf":0,"l":0,"d":0},"diet_preset_therapy_lowiodine_2":{"bf":0,"l":0,"d":0},"diet_preset_therapy_other_2":{"bf":0,"l":0,"d":0}}');
INSERT INTO daily_meals VALUES(1029,2,'2026-03-02',0,0,0,0,0,0,0,0,0,0,0,0,'2026-03-29 03:15:21','2026-03-29 14:08:02','{"diet_preset_nc_guardian_2":{"bf":9,"l":9,"d":10},"diet_preset_nc_rice_extra_2":{"bf":0,"l":0,"d":0},"cat_cancer":{"bf":87,"l":75,"d":83},"diet_preset_staff_general_2":{"bf":34,"l":53,"d":32},"diet_preset_therapy_gastrectomy_2":{"bf":0,"l":0,"d":0},"diet_preset_therapy_lowresidue_2":{"bf":0,"l":0,"d":0},"diet_preset_therapy_lowiodine_2":{"bf":0,"l":0,"d":0},"diet_preset_therapy_other_2":{"bf":0,"l":0,"d":0}}');
INSERT INTO daily_meals VALUES(1030,2,'2026-03-03',0,0,0,0,0,0,0,0,0,0,0,0,'2026-03-29 03:15:23','2026-03-29 14:08:02','{"diet_preset_nc_guardian_2":{"bf":7,"l":8,"d":11},"diet_preset_nc_rice_extra_2":{"bf":0,"l":0,"d":0},"cat_cancer":{"bf":84,"l":80,"d":86},"diet_preset_staff_general_2":{"bf":33,"l":86,"d":31},"diet_preset_therapy_gastrectomy_2":{"bf":0,"l":0,"d":0},"diet_preset_therapy_lowresidue_2":{"bf":0,"l":0,"d":0},"diet_preset_therapy_lowiodine_2":{"bf":0,"l":0,"d":0},"diet_preset_therapy_other_2":{"bf":0,"l":0,"d":0}}');
INSERT INTO daily_meals VALUES(1031,2,'2026-03-04',0,0,0,0,0,0,0,0,0,0,0,0,'2026-03-29 03:15:27','2026-03-29 14:08:03','{"diet_preset_nc_guardian_2":{"bf":8,"l":7,"d":12},"diet_preset_nc_rice_extra_2":{"bf":0,"l":0,"d":0},"cat_cancer":{"bf":94,"l":81,"d":82},"diet_preset_staff_general_2":{"bf":34,"l":85,"d":32},"diet_preset_therapy_gastrectomy_2":{"bf":0,"l":0,"d":0},"diet_preset_therapy_lowresidue_2":{"bf":0,"l":0,"d":0},"diet_preset_therapy_lowiodine_2":{"bf":0,"l":0,"d":0},"diet_preset_therapy_other_2":{"bf":0,"l":0,"d":0}}');
INSERT INTO daily_meals VALUES(1032,2,'2026-03-05',0,0,0,0,0,0,0,0,0,0,0,0,'2026-03-29 03:15:29','2026-03-29 14:08:03','{"diet_preset_nc_guardian_2":{"bf":12,"l":13,"d":11},"diet_preset_nc_rice_extra_2":{"bf":0,"l":0,"d":0},"cat_cancer":{"bf":100,"l":91,"d":91},"diet_preset_staff_general_2":{"bf":33,"l":86,"d":32},"diet_preset_therapy_gastrectomy_2":{"bf":0,"l":0,"d":0},"diet_preset_therapy_lowresidue_2":{"bf":0,"l":0,"d":0},"diet_preset_therapy_lowiodine_2":{"bf":0,"l":0,"d":0},"diet_preset_therapy_other_2":{"bf":0,"l":0,"d":0}}');
INSERT INTO daily_meals VALUES(1033,2,'2026-03-06',0,0,0,0,0,0,0,0,0,0,0,0,'2026-03-29 03:15:32','2026-03-29 14:08:03','{"diet_preset_nc_guardian_2":{"bf":6,"l":7,"d":8},"diet_preset_nc_rice_extra_2":{"bf":0,"l":0,"d":0},"cat_cancer":{"bf":98,"l":92,"d":102},"diet_preset_staff_general_2":{"bf":31,"l":84,"d":32},"diet_preset_therapy_gastrectomy_2":{"bf":0,"l":0,"d":0},"diet_preset_therapy_lowresidue_2":{"bf":0,"l":0,"d":0},"diet_preset_therapy_lowiodine_2":{"bf":0,"l":0,"d":0},"diet_preset_therapy_other_2":{"bf":0,"l":0,"d":0}}');
INSERT INTO daily_meals VALUES(1034,2,'2026-03-07',0,0,0,0,0,0,0,0,0,0,0,0,'2026-03-29 03:15:35','2026-03-29 14:08:03','{"diet_preset_nc_guardian_2":{"bf":10,"l":14,"d":12},"diet_preset_nc_rice_extra_2":{"bf":0,"l":0,"d":0},"cat_cancer":{"bf":108,"l":90,"d":89},"diet_preset_staff_general_2":{"bf":31,"l":51,"d":32},"diet_preset_therapy_gastrectomy_2":{"bf":0,"l":0,"d":0},"diet_preset_therapy_lowresidue_2":{"bf":0,"l":0,"d":0},"diet_preset_therapy_lowiodine_2":{"bf":0,"l":0,"d":0},"diet_preset_therapy_other_2":{"bf":0,"l":0,"d":0}}');
INSERT INTO daily_meals VALUES(1035,2,'2026-03-08',0,0,0,0,0,0,0,0,0,0,0,0,'2026-03-29 03:15:46','2026-03-29 14:08:03','{"diet_preset_nc_guardian_2":{"bf":12,"l":9,"d":7},"diet_preset_nc_rice_extra_2":{"bf":0,"l":0,"d":0},"cat_cancer":{"bf":95,"l":83,"d":85},"diet_preset_staff_general_2":{"bf":32,"l":54,"d":31},"diet_preset_therapy_gastrectomy_2":{"bf":0,"l":0,"d":0},"diet_preset_therapy_lowresidue_2":{"bf":0,"l":0,"d":0},"diet_preset_therapy_lowiodine_2":{"bf":0,"l":0,"d":0},"diet_preset_therapy_other_2":{"bf":0,"l":0,"d":0}}');
INSERT INTO daily_meals VALUES(1036,2,'2026-03-09',0,0,0,0,0,0,0,0,0,0,0,0,'2026-03-29 03:15:49','2026-03-29 14:08:03','{"diet_preset_nc_guardian_2":{"bf":7,"l":10,"d":14},"diet_preset_nc_rice_extra_2":{"bf":0,"l":0,"d":0},"cat_cancer":{"bf":97,"l":86,"d":82},"diet_preset_staff_general_2":{"bf":33,"l":84,"d":32},"diet_preset_therapy_gastrectomy_2":{"bf":0,"l":0,"d":0},"diet_preset_therapy_lowresidue_2":{"bf":0,"l":0,"d":0},"diet_preset_therapy_lowiodine_2":{"bf":0,"l":0,"d":0},"diet_preset_therapy_other_2":{"bf":0,"l":0,"d":0}}');
INSERT INTO daily_meals VALUES(1037,2,'2026-03-10',0,0,0,0,0,0,0,0,0,0,0,0,'2026-03-29 03:15:54','2026-03-29 14:08:03','{"diet_preset_nc_guardian_2":{"bf":7,"l":12,"d":10},"diet_preset_nc_rice_extra_2":{"bf":0,"l":0,"d":0},"cat_cancer":{"bf":83,"l":84,"d":89},"diet_preset_staff_general_2":{"bf":32,"l":86,"d":34},"diet_preset_therapy_gastrectomy_2":{"bf":0,"l":0,"d":0},"diet_preset_therapy_lowresidue_2":{"bf":0,"l":0,"d":0},"diet_preset_therapy_lowiodine_2":{"bf":0,"l":0,"d":0},"diet_preset_therapy_other_2":{"bf":0,"l":0,"d":0}}');
INSERT INTO daily_meals VALUES(1038,2,'2026-03-11',0,0,0,0,0,0,0,0,0,0,0,0,'2026-03-29 03:15:56','2026-03-29 14:08:03','{"diet_preset_nc_guardian_2":{"bf":5,"l":13,"d":11},"diet_preset_nc_rice_extra_2":{"bf":0,"l":0,"d":0},"cat_cancer":{"bf":90,"l":82,"d":87},"diet_preset_staff_general_2":{"bf":33,"l":85,"d":32},"diet_preset_therapy_gastrectomy_2":{"bf":0,"l":0,"d":0},"diet_preset_therapy_lowresidue_2":{"bf":0,"l":0,"d":0},"diet_preset_therapy_lowiodine_2":{"bf":0,"l":0,"d":0},"diet_preset_therapy_other_2":{"bf":0,"l":0,"d":0}}');
INSERT INTO daily_meals VALUES(1039,2,'2026-03-12',0,0,0,0,0,0,0,0,0,0,0,0,'2026-03-29 03:15:58','2026-03-29 14:08:03','{"diet_preset_nc_guardian_2":{"bf":10,"l":15,"d":10},"diet_preset_nc_rice_extra_2":{"bf":0,"l":0,"d":0},"cat_cancer":{"bf":101,"l":97,"d":89},"diet_preset_staff_general_2":{"bf":33,"l":86,"d":34},"diet_preset_therapy_gastrectomy_2":{"bf":0,"l":0,"d":0},"diet_preset_therapy_lowresidue_2":{"bf":0,"l":0,"d":0},"diet_preset_therapy_lowiodine_2":{"bf":0,"l":0,"d":0},"diet_preset_therapy_other_2":{"bf":0,"l":0,"d":0}}');
INSERT INTO daily_meals VALUES(1040,2,'2026-03-13',0,0,0,0,0,0,0,0,0,0,0,0,'2026-03-29 03:16:05','2026-03-29 14:08:03','{"diet_preset_nc_guardian_2":{"bf":6,"l":8,"d":11},"diet_preset_nc_rice_extra_2":{"bf":0,"l":0,"d":0},"cat_cancer":{"bf":99,"l":88,"d":92},"diet_preset_staff_general_2":{"bf":32,"l":84,"d":33},"diet_preset_therapy_gastrectomy_2":{"bf":0,"l":0,"d":0},"diet_preset_therapy_lowresidue_2":{"bf":0,"l":0,"d":0},"diet_preset_therapy_lowiodine_2":{"bf":0,"l":0,"d":0},"diet_preset_therapy_other_2":{"bf":0,"l":0,"d":0}}');
INSERT INTO daily_meals VALUES(1041,2,'2026-03-14',0,0,0,0,0,0,0,0,0,0,0,0,'2026-03-29 03:16:08','2026-03-29 14:08:03','{"diet_preset_nc_guardian_2":{"bf":6,"l":11,"d":0},"diet_preset_nc_rice_extra_2":{"bf":0,"l":0,"d":0},"cat_cancer":{"bf":99,"l":83,"d":68},"diet_preset_staff_general_2":{"bf":32,"l":52,"d":31},"diet_preset_therapy_gastrectomy_2":{"bf":0,"l":0,"d":0},"diet_preset_therapy_lowresidue_2":{"bf":0,"l":0,"d":0},"diet_preset_therapy_lowiodine_2":{"bf":0,"l":0,"d":0},"diet_preset_therapy_other_2":{"bf":0,"l":0,"d":0}}');
INSERT INTO daily_meals VALUES(1042,2,'2026-03-15',0,0,0,0,0,0,0,0,0,0,0,0,'2026-03-29 03:16:09','2026-03-29 14:08:03','{"diet_preset_nc_guardian_2":{"bf":9,"l":11,"d":9},"diet_preset_nc_rice_extra_2":{"bf":0,"l":0,"d":0},"cat_cancer":{"bf":81,"l":65,"d":64},"diet_preset_staff_general_2":{"bf":33,"l":54,"d":32},"diet_preset_therapy_gastrectomy_2":{"bf":0,"l":0,"d":0},"diet_preset_therapy_lowresidue_2":{"bf":0,"l":0,"d":0},"diet_preset_therapy_lowiodine_2":{"bf":0,"l":0,"d":0},"diet_preset_therapy_other_2":{"bf":0,"l":0,"d":0}}');
INSERT INTO daily_meals VALUES(1043,2,'2026-03-16',0,0,0,0,0,0,0,0,0,0,0,0,'2026-03-29 03:16:13','2026-03-29 14:08:03','{"diet_preset_nc_guardian_2":{"bf":6,"l":10,"d":4},"diet_preset_nc_rice_extra_2":{"bf":0,"l":0,"d":0},"cat_cancer":{"bf":79,"l":78,"d":84},"diet_preset_staff_general_2":{"bf":32,"l":84,"d":31},"diet_preset_therapy_gastrectomy_2":{"bf":0,"l":0,"d":0},"diet_preset_therapy_lowresidue_2":{"bf":0,"l":0,"d":0},"diet_preset_therapy_lowiodine_2":{"bf":0,"l":0,"d":0},"diet_preset_therapy_other_2":{"bf":0,"l":0,"d":0}}');
INSERT INTO daily_meals VALUES(1044,2,'2026-03-17',0,0,0,0,0,0,0,0,0,0,0,0,'2026-03-29 03:16:16','2026-03-29 14:08:03','{"diet_preset_nc_guardian_2":{"bf":5,"l":8,"d":7},"diet_preset_nc_rice_extra_2":{"bf":0,"l":0,"d":0},"cat_cancer":{"bf":89,"l":81,"d":93},"diet_preset_staff_general_2":{"bf":33,"l":86,"d":32},"diet_preset_therapy_gastrectomy_2":{"bf":0,"l":0,"d":0},"diet_preset_therapy_lowresidue_2":{"bf":0,"l":0,"d":0},"diet_preset_therapy_lowiodine_2":{"bf":0,"l":0,"d":0},"diet_preset_therapy_other_2":{"bf":0,"l":0,"d":0}}');
INSERT INTO daily_meals VALUES(1045,2,'2026-03-18',0,0,0,0,0,0,0,0,0,0,0,0,'2026-03-29 03:16:25','2026-03-29 14:08:03','{"diet_preset_nc_guardian_2":{"bf":11,"l":11,"d":10},"diet_preset_nc_rice_extra_2":{"bf":0,"l":0,"d":0},"cat_cancer":{"bf":102,"l":91,"d":90},"diet_preset_staff_general_2":{"bf":34,"l":85,"d":33},"diet_preset_therapy_gastrectomy_2":{"bf":0,"l":0,"d":0},"diet_preset_therapy_lowresidue_2":{"bf":0,"l":0,"d":0},"diet_preset_therapy_lowiodine_2":{"bf":0,"l":0,"d":0},"diet_preset_therapy_other_2":{"bf":0,"l":0,"d":0}}');
INSERT INTO daily_meals VALUES(1046,2,'2026-03-19',0,0,0,0,0,0,0,0,0,0,0,0,'2026-03-29 03:16:27','2026-03-29 14:08:03','{"diet_preset_nc_guardian_2":{"bf":13,"l":12,"d":10},"diet_preset_nc_rice_extra_2":{"bf":0,"l":0,"d":0},"cat_cancer":{"bf":105,"l":93,"d":105},"diet_preset_staff_general_2":{"bf":32,"l":86,"d":33},"diet_preset_therapy_gastrectomy_2":{"bf":0,"l":0,"d":0},"diet_preset_therapy_lowresidue_2":{"bf":0,"l":0,"d":0},"diet_preset_therapy_lowiodine_2":{"bf":0,"l":0,"d":0},"diet_preset_therapy_other_2":{"bf":0,"l":0,"d":0}}');
INSERT INTO daily_meals VALUES(1047,2,'2026-03-20',0,0,0,0,0,0,0,0,0,0,0,0,'2026-03-29 03:16:30','2026-03-29 14:08:03','{"diet_preset_nc_guardian_2":{"bf":11,"l":12,"d":13},"diet_preset_nc_rice_extra_2":{"bf":0,"l":0,"d":0},"cat_cancer":{"bf":111,"l":93,"d":91},"diet_preset_staff_general_2":{"bf":33,"l":85,"d":32},"diet_preset_therapy_gastrectomy_2":{"bf":0,"l":0,"d":0},"diet_preset_therapy_lowresidue_2":{"bf":0,"l":0,"d":0},"diet_preset_therapy_lowiodine_2":{"bf":0,"l":0,"d":0},"diet_preset_therapy_other_2":{"bf":0,"l":0,"d":0}}');
INSERT INTO daily_meals VALUES(1048,2,'2026-03-21',0,0,0,0,0,0,0,0,0,0,0,0,'2026-03-29 03:16:32','2026-03-29 14:08:03','{"diet_preset_nc_guardian_2":{"bf":13,"l":13,"d":13},"diet_preset_nc_rice_extra_2":{"bf":0,"l":0,"d":0},"cat_cancer":{"bf":98,"l":78,"d":75},"diet_preset_staff_general_2":{"bf":32,"l":55,"d":33},"diet_preset_therapy_gastrectomy_2":{"bf":0,"l":0,"d":0},"diet_preset_therapy_lowresidue_2":{"bf":0,"l":0,"d":0},"diet_preset_therapy_lowiodine_2":{"bf":0,"l":0,"d":0},"diet_preset_therapy_other_2":{"bf":0,"l":0,"d":0}}');
INSERT INTO daily_meals VALUES(1049,2,'2026-03-22',0,0,0,0,0,0,0,0,0,0,0,0,'2026-03-29 03:16:39','2026-03-29 14:08:03','{"diet_preset_nc_guardian_2":{"bf":11,"l":12,"d":11},"diet_preset_nc_rice_extra_2":{"bf":0,"l":0,"d":0},"cat_cancer":{"bf":84,"l":77,"d":79},"diet_preset_staff_general_2":{"bf":32,"l":55,"d":31},"diet_preset_therapy_gastrectomy_2":{"bf":0,"l":0,"d":0},"diet_preset_therapy_lowresidue_2":{"bf":0,"l":0,"d":0},"diet_preset_therapy_lowiodine_2":{"bf":0,"l":0,"d":0},"diet_preset_therapy_other_2":{"bf":0,"l":0,"d":0}}');
INSERT INTO daily_meals VALUES(1050,2,'2026-03-23',0,0,0,0,0,0,0,0,0,0,0,0,'2026-03-29 03:16:40','2026-03-29 14:08:03','{"diet_preset_nc_guardian_2":{"bf":7,"l":10,"d":13},"diet_preset_nc_rice_extra_2":{"bf":0,"l":0,"d":0},"cat_cancer":{"bf":94,"l":77,"d":85},"diet_preset_staff_general_2":{"bf":33,"l":84,"d":32},"diet_preset_therapy_gastrectomy_2":{"bf":0,"l":0,"d":0},"diet_preset_therapy_lowresidue_2":{"bf":0,"l":0,"d":0},"diet_preset_therapy_lowiodine_2":{"bf":0,"l":0,"d":0},"diet_preset_therapy_other_2":{"bf":0,"l":0,"d":0}}');
INSERT INTO daily_meals VALUES(1051,2,'2026-03-24',0,0,0,0,0,0,0,0,0,0,0,0,'2026-03-29 03:16:44','2026-03-29 14:08:03','{"diet_preset_nc_guardian_2":{"bf":10,"l":12,"d":12},"diet_preset_nc_rice_extra_2":{"bf":0,"l":0,"d":0},"cat_cancer":{"bf":99,"l":93,"d":85},"diet_preset_staff_general_2":{"bf":32,"l":85,"d":31},"diet_preset_therapy_gastrectomy_2":{"bf":0,"l":0,"d":0},"diet_preset_therapy_lowresidue_2":{"bf":0,"l":0,"d":0},"diet_preset_therapy_lowiodine_2":{"bf":0,"l":0,"d":0},"diet_preset_therapy_other_2":{"bf":0,"l":0,"d":0}}');
INSERT INTO daily_meals VALUES(1052,2,'2026-03-25',0,0,0,0,0,0,0,0,0,0,0,0,'2026-03-29 03:16:50','2026-03-29 14:08:03','{"diet_preset_nc_guardian_2":{"bf":13,"l":11,"d":7},"diet_preset_nc_rice_extra_2":{"bf":0,"l":0,"d":0},"cat_cancer":{"bf":102,"l":90,"d":91},"diet_preset_staff_general_2":{"bf":32,"l":86,"d":31},"diet_preset_therapy_gastrectomy_2":{"bf":0,"l":0,"d":0},"diet_preset_therapy_lowresidue_2":{"bf":0,"l":0,"d":0},"diet_preset_therapy_lowiodine_2":{"bf":0,"l":0,"d":0},"diet_preset_therapy_other_2":{"bf":0,"l":0,"d":0}}');
INSERT INTO daily_meals VALUES(1053,2,'2026-03-26',0,0,0,0,0,0,0,0,0,0,0,0,'2026-03-29 03:16:53','2026-03-29 14:08:03','{"diet_preset_nc_guardian_2":{"bf":12,"l":14,"d":12},"diet_preset_nc_rice_extra_2":{"bf":0,"l":0,"d":0},"cat_cancer":{"bf":100,"l":81,"d":90},"diet_preset_staff_general_2":{"bf":33,"l":85,"d":32},"diet_preset_therapy_gastrectomy_2":{"bf":0,"l":0,"d":0},"diet_preset_therapy_lowresidue_2":{"bf":0,"l":0,"d":0},"diet_preset_therapy_lowiodine_2":{"bf":0,"l":0,"d":0},"diet_preset_therapy_other_2":{"bf":0,"l":0,"d":0}}');
INSERT INTO daily_meals VALUES(1054,2,'2026-03-27',0,0,0,0,0,0,0,0,0,0,0,0,'2026-03-29 03:16:55','2026-03-29 14:08:03','{"diet_preset_nc_guardian_2":{"bf":14,"l":13,"d":11},"diet_preset_nc_rice_extra_2":{"bf":0,"l":0,"d":0},"cat_cancer":{"bf":100,"l":90,"d":86},"diet_preset_staff_general_2":{"bf":32,"l":84,"d":31},"diet_preset_therapy_gastrectomy_2":{"bf":0,"l":0,"d":0},"diet_preset_therapy_lowresidue_2":{"bf":0,"l":0,"d":0},"diet_preset_therapy_lowiodine_2":{"bf":0,"l":0,"d":0},"diet_preset_therapy_other_2":{"bf":0,"l":0,"d":0}}');
INSERT INTO daily_meals VALUES(1055,2,'2026-03-28',0,0,0,0,0,0,0,0,0,0,0,0,'2026-03-29 03:17:18','2026-03-29 14:08:03','{"diet_preset_nc_guardian_2":{"bf":13,"l":11,"d":7},"diet_preset_nc_rice_extra_2":{"bf":0,"l":0,"d":0},"cat_cancer":{"bf":82,"l":74,"d":71},"diet_preset_staff_general_2":{"bf":31,"l":54,"d":34},"diet_preset_therapy_gastrectomy_2":{"bf":0,"l":0,"d":0},"diet_preset_therapy_lowresidue_2":{"bf":0,"l":0,"d":0},"diet_preset_therapy_lowiodine_2":{"bf":0,"l":0,"d":0},"diet_preset_therapy_other_2":{"bf":0,"l":0,"d":0}}');
INSERT INTO daily_meals VALUES(1399,1,'2026-03-21',0,0,0,0,0,0,0,0,0,0,0,0,'2026-03-30 05:42:56','2026-04-01 16:48:55','{"diet_preset_nc_guardian_1":{"bf":3,"l":3,"d":2},"diet_preset_nc_outpatient_1":{"bf":0,"l":1,"d":0},"cat_cancer":{"bf":68,"l":66,"d":70},"diet_preset_staff_regular_1":{"bf":9,"l":25,"d":9},"preset_staff_special_1":{"bf":0,"l":0,"d":0},"preset_staff_night_1":{"bf":0,"l":0,"d":0},"diet_preset_therapy_gastrectomy_1":{"bf":0,"l":0,"d":0},"diet_preset_therapy_lowresidue_1":{"bf":0,"l":0,"d":0},"diet_preset_therapy_lowiodine_1":{"bf":0,"l":0,"d":0}}');
INSERT INTO daily_meals VALUES(1401,1,'2026-03-22',0,0,0,0,0,0,0,0,0,0,0,0,'2026-03-30 05:43:04','2026-04-01 16:48:55','{"diet_preset_nc_guardian_1":{"bf":3,"l":2,"d":2},"diet_preset_nc_outpatient_1":{"bf":0,"l":0,"d":0},"cat_cancer":{"bf":69,"l":50,"d":62},"diet_preset_staff_regular_1":{"bf":9,"l":19,"d":9},"preset_staff_special_1":{"bf":0,"l":0,"d":0},"preset_staff_night_1":{"bf":0,"l":0,"d":0},"diet_preset_therapy_gastrectomy_1":{"bf":0,"l":0,"d":0},"diet_preset_therapy_lowresidue_1":{"bf":0,"l":0,"d":0},"diet_preset_therapy_lowiodine_1":{"bf":0,"l":0,"d":0}}');
INSERT INTO daily_meals VALUES(1402,1,'2026-03-23',0,0,0,0,0,0,0,0,0,0,0,0,'2026-03-30 05:43:06','2026-04-01 16:48:55','{"diet_preset_nc_guardian_1":{"bf":3,"l":0,"d":2},"diet_preset_nc_outpatient_1":{"bf":0,"l":11,"d":0},"cat_cancer":{"bf":61,"l":58,"d":60},"diet_preset_staff_regular_1":{"bf":15,"l":44,"d":15},"preset_staff_special_1":{"bf":0,"l":0,"d":0},"preset_staff_night_1":{"bf":0,"l":0,"d":0},"diet_preset_therapy_gastrectomy_1":{"bf":0,"l":0,"d":0},"diet_preset_therapy_lowresidue_1":{"bf":0,"l":0,"d":0},"diet_preset_therapy_lowiodine_1":{"bf":0,"l":0,"d":0}}');
INSERT INTO daily_meals VALUES(1403,1,'2026-03-24',0,0,0,0,0,0,0,0,0,0,0,0,'2026-03-30 05:43:11','2026-04-01 16:48:55','{"diet_preset_nc_guardian_1":{"bf":3,"l":2,"d":2},"diet_preset_nc_outpatient_1":{"bf":0,"l":10,"d":0},"cat_cancer":{"bf":67,"l":62,"d":61},"diet_preset_staff_regular_1":{"bf":15,"l":44,"d":15},"preset_staff_special_1":{"bf":0,"l":0,"d":0},"preset_staff_night_1":{"bf":0,"l":0,"d":0},"diet_preset_therapy_gastrectomy_1":{"bf":0,"l":0,"d":0},"diet_preset_therapy_lowresidue_1":{"bf":0,"l":0,"d":0},"diet_preset_therapy_lowiodine_1":{"bf":0,"l":0,"d":0}}');
INSERT INTO daily_meals VALUES(1404,1,'2026-03-25',0,0,0,0,0,0,0,0,0,0,0,0,'2026-03-30 05:43:13','2026-04-01 16:48:55','{"diet_preset_nc_guardian_1":{"bf":3,"l":2,"d":2},"diet_preset_nc_outpatient_1":{"bf":0,"l":10,"d":0},"cat_cancer":{"bf":62,"l":59,"d":59},"diet_preset_staff_regular_1":{"bf":15,"l":44,"d":15},"preset_staff_special_1":{"bf":0,"l":0,"d":0},"preset_staff_night_1":{"bf":0,"l":0,"d":0},"diet_preset_therapy_gastrectomy_1":{"bf":0,"l":0,"d":0},"diet_preset_therapy_lowresidue_1":{"bf":0,"l":0,"d":0},"diet_preset_therapy_lowiodine_1":{"bf":0,"l":0,"d":0}}');
INSERT INTO daily_meals VALUES(1405,1,'2026-03-26',0,0,0,0,0,0,0,0,0,0,0,0,'2026-03-30 05:43:17','2026-04-01 16:48:55','{"diet_preset_nc_guardian_1":{"bf":1,"l":1,"d":2},"diet_preset_nc_outpatient_1":{"bf":0,"l":6,"d":0},"cat_cancer":{"bf":61,"l":52,"d":51},"diet_preset_staff_regular_1":{"bf":15,"l":44,"d":15},"preset_staff_special_1":{"bf":0,"l":0,"d":0},"preset_staff_night_1":{"bf":0,"l":0,"d":0},"diet_preset_therapy_gastrectomy_1":{"bf":0,"l":0,"d":0},"diet_preset_therapy_lowresidue_1":{"bf":0,"l":0,"d":0},"diet_preset_therapy_lowiodine_1":{"bf":0,"l":0,"d":0}}');
INSERT INTO daily_meals VALUES(1406,1,'2026-03-27',0,0,0,0,0,0,0,0,0,0,0,0,'2026-03-30 05:43:19','2026-04-01 16:48:55','{"diet_preset_nc_guardian_1":{"bf":4,"l":2,"d":2},"diet_preset_nc_outpatient_1":{"bf":0,"l":9,"d":0},"cat_cancer":{"bf":57,"l":55,"d":53},"diet_preset_staff_regular_1":{"bf":15,"l":44,"d":15},"preset_staff_special_1":{"bf":0,"l":0,"d":0},"preset_staff_night_1":{"bf":0,"l":0,"d":0},"diet_preset_therapy_gastrectomy_1":{"bf":0,"l":0,"d":0},"diet_preset_therapy_lowresidue_1":{"bf":0,"l":0,"d":0},"diet_preset_therapy_lowiodine_1":{"bf":0,"l":0,"d":0}}');
INSERT INTO daily_meals VALUES(1407,1,'2026-03-28',0,0,0,0,0,0,0,0,0,0,0,0,'2026-03-30 05:43:19','2026-04-01 16:48:55','{"diet_preset_nc_guardian_1":{"bf":4,"l":4,"d":4},"diet_preset_nc_outpatient_1":{"bf":0,"l":1,"d":0},"cat_cancer":{"bf":64,"l":43,"d":53},"diet_preset_staff_regular_1":{"bf":9,"l":25,"d":9},"preset_staff_special_1":{"bf":0,"l":0,"d":0},"preset_staff_night_1":{"bf":0,"l":0,"d":0},"diet_preset_therapy_gastrectomy_1":{"bf":0,"l":0,"d":0},"diet_preset_therapy_lowresidue_1":{"bf":0,"l":0,"d":0},"diet_preset_therapy_lowiodine_1":{"bf":0,"l":0,"d":0}}');
INSERT INTO daily_meals VALUES(1435,1,'2026-03-29',0,0,0,0,0,0,0,0,0,0,0,0,'2026-03-30 05:44:40','2026-04-01 16:48:55','{"diet_preset_nc_guardian_1":{"bf":5,"l":5,"d":4},"diet_preset_nc_outpatient_1":{"bf":0,"l":0,"d":0},"cat_cancer":{"bf":59,"l":46,"d":53},"diet_preset_staff_regular_1":{"bf":9,"l":19,"d":9},"preset_staff_special_1":{"bf":0,"l":0,"d":0},"preset_staff_night_1":{"bf":0,"l":0,"d":0},"diet_preset_therapy_gastrectomy_1":{"bf":0,"l":0,"d":0},"diet_preset_therapy_lowresidue_1":{"bf":0,"l":0,"d":0},"diet_preset_therapy_lowiodine_1":{"bf":0,"l":0,"d":0}}');
INSERT INTO daily_meals VALUES(1704,1,'2026-03-30',0,0,0,0,0,0,0,0,0,0,0,0,'2026-04-01 16:47:12','2026-04-01 16:48:55','{"diet_preset_nc_guardian_1":{"bf":4,"l":4,"d":3},"diet_preset_nc_outpatient_1":{"bf":0,"l":9,"d":0},"cat_cancer":{"bf":55,"l":47,"d":57},"diet_preset_staff_regular_1":{"bf":15,"l":44,"d":15},"preset_staff_special_1":{"bf":0,"l":0,"d":0},"preset_staff_night_1":{"bf":0,"l":0,"d":0},"diet_preset_therapy_gastrectomy_1":{"bf":0,"l":0,"d":0},"diet_preset_therapy_lowresidue_1":{"bf":0,"l":0,"d":0},"diet_preset_therapy_lowiodine_1":{"bf":0,"l":0,"d":0}}');
INSERT INTO daily_meals VALUES(1705,1,'2026-03-31',0,0,0,0,0,0,0,0,0,0,0,0,'2026-04-01 16:47:21','2026-04-01 16:48:55','{"diet_preset_nc_guardian_1":{"bf":4,"l":3,"d":3},"diet_preset_nc_outpatient_1":{"bf":0,"l":11,"d":0},"cat_cancer":{"bf":57,"l":44,"d":50},"diet_preset_staff_regular_1":{"bf":15,"l":44,"d":15},"preset_staff_special_1":{"bf":0,"l":0,"d":0},"preset_staff_night_1":{"bf":0,"l":0,"d":0},"diet_preset_therapy_gastrectomy_1":{"bf":0,"l":0,"d":0},"diet_preset_therapy_lowresidue_1":{"bf":0,"l":0,"d":0},"diet_preset_therapy_lowiodine_1":{"bf":0,"l":0,"d":0}}');
INSERT INTO daily_meals VALUES(1706,3,'2026-03-01',0,0,0,0,0,0,0,0,0,0,0,0,'2026-04-05 15:57:18','2026-04-09 16:13:00','{"cat_other":{"bf":1,"l":1,"d":27},"diet_preset_nc_nursing_guardian_3":{"bf":41,"l":39,"d":27},"diet_preset_nc_caregiver_3":{"bf":50,"l":50,"d":27},"cat_cancer":{"bf":28,"l":27,"d":27},"cat_nursing":{"bf":113,"l":113,"d":27},"diet_preset_staff_general_3":{"bf":11,"l":27,"d":27},"cat_general":{"bf":46,"l":45,"d":27}}');
INSERT INTO daily_meals VALUES(1711,3,'2026-03-02',0,0,0,0,0,0,0,0,0,0,0,0,'2026-04-05 15:57:47','2026-04-09 16:13:00','{"cat_other":{"bf":1,"l":2,"d":27},"diet_preset_nc_nursing_guardian_3":{"bf":41,"l":40,"d":27},"diet_preset_nc_caregiver_3":{"bf":50,"l":50,"d":27},"cat_cancer":{"bf":28,"l":27,"d":27},"cat_nursing":{"bf":114,"l":115,"d":27},"diet_preset_staff_general_3":{"bf":11,"l":27,"d":27},"cat_general":{"bf":47,"l":47,"d":27}}');
INSERT INTO daily_meals VALUES(1713,3,'2026-03-03',0,0,0,0,0,0,0,0,0,0,0,0,'2026-04-05 15:57:53','2026-04-09 16:13:01','{"cat_other":{"bf":1,"l":2,"d":27},"diet_preset_nc_nursing_guardian_3":{"bf":41,"l":40,"d":27},"diet_preset_nc_caregiver_3":{"bf":50,"l":72,"d":27},"cat_cancer":{"bf":28,"l":29,"d":27},"cat_nursing":{"bf":113,"l":112,"d":27},"diet_preset_staff_general_3":{"bf":11,"l":27,"d":27},"cat_general":{"bf":48,"l":47,"d":27}}');
INSERT INTO daily_meals VALUES(1714,3,'2026-03-04',0,0,0,0,0,0,0,0,0,0,0,0,'2026-04-05 15:58:03','2026-04-09 16:13:01','{"cat_other":{"bf":1,"l":2,"d":27},"diet_preset_nc_nursing_guardian_3":{"bf":40,"l":40,"d":27},"diet_preset_nc_caregiver_3":{"bf":50,"l":72,"d":27},"cat_cancer":{"bf":28,"l":30,"d":27},"cat_nursing":{"bf":113,"l":110,"d":27},"diet_preset_staff_general_3":{"bf":11,"l":27,"d":27},"cat_general":{"bf":48,"l":47,"d":27}}');
INSERT INTO daily_meals VALUES(1715,3,'2026-03-05',0,0,0,0,0,0,0,0,0,0,0,0,'2026-04-05 15:58:06','2026-04-09 16:13:01','{"cat_other":{"bf":1,"l":2,"d":27},"diet_preset_nc_nursing_guardian_3":{"bf":40,"l":40,"d":27},"diet_preset_nc_caregiver_3":{"bf":50,"l":72,"d":27},"cat_cancer":{"bf":25,"l":26,"d":27},"cat_nursing":{"bf":111,"l":107,"d":27},"diet_preset_staff_general_3":{"bf":11,"l":27,"d":27},"cat_general":{"bf":48,"l":47,"d":27}}');
INSERT INTO daily_meals VALUES(1717,3,'2026-03-06',0,0,0,0,0,0,0,0,0,0,0,0,'2026-04-05 15:58:10','2026-04-09 16:13:02','{"cat_other":{"bf":1,"l":2,"d":27},"diet_preset_nc_nursing_guardian_3":{"bf":41,"l":41,"d":27},"diet_preset_nc_caregiver_3":{"bf":50,"l":72,"d":27},"cat_cancer":{"bf":30,"l":31,"d":27},"cat_nursing":{"bf":110,"l":110,"d":27},"diet_preset_staff_general_3":{"bf":11,"l":27,"d":27},"cat_general":{"bf":47,"l":45,"d":27}}');
INSERT INTO daily_meals VALUES(1718,3,'2026-03-07',0,0,0,0,0,0,0,0,0,0,0,0,'2026-04-05 15:58:17','2026-04-09 16:13:02','{"cat_other":{"bf":1,"l":2,"d":27},"diet_preset_nc_nursing_guardian_3":{"bf":40,"l":39,"d":27},"diet_preset_nc_caregiver_3":{"bf":50,"l":50,"d":27},"cat_cancer":{"bf":31,"l":27,"d":27},"cat_nursing":{"bf":110,"l":111,"d":27},"diet_preset_staff_general_3":{"bf":11,"l":27,"d":27},"cat_general":{"bf":47,"l":46,"d":27}}');
INSERT INTO daily_meals VALUES(1719,3,'2026-03-08',0,0,0,0,0,0,0,0,0,0,0,0,'2026-04-05 15:59:52','2026-04-09 16:13:02','{"cat_other":{"bf":1,"l":1,"d":27},"diet_preset_nc_nursing_guardian_3":{"bf":40,"l":40,"d":27},"diet_preset_nc_caregiver_3":{"bf":50,"l":50,"d":27},"cat_cancer":{"bf":31,"l":29,"d":27},"cat_nursing":{"bf":110,"l":109,"d":27},"diet_preset_staff_general_3":{"bf":11,"l":27,"d":27},"cat_general":{"bf":47,"l":46,"d":27}}');
INSERT INTO daily_meals VALUES(1720,3,'2026-03-09',0,0,0,0,0,0,0,0,0,0,0,0,'2026-04-05 15:59:55','2026-04-09 16:13:02','{"cat_other":{"bf":1,"l":1,"d":27},"diet_preset_nc_nursing_guardian_3":{"bf":40,"l":40,"d":27},"diet_preset_nc_caregiver_3":{"bf":50,"l":72,"d":27},"cat_cancer":{"bf":32,"l":28,"d":27},"cat_nursing":{"bf":109,"l":107,"d":27},"diet_preset_staff_general_3":{"bf":11,"l":27,"d":27},"cat_general":{"bf":47,"l":45,"d":27}}');
INSERT INTO daily_meals VALUES(1721,3,'2026-03-10',0,0,0,0,0,0,0,0,0,0,0,0,'2026-04-05 15:59:56','2026-04-09 16:13:03','{"cat_other":{"bf":2,"l":1,"d":27},"diet_preset_nc_nursing_guardian_3":{"bf":40,"l":41,"d":27},"diet_preset_nc_caregiver_3":{"bf":50,"l":72,"d":27},"cat_cancer":{"bf":28,"l":25,"d":27},"cat_nursing":{"bf":107,"l":108,"d":27},"diet_preset_staff_general_3":{"bf":11,"l":27,"d":27},"cat_general":{"bf":45,"l":45,"d":27}}');
INSERT INTO daily_meals VALUES(1722,3,'2026-03-11',0,0,0,0,0,0,0,0,0,0,0,0,'2026-04-05 15:59:57','2026-04-09 16:13:03','{"cat_other":{"bf":2,"l":2,"d":27},"diet_preset_nc_nursing_guardian_3":{"bf":41,"l":41,"d":27},"diet_preset_nc_caregiver_3":{"bf":50,"l":72,"d":27},"cat_cancer":{"bf":27,"l":25,"d":27},"cat_nursing":{"bf":109,"l":110,"d":27},"diet_preset_staff_general_3":{"bf":11,"l":27,"d":27},"cat_general":{"bf":45,"l":44,"d":27}}');
INSERT INTO daily_meals VALUES(1723,3,'2026-03-12',0,0,0,0,0,0,0,0,0,0,0,0,'2026-04-05 16:00:02','2026-04-09 16:13:03','{"cat_other":{"bf":1,"l":2,"d":27},"diet_preset_nc_nursing_guardian_3":{"bf":41,"l":41,"d":27},"diet_preset_nc_caregiver_3":{"bf":50,"l":72,"d":27},"cat_cancer":{"bf":26,"l":31,"d":27},"cat_nursing":{"bf":110,"l":109,"d":27},"diet_preset_staff_general_3":{"bf":11,"l":27,"d":27},"cat_general":{"bf":45,"l":44,"d":27}}');
INSERT INTO daily_meals VALUES(1724,3,'2026-03-13',0,0,0,0,0,0,0,0,0,0,0,0,'2026-04-05 16:00:03','2026-04-09 16:13:03','{"cat_other":{"bf":1,"l":2,"d":27},"diet_preset_nc_nursing_guardian_3":{"bf":42,"l":43,"d":27},"diet_preset_nc_caregiver_3":{"bf":50,"l":72,"d":27},"cat_cancer":{"bf":33,"l":31,"d":27},"cat_nursing":{"bf":109,"l":109,"d":27},"diet_preset_staff_general_3":{"bf":11,"l":27,"d":27},"cat_general":{"bf":45,"l":44,"d":27}}');
INSERT INTO daily_meals VALUES(1725,3,'2026-03-14',0,0,0,0,0,0,0,0,0,0,0,0,'2026-04-05 16:00:09','2026-04-09 16:13:04','{"cat_other":{"bf":2,"l":2,"d":0},"diet_preset_nc_nursing_guardian_3":{"bf":41,"l":41,"d":0},"diet_preset_nc_caregiver_3":{"bf":50,"l":50,"d":0},"cat_cancer":{"bf":30,"l":28,"d":0},"cat_nursing":{"bf":107,"l":107,"d":0},"diet_preset_staff_general_3":{"bf":11,"l":27,"d":0},"cat_general":{"bf":46,"l":45,"d":0}}');
INSERT INTO daily_meals VALUES(1726,3,'2026-03-15',0,0,0,0,0,0,0,0,0,0,0,0,'2026-04-05 16:00:11','2026-04-09 16:13:04','{"cat_other":{"bf":2,"l":3,"d":0},"diet_preset_nc_nursing_guardian_3":{"bf":40,"l":41,"d":0},"diet_preset_nc_caregiver_3":{"bf":50,"l":50,"d":0},"cat_cancer":{"bf":31,"l":30,"d":0},"cat_nursing":{"bf":107,"l":108,"d":0},"diet_preset_staff_general_3":{"bf":11,"l":27,"d":0},"cat_general":{"bf":45,"l":43,"d":0}}');
INSERT INTO daily_meals VALUES(1728,3,'2026-03-17',0,0,0,0,0,0,0,0,0,0,0,0,'2026-04-05 16:00:15','2026-04-09 16:13:04','{"cat_other":{"bf":2,"l":3,"d":0},"diet_preset_nc_nursing_guardian_3":{"bf":40,"l":41,"d":0},"diet_preset_nc_caregiver_3":{"bf":50,"l":72,"d":0},"cat_cancer":{"bf":35,"l":32,"d":0},"cat_nursing":{"bf":106,"l":107,"d":0},"diet_preset_staff_general_3":{"bf":11,"l":27,"d":0},"cat_general":{"bf":49,"l":48,"d":0}}');
INSERT INTO daily_meals VALUES(1729,3,'2026-03-18',0,0,0,0,0,0,0,0,0,0,0,0,'2026-04-05 16:00:21','2026-04-09 16:13:04','{"cat_other":{"bf":2,"l":3,"d":0},"diet_preset_nc_nursing_guardian_3":{"bf":39,"l":38,"d":0},"diet_preset_nc_caregiver_3":{"bf":50,"l":72,"d":0},"cat_cancer":{"bf":36,"l":33,"d":0},"cat_nursing":{"bf":104,"l":104,"d":0},"diet_preset_staff_general_3":{"bf":11,"l":0,"d":0},"cat_general":{"bf":48,"l":48,"d":0}}');
INSERT INTO daily_meals VALUES(1730,3,'2026-03-19',0,0,0,0,0,0,0,0,0,0,0,0,'2026-04-05 16:00:22','2026-04-09 16:13:05','{"cat_other":{"bf":4,"l":5,"d":0},"diet_preset_nc_nursing_guardian_3":{"bf":39,"l":39,"d":0},"diet_preset_nc_caregiver_3":{"bf":50,"l":72,"d":0},"cat_cancer":{"bf":32,"l":28,"d":0},"cat_nursing":{"bf":106,"l":104,"d":0},"diet_preset_staff_general_3":{"bf":11,"l":0,"d":0},"cat_general":{"bf":48,"l":47,"d":0}}');
INSERT INTO daily_meals VALUES(1731,3,'2026-03-20',0,0,0,0,0,0,0,0,0,0,0,0,'2026-04-05 16:00:23','2026-04-09 16:13:05','{"cat_other":{"bf":4,"l":5,"d":0},"diet_preset_nc_nursing_guardian_3":{"bf":38,"l":40,"d":0},"diet_preset_nc_caregiver_3":{"bf":50,"l":72,"d":0},"cat_cancer":{"bf":35,"l":33,"d":0},"cat_nursing":{"bf":106,"l":108,"d":0},"diet_preset_staff_general_3":{"bf":11,"l":0,"d":0},"cat_general":{"bf":48,"l":47,"d":0}}');
INSERT INTO daily_meals VALUES(1732,3,'2026-03-21',0,0,0,0,0,0,0,0,0,0,0,0,'2026-04-05 16:00:27','2026-04-09 16:13:05','{"cat_other":{"bf":4,"l":3,"d":0},"diet_preset_nc_nursing_guardian_3":{"bf":42,"l":42,"d":0},"diet_preset_nc_caregiver_3":{"bf":50,"l":50,"d":0},"cat_cancer":{"bf":37,"l":30,"d":0},"cat_nursing":{"bf":106,"l":103,"d":0},"diet_preset_staff_general_3":{"bf":11,"l":0,"d":0},"cat_general":{"bf":49,"l":48,"d":0}}');
INSERT INTO daily_meals VALUES(1733,3,'2026-03-22',0,0,0,0,0,0,0,0,0,0,0,0,'2026-04-05 16:00:28','2026-04-09 16:13:05','{"cat_other":{"bf":3,"l":4,"d":0},"diet_preset_nc_nursing_guardian_3":{"bf":42,"l":43,"d":0},"diet_preset_nc_caregiver_3":{"bf":50,"l":50,"d":0},"cat_cancer":{"bf":37,"l":35,"d":0},"cat_nursing":{"bf":106,"l":106,"d":0},"diet_preset_staff_general_3":{"bf":11,"l":0,"d":0},"cat_general":{"bf":49,"l":48,"d":0}}');
INSERT INTO daily_meals VALUES(1734,3,'2026-03-23',0,0,0,0,0,0,0,0,0,0,0,0,'2026-04-05 16:00:36','2026-04-09 16:12:52','{"cat_other":{"bf":3,"l":3,"d":0},"diet_preset_nc_nursing_guardian_3":{"bf":42,"l":0,"d":0},"diet_preset_nc_caregiver_3":{"bf":50,"l":0,"d":0},"cat_cancer":{"bf":38,"l":32,"d":0},"cat_nursing":{"bf":107,"l":106,"d":0},"diet_preset_staff_general_3":{"bf":11,"l":0,"d":0},"cat_general":{"bf":48,"l":47,"d":0}}');
INSERT INTO daily_meals VALUES(1735,3,'2026-03-24',0,0,0,0,0,0,0,0,0,0,0,0,'2026-04-05 16:00:38','2026-04-09 16:12:52','{"cat_other":{"bf":3,"l":4,"d":0},"diet_preset_nc_nursing_guardian_3":{"bf":41,"l":0,"d":0},"diet_preset_nc_caregiver_3":{"bf":50,"l":0,"d":0},"cat_cancer":{"bf":40,"l":32,"d":0},"cat_nursing":{"bf":104,"l":106,"d":0},"diet_preset_staff_general_3":{"bf":11,"l":0,"d":0},"cat_general":{"bf":47,"l":45,"d":0}}');
INSERT INTO daily_meals VALUES(1736,3,'2026-03-25',0,0,0,0,0,0,0,0,0,0,0,0,'2026-04-05 16:00:39','2026-04-09 16:12:53','{"cat_other":{"bf":3,"l":3,"d":0},"diet_preset_nc_nursing_guardian_3":{"bf":42,"l":0,"d":0},"diet_preset_nc_caregiver_3":{"bf":50,"l":0,"d":0},"cat_cancer":{"bf":38,"l":33,"d":0},"cat_nursing":{"bf":108,"l":106,"d":0},"diet_preset_staff_general_3":{"bf":11,"l":0,"d":0},"cat_general":{"bf":46,"l":46,"d":0}}');
INSERT INTO daily_meals VALUES(1737,3,'2026-03-26',0,0,0,0,0,0,0,0,0,0,0,0,'2026-04-05 16:00:44','2026-04-09 16:12:53','{"cat_other":{"bf":3,"l":4,"d":0},"diet_preset_nc_nursing_guardian_3":{"bf":40,"l":0,"d":0},"diet_preset_nc_caregiver_3":{"bf":50,"l":0,"d":0},"cat_cancer":{"bf":40,"l":38,"d":0},"cat_nursing":{"bf":107,"l":104,"d":0},"diet_preset_staff_general_3":{"bf":11,"l":0,"d":0},"cat_general":{"bf":47,"l":47,"d":0}}');
INSERT INTO daily_meals VALUES(1738,3,'2026-03-27',0,0,0,0,0,0,0,0,0,0,0,0,'2026-04-05 16:00:47','2026-04-09 16:12:53','{"cat_other":{"bf":2,"l":2,"d":0},"diet_preset_nc_nursing_guardian_3":{"bf":40,"l":0,"d":0},"diet_preset_nc_caregiver_3":{"bf":50,"l":0,"d":0},"cat_cancer":{"bf":37,"l":34,"d":0},"cat_nursing":{"bf":107,"l":106,"d":0},"diet_preset_staff_general_3":{"bf":11,"l":0,"d":0},"cat_general":{"bf":49,"l":48,"d":0}}');
INSERT INTO daily_meals VALUES(1739,3,'2026-03-28',0,0,0,0,0,0,0,0,0,0,0,0,'2026-04-05 16:00:50','2026-04-09 16:12:54','{"cat_other":{"bf":0,"l":1,"d":0},"diet_preset_nc_nursing_guardian_3":{"bf":40,"l":0,"d":0},"diet_preset_nc_caregiver_3":{"bf":50,"l":0,"d":0},"cat_cancer":{"bf":34,"l":29,"d":0},"cat_nursing":{"bf":106,"l":105,"d":0},"diet_preset_staff_general_3":{"bf":11,"l":0,"d":0},"cat_general":{"bf":49,"l":48,"d":0}}');
INSERT INTO daily_meals VALUES(1740,3,'2026-03-29',0,0,0,0,0,0,0,0,0,0,0,0,'2026-04-05 16:00:53','2026-04-09 16:12:54','{"cat_other":{"bf":0,"l":1,"d":0},"diet_preset_nc_nursing_guardian_3":{"bf":40,"l":0,"d":0},"diet_preset_nc_caregiver_3":{"bf":50,"l":0,"d":0},"cat_cancer":{"bf":32,"l":26,"d":0},"cat_nursing":{"bf":106,"l":106,"d":0},"diet_preset_staff_general_3":{"bf":11,"l":0,"d":0},"cat_general":{"bf":49,"l":48,"d":0}}');
INSERT INTO daily_meals VALUES(1741,3,'2026-03-30',0,0,0,0,0,0,0,0,0,0,0,0,'2026-04-05 16:00:55','2026-04-09 16:12:54','{"cat_other":{"bf":0,"l":1,"d":0},"diet_preset_nc_nursing_guardian_3":{"bf":40,"l":0,"d":0},"diet_preset_nc_caregiver_3":{"bf":50,"l":0,"d":0},"cat_cancer":{"bf":34,"l":32,"d":0},"cat_nursing":{"bf":105,"l":104,"d":0},"diet_preset_staff_general_3":{"bf":11,"l":0,"d":0},"cat_general":{"bf":49,"l":47,"d":0}}');
INSERT INTO daily_meals VALUES(1742,3,'2026-03-31',0,0,0,0,0,0,0,0,0,0,0,0,'2026-04-05 16:01:05','2026-04-09 16:12:54','{"cat_other":{"bf":1,"l":2,"d":0},"diet_preset_nc_nursing_guardian_3":{"bf":39,"l":0,"d":0},"diet_preset_nc_caregiver_3":{"bf":50,"l":0,"d":0},"cat_cancer":{"bf":35,"l":32,"d":0},"cat_nursing":{"bf":104,"l":101,"d":0},"diet_preset_staff_general_3":{"bf":11,"l":0,"d":0},"cat_general":{"bf":48,"l":47,"d":0}}');
CREATE TABLE employees (
  id INTEGER PRIMARY KEY AUTOINCREMENT,
  hospital_id INTEGER NOT NULL,
  name TEXT NOT NULL,
  position TEXT NOT NULL,                 
  section TEXT NOT NULL DEFAULT 'cook',   
  phone TEXT,
  annual_leave_total INTEGER DEFAULT 15,  
  sort_order INTEGER DEFAULT 0,
  is_active INTEGER DEFAULT 1,
  created_at DATETIME DEFAULT CURRENT_TIMESTAMP, emp_number TEXT DEFAULT '', birth_date TEXT DEFAULT '', hire_date TEXT DEFAULT '', resign_date TEXT DEFAULT '', employment_type TEXT DEFAULT 'full', work_parts TEXT DEFAULT '[]', team TEXT DEFAULT 'cook', position_id INTEGER DEFAULT NULL, email TEXT DEFAULT '', address TEXT DEFAULT '', emergency_contact TEXT DEFAULT '', note TEXT DEFAULT '', health_cert_expire TEXT DEFAULT '', health_exam_date TEXT DEFAULT '', health_exam_status TEXT DEFAULT 'pending', updated_at TEXT DEFAULT '', salary_type TEXT NOT NULL DEFAULT 'monthly', base_salary REAL DEFAULT 0, ot_enabled INTEGER NOT NULL DEFAULT 0, night_allowance_enabled INTEGER NOT NULL DEFAULT 0, holiday_allowance_enabled INTEGER NOT NULL DEFAULT 0, holiday_policy_override TEXT DEFAULT NULL, work_type TEXT DEFAULT NULL, schedule_type TEXT DEFAULT 'flexible', work_cycle_start_date TEXT DEFAULT NULL, cycle_work_days INTEGER DEFAULT NULL, cycle_rest_days INTEGER DEFAULT NULL,
  FOREIGN KEY (hospital_id) REFERENCES hospitals(id)
);
INSERT INTO employees VALUES(1,1,'ㅇㄹㄹ','ㅇ','cook',NULL,15,99,0,'2026-03-22 15:08:03','','','','2026-04-06','full','[]','cook',NULL,'','','','','','','pending','2026-04-06 15:25:02','monthly',0.0,0,0,0,NULL,NULL,'flexible',NULL,NULL,NULL);
INSERT INTO employees VALUES(2,2,'홍길동','조리장','cook','010-1234-5678',15,10,1,'2026-03-29 16:31:09','','','2022-03-01','','full','[]','cook',10,'','','','','2026-04-05','','pending','2026-03-29 17:17:46','monthly',0.0,0,0,0,NULL,NULL,'flexible',NULL,NULL,NULL);
INSERT INTO employees VALUES(3,2,'김영양','영양사','nutrition','010-9876-5432',15,20,1,'2026-03-29 16:41:11','','','2023-06-01','','full','[]','nutrition',9,'','','','','2026-03-31','','pending','','monthly',0.0,0,0,0,NULL,NULL,'flexible',NULL,NULL,NULL);
INSERT INTO employees VALUES(4,1,'이재욱','책임셰프','cook','123',5,109,1,'2026-03-31 08:44:29','1','1983-04-14','2025-08-13','','full','["cooking","breakfast","lunch","dinner"]','cook',10,'','이천','123','','2027-07-01','2026-04-14','submitted','2026-04-06 05:26:15','annual',45000000.0,1,1,1,NULL,'weekly5','flexible',NULL,NULL,NULL);
INSERT INTO employees VALUES(5,1,'강금화','','cook','11',1.5,119,1,'2026-04-03 07:07:03','2','1958-06-03','2025-10-03','','full','["cooking","breakfast","lunch","dinner"]','cook',4,'','서울','11','','2027-03-03','2025-06-07','submitted','2026-04-05 04:50:50','annual',40000000.0,1,0,0,NULL,'cycle','flexible','2026-04-01',NULL,NULL);
INSERT INTO employees VALUES(6,1,'안정임','','cook','123',3,129,1,'2026-04-03 07:09:21','3','1968-07-03','2025-11-05','','full','["cooking","breakfast","lunch","dinner"]','cook',4,'','서울','123','','2026-12-02','2025-08-06','submitted','2026-04-03 07:11:33','annual',36000000.0,1,1,1,NULL,NULL,'flexible',NULL,NULL,NULL);
INSERT INTO employees VALUES(7,1,'차숙청','','cook','12',16,139,1,'2026-04-03 07:13:48','4','1953-10-16','2024-10-16','','full','["serving","washing"]','cook',5,'','도봉','12','','2026-11-19','','pending','','annual',32000000.0,1,1,1,NULL,NULL,'flexible',NULL,NULL,NULL);
INSERT INTO employees VALUES(8,1,'조소희','','cook','12',26,149,1,'2026-04-03 07:15:30','5','1970-11-19','2025-03-05','','full','["serving","washing"]','cook',5,'','역촌동','12','','2026-06-23','','pending','','annual',33000000.0,1,1,1,NULL,NULL,'flexible',NULL,NULL,NULL);
INSERT INTO employees VALUES(9,1,'김연정','','cook','12',15,159,1,'2026-04-03 07:17:15','6','1975-10-21','2025-07-03','','full','["serving","washing"]','cook',5,'','이촌','12','','2026-10-21','2026-04-22','pending','','annual',32000000.0,1,1,1,NULL,NULL,'flexible',NULL,NULL,NULL);
INSERT INTO employees VALUES(10,1,'박연숙','','cook','12',5,169,1,'2026-04-03 07:18:34','7','1969-07-22','2026-01-01','','full','["serving","washing"]','cook',5,'','의정부','12','','2026-10-13','2026-04-22','pending','','annual',32000000.0,1,1,1,NULL,NULL,'flexible',NULL,NULL,NULL);
INSERT INTO employees VALUES(11,1,'김효진','','cook','123',3,179,1,'2026-04-03 07:19:54','8','1977-10-06','2026-01-06','','full','["serving","washing"]','cook',5,'','종로구','123','','2026-10-22','2026-04-30','pending','','annual',31000000.0,1,1,1,NULL,NULL,'flexible',NULL,NULL,NULL);
INSERT INTO employees VALUES(12,1,'윤미숙','','cook','12',18,189,1,'2026-04-03 07:27:12','9','1954-07-03','2025-01-01','','full','["serving","washing"]','cook',6,'','은평구','12','','2026-04-30','2026-04-16','submitted','','annual',28000000.0,1,1,1,NULL,NULL,'flexible',NULL,NULL,NULL);
INSERT INTO employees VALUES(13,1,'조미영','','cook','12',3,199,1,'2026-04-03 07:28:25','10','1976-06-03','2026-01-13','','full','["serving"]','cook',6,'','은평구','12','','2026-12-24','2026-04-23','submitted','','annual',28000000.0,0,0,0,NULL,NULL,'flexible',NULL,NULL,NULL);
INSERT INTO employees VALUES(14,1,'이현정','','cook','123',15,209,1,'2026-04-03 07:30:26','10','1978-07-21','2024-12-31','','part','["serving"]','cook',7,'','의정부','123','','2026-04-22','2026-04-14','submitted','','hourly',14000.0,0,0,0,NULL,NULL,'flexible',NULL,NULL,NULL);
INSERT INTO employees VALUES(15,1,'최혜진','팀장','nutrition','',15,219,1,'2026-04-04 06:39:26','','','','','full','["nutrition"]','nutrition',8,'','','','','','','pending','','annual',0.0,1,1,1,NULL,NULL,'flexible',NULL,NULL,NULL);
INSERT INTO employees VALUES(16,1,'문나은','영양사','nutrition','',15,229,1,'2026-04-04 06:39:56','','','','','full','["nutrition"]','nutrition',9,'','','','','','','pending','','annual',0.0,1,1,1,NULL,NULL,'flexible',NULL,NULL,NULL);
CREATE TABLE daily_schedules (
  id INTEGER PRIMARY KEY AUTOINCREMENT,
  hospital_id INTEGER NOT NULL,
  employee_id INTEGER NOT NULL,
  work_date TEXT NOT NULL,                
  shift_code TEXT NOT NULL DEFAULT 'a',   
  note TEXT,
  created_at DATETIME DEFAULT CURRENT_TIMESTAMP,
  updated_at DATETIME DEFAULT CURRENT_TIMESTAMP, shift_id INTEGER DEFAULT NULL, leave_type TEXT DEFAULT NULL, is_overtime INTEGER DEFAULT 0, overtime_hours REAL DEFAULT 0, is_temp_staff INTEGER DEFAULT 0, is_night_work INTEGER DEFAULT 0, temp_type TEXT DEFAULT NULL, temp_hours REAL DEFAULT 0, basic_work_hours   REAL DEFAULT 0, night_work_hours   REAL DEFAULT 0, holiday_work_hours REAL DEFAULT 0, weekly_holiday_pay INTEGER DEFAULT 0,
  UNIQUE(hospital_id, employee_id, work_date),
  FOREIGN KEY (hospital_id) REFERENCES hospitals(id),
  FOREIGN KEY (employee_id) REFERENCES employees(id)
);
INSERT INTO daily_schedules VALUES(17,2,2,'2026-03-03','연',NULL,'2026-03-29 18:10:51','2026-03-31 02:47:43',NULL,NULL,0,0.0,0,0,NULL,0.0,0.0,0.0,0.0,0);
INSERT INTO daily_schedules VALUES(22,2,2,'2026-03-04','오전',NULL,'2026-03-29 18:11:06','2026-03-31 02:47:35',NULL,NULL,0,0.0,0,0,NULL,0.0,0.0,0.0,0.0,0);
INSERT INTO daily_schedules VALUES(27,1,1,'2026-03-03','휴',NULL,'2026-03-30 03:44:18','2026-03-30 06:36:20',NULL,NULL,0,0.0,0,0,NULL,0.0,0.0,0.0,0.0,0);
INSERT INTO daily_schedules VALUES(28,1,1,'2026-03-04','휴',NULL,'2026-03-30 03:44:18','2026-03-30 06:36:20',NULL,NULL,0,0.0,0,0,NULL,0.0,0.0,0.0,0.0,0);
INSERT INTO daily_schedules VALUES(29,1,1,'2026-03-05','휴',NULL,'2026-03-30 03:44:18','2026-03-30 06:36:20',NULL,NULL,0,0.0,0,0,NULL,0.0,0.0,0.0,0.0,0);
INSERT INTO daily_schedules VALUES(30,1,1,'2026-03-06','휴',NULL,'2026-03-30 03:44:18','2026-03-30 06:36:20',NULL,NULL,0,0.0,0,0,NULL,0.0,0.0,0.0,0.0,0);
INSERT INTO daily_schedules VALUES(31,1,1,'2026-03-07','휴',NULL,'2026-03-30 03:44:18','2026-03-30 06:36:20',NULL,NULL,0,0.0,0,0,NULL,0.0,0.0,0.0,0.0,0);
INSERT INTO daily_schedules VALUES(33,1,1,'2026-03-08','휴',NULL,'2026-03-30 03:44:37','2026-03-30 06:36:20',NULL,NULL,0,0.0,0,0,NULL,0.0,0.0,0.0,0.0,0);
INSERT INTO daily_schedules VALUES(34,1,1,'2026-03-09','휴',NULL,'2026-03-30 03:44:39','2026-03-30 06:36:20',NULL,NULL,0,0.0,0,0,NULL,0.0,0.0,0.0,0.0,0);
INSERT INTO daily_schedules VALUES(40,1,1,'2026-03-10','휴',NULL,'2026-03-30 03:45:07','2026-03-30 06:36:20',NULL,NULL,0,0.0,0,0,NULL,0.0,0.0,0.0,0.0,0);
INSERT INTO daily_schedules VALUES(41,1,1,'2026-03-11','휴',NULL,'2026-03-30 03:45:07','2026-03-30 06:36:20',NULL,NULL,0,0.0,0,0,NULL,0.0,0.0,0.0,0.0,0);
INSERT INTO daily_schedules VALUES(42,1,1,'2026-03-12','휴',NULL,'2026-03-30 03:45:08','2026-03-30 06:36:20',NULL,NULL,0,0.0,0,0,NULL,0.0,0.0,0.0,0.0,0);
INSERT INTO daily_schedules VALUES(43,1,1,'2026-03-13','휴',NULL,'2026-03-30 03:45:08','2026-03-30 06:36:20',NULL,NULL,0,0.0,0,0,NULL,0.0,0.0,0.0,0.0,0);
INSERT INTO daily_schedules VALUES(44,1,1,'2026-03-14','휴',NULL,'2026-03-30 03:45:09','2026-03-30 06:36:20',NULL,NULL,0,0.0,0,0,NULL,0.0,0.0,0.0,0.0,0);
INSERT INTO daily_schedules VALUES(58,1,1,'2026-03-15','휴',NULL,'2026-03-30 03:47:54','2026-03-30 06:36:20',NULL,NULL,0,0.0,0,0,NULL,0.0,0.0,0.0,0.0,0);
INSERT INTO daily_schedules VALUES(74,1,1,'2026-03-16','휴',NULL,'2026-03-30 03:48:31','2026-03-30 06:36:20',NULL,NULL,0,0.0,0,0,NULL,0.0,0.0,0.0,0.0,0);
INSERT INTO daily_schedules VALUES(75,1,1,'2026-03-17','휴',NULL,'2026-03-30 03:48:31','2026-03-30 06:36:20',NULL,NULL,0,0.0,0,0,NULL,0.0,0.0,0.0,0.0,0);
INSERT INTO daily_schedules VALUES(76,1,1,'2026-03-18','휴',NULL,'2026-03-30 03:48:31','2026-03-30 06:36:20',NULL,NULL,0,0.0,0,0,NULL,0.0,0.0,0.0,0.0,0);
INSERT INTO daily_schedules VALUES(77,1,1,'2026-03-19','휴',NULL,'2026-03-30 03:48:31','2026-03-30 06:36:20',NULL,NULL,0,0.0,0,0,NULL,0.0,0.0,0.0,0.0,0);
INSERT INTO daily_schedules VALUES(78,1,1,'2026-03-20','휴',NULL,'2026-03-30 03:48:31','2026-03-30 06:36:20',NULL,NULL,0,0.0,0,0,NULL,0.0,0.0,0.0,0.0,0);
INSERT INTO daily_schedules VALUES(79,1,1,'2026-03-21','휴',NULL,'2026-03-30 03:48:31','2026-03-30 06:36:20',NULL,NULL,0,0.0,0,0,NULL,0.0,0.0,0.0,0.0,0);
INSERT INTO daily_schedules VALUES(80,1,1,'2026-03-22','휴',NULL,'2026-03-30 03:48:31','2026-03-30 06:36:20',NULL,NULL,0,0.0,0,0,NULL,0.0,0.0,0.0,0.0,0);
INSERT INTO daily_schedules VALUES(81,1,1,'2026-03-23','휴',NULL,'2026-03-30 03:48:32','2026-03-30 06:36:20',NULL,NULL,0,0.0,0,0,NULL,0.0,0.0,0.0,0.0,0);
INSERT INTO daily_schedules VALUES(82,1,1,'2026-03-24','휴',NULL,'2026-03-30 03:48:32','2026-03-30 06:36:20',NULL,NULL,0,0.0,0,0,NULL,0.0,0.0,0.0,0.0,0);
INSERT INTO daily_schedules VALUES(83,1,1,'2026-03-25','휴',NULL,'2026-03-30 03:48:32','2026-03-30 06:36:20',NULL,NULL,0,0.0,0,0,NULL,0.0,0.0,0.0,0.0,0);
INSERT INTO daily_schedules VALUES(84,1,1,'2026-03-26','휴',NULL,'2026-03-30 03:48:32','2026-03-30 06:36:20',NULL,NULL,0,0.0,0,0,NULL,0.0,0.0,0.0,0.0,0);
INSERT INTO daily_schedules VALUES(85,1,1,'2026-03-27','휴',NULL,'2026-03-30 03:48:32','2026-03-30 06:36:20',NULL,NULL,0,0.0,0,0,NULL,0.0,0.0,0.0,0.0,0);
INSERT INTO daily_schedules VALUES(86,1,1,'2026-03-28','휴',NULL,'2026-03-30 03:48:32','2026-03-30 06:36:20',NULL,NULL,0,0.0,0,0,NULL,0.0,0.0,0.0,0.0,0);
INSERT INTO daily_schedules VALUES(87,1,1,'2026-03-29','휴',NULL,'2026-03-30 03:48:32','2026-03-30 06:36:20',NULL,NULL,0,0.0,0,0,NULL,0.0,0.0,0.0,0.0,0);
INSERT INTO daily_schedules VALUES(88,1,1,'2026-03-30','휴',NULL,'2026-03-30 03:48:32','2026-03-30 06:36:20',NULL,NULL,0,0.0,0,0,NULL,0.0,0.0,0.0,0.0,0);
INSERT INTO daily_schedules VALUES(89,1,1,'2026-03-31','휴',NULL,'2026-03-30 03:48:32','2026-03-30 06:36:20',NULL,NULL,0,0.0,0,0,NULL,0.0,0.0,0.0,0.0,0);
INSERT INTO daily_schedules VALUES(130,1,1,'2026-03-01','휴',NULL,'2026-03-30 06:32:55','2026-03-30 06:36:20',NULL,NULL,0,0.0,0,0,NULL,0.0,0.0,0.0,0.0,0);
INSERT INTO daily_schedules VALUES(134,1,1,'2026-03-02','휴',NULL,'2026-03-30 06:32:59','2026-03-30 06:36:20',NULL,NULL,0,0.0,0,0,NULL,0.0,0.0,0.0,0.0,0);
INSERT INTO daily_schedules VALUES(378,2,2,'2026-03-02','오전',NULL,'2026-03-31 02:47:26','2026-03-31 02:47:44',NULL,NULL,0,0.0,0,0,NULL,0.0,0.0,0.0,0.0,0);
INSERT INTO daily_schedules VALUES(385,1,4,'2026-03-02','A',NULL,'2026-04-03 06:56:49','2026-04-04 02:49:24',NULL,NULL,0,0.0,0,0,NULL,0.0,0.0,0.0,0.0,0);
INSERT INTO daily_schedules VALUES(393,1,4,'2026-03-04','A',NULL,'2026-04-03 06:57:07','2026-04-06 04:48:23',NULL,NULL,0,0.0,0,0,NULL,0.0,0.0,0.0,0.0,0);
INSERT INTO daily_schedules VALUES(395,1,4,'2026-03-06','A',NULL,'2026-04-03 06:57:07','2026-04-06 04:48:26',NULL,NULL,0,0.0,0,0,NULL,0.0,0.0,0.0,0.0,0);
INSERT INTO daily_schedules VALUES(396,1,4,'2026-03-07','휴',NULL,'2026-04-03 06:57:15','2026-04-06 04:48:32',NULL,NULL,0,0.0,0,0,NULL,0.0,0.0,0.0,0.0,0);
INSERT INTO daily_schedules VALUES(398,1,4,'2026-03-08','휴',NULL,'2026-04-03 06:57:20','2026-04-06 04:48:32',NULL,NULL,0,0.0,0,0,NULL,0.0,0.0,0.0,0.0,0);
INSERT INTO daily_schedules VALUES(401,1,4,'2026-03-09','연',NULL,'2026-04-03 06:57:21','2026-04-06 04:48:42',NULL,NULL,0,0.0,0,0,NULL,0.0,0.0,0.0,0.0,0);
INSERT INTO daily_schedules VALUES(404,1,4,'2026-03-10','연',NULL,'2026-04-03 06:57:25','2026-04-04 07:58:33',NULL,NULL,0,0.0,0,0,NULL,0.0,0.0,0.0,0.0,0);
INSERT INTO daily_schedules VALUES(405,1,4,'2026-03-11','연',NULL,'2026-04-03 06:57:25','2026-04-04 07:58:36',NULL,NULL,0,0.0,0,0,NULL,0.0,0.0,0.0,0.0,0);
INSERT INTO daily_schedules VALUES(406,1,4,'2026-03-12','연',NULL,'2026-04-03 06:57:25','2026-04-04 07:58:43',NULL,NULL,0,0.0,0,0,NULL,0.0,0.0,0.0,0.0,0);
INSERT INTO daily_schedules VALUES(407,1,4,'2026-03-13','휴',NULL,'2026-04-03 06:57:25','2026-04-03 09:22:35',NULL,NULL,0,0.0,0,0,NULL,0.0,0.0,0.0,0.0,0);
INSERT INTO daily_schedules VALUES(408,1,4,'2026-03-22','휴',NULL,'2026-04-03 06:57:43','2026-04-03 07:53:48',NULL,NULL,0,0.0,0,0,NULL,0.0,0.0,0.0,0.0,0);
INSERT INTO daily_schedules VALUES(410,1,4,'2026-03-14','휴',NULL,'2026-04-03 06:58:11','2026-04-03 09:22:35',NULL,NULL,0,0.0,0,0,NULL,0.0,0.0,0.0,0.0,0);
INSERT INTO daily_schedules VALUES(413,1,4,'2026-03-15','휴',NULL,'2026-04-03 06:58:13','2026-04-03 09:22:56',NULL,NULL,0,0.0,0,0,NULL,0.0,0.0,0.0,0.0,0);
INSERT INTO daily_schedules VALUES(419,1,4,'2026-03-16','A',NULL,'2026-04-03 06:58:20','2026-04-03 09:22:42',NULL,NULL,0,0.0,0,0,NULL,0.0,0.0,0.0,0.0,0);
INSERT INTO daily_schedules VALUES(423,1,4,'2026-03-17','A',NULL,'2026-04-03 06:58:32','2026-04-03 07:53:14',NULL,NULL,0,0.0,0,0,NULL,0.0,0.0,0.0,0.0,0);
INSERT INTO daily_schedules VALUES(424,1,4,'2026-03-18','A',NULL,'2026-04-03 06:58:32','2026-04-03 07:53:14',NULL,NULL,0,0.0,0,0,NULL,0.0,0.0,0.0,0.0,0);
INSERT INTO daily_schedules VALUES(425,1,4,'2026-03-19','A',NULL,'2026-04-03 06:58:32','2026-04-03 07:53:14',NULL,NULL,0,0.0,0,0,NULL,0.0,0.0,0.0,0.0,0);
INSERT INTO daily_schedules VALUES(426,1,4,'2026-03-20','A',NULL,'2026-04-03 06:58:32','2026-04-03 07:53:14',NULL,NULL,0,0.0,0,0,NULL,0.0,0.0,0.0,0.0,0);
INSERT INTO daily_schedules VALUES(427,1,4,'2026-03-28','휴',NULL,'2026-04-03 06:58:40','2026-04-03 06:59:06',NULL,NULL,0,0.0,0,0,NULL,0.0,0.0,0.0,0.0,0);
INSERT INTO daily_schedules VALUES(428,1,4,'2026-03-21','휴',NULL,'2026-04-03 06:58:57','2026-04-03 07:53:48',NULL,NULL,0,0.0,0,0,NULL,0.0,0.0,0.0,0.0,0);
INSERT INTO daily_schedules VALUES(430,1,4,'2026-03-26','A',NULL,'2026-04-03 06:58:57','2026-04-03 07:54:13',NULL,NULL,0,0.0,0,0,NULL,0.0,0.0,0.0,0.0,0);
INSERT INTO daily_schedules VALUES(431,1,4,'2026-03-23','A',NULL,'2026-04-03 06:59:02','2026-04-03 07:54:01',NULL,NULL,0,0.0,0,0,NULL,0.0,0.0,0.0,0.0,0);
INSERT INTO daily_schedules VALUES(432,1,4,'2026-03-24','A',NULL,'2026-04-03 06:59:02','2026-04-03 07:54:01',NULL,NULL,0,0.0,0,0,NULL,0.0,0.0,0.0,0.0,0);
INSERT INTO daily_schedules VALUES(433,1,4,'2026-03-25','A',NULL,'2026-04-03 06:59:02','2026-04-03 07:54:13',NULL,NULL,0,0.0,0,0,NULL,0.0,0.0,0.0,0.0,0);
INSERT INTO daily_schedules VALUES(435,1,4,'2026-03-27','A',NULL,'2026-04-03 06:59:02','2026-04-03 07:54:13',NULL,NULL,0,0.0,0,0,NULL,0.0,0.0,0.0,0.0,0);
INSERT INTO daily_schedules VALUES(437,1,4,'2026-03-29','휴',NULL,'2026-04-03 06:59:04','2026-04-03 06:59:07',NULL,NULL,0,0.0,0,0,NULL,0.0,0.0,0.0,0.0,0);
INSERT INTO daily_schedules VALUES(440,1,4,'2026-03-30','A',NULL,'2026-04-03 06:59:11','2026-04-03 07:54:19',NULL,NULL,0,0.0,0,0,NULL,0.0,0.0,0.0,0.0,0);
INSERT INTO daily_schedules VALUES(441,1,4,'2026-03-31','A',NULL,'2026-04-03 06:59:11','2026-04-03 07:54:19',NULL,NULL,0,0.0,0,0,NULL,0.0,0.0,0.0,0.0,0);
INSERT INTO daily_schedules VALUES(456,1,5,'2026-03-01','휴',NULL,'2026-04-03 07:32:19','2026-04-04 06:40:24',NULL,NULL,0,0.0,0,0,NULL,0.0,0.0,0.0,0.0,0);
INSERT INTO daily_schedules VALUES(460,1,5,'2026-03-03','F',NULL,'2026-04-03 07:32:25','2026-04-06 04:57:27',NULL,NULL,0,0.0,0,0,NULL,0.0,0.0,0.0,0.0,0);
INSERT INTO daily_schedules VALUES(468,1,5,'2026-03-04','F',NULL,'2026-04-03 07:32:33','2026-04-06 04:57:26',NULL,NULL,0,0.0,0,0,NULL,0.0,0.0,0.0,0.0,0);
INSERT INTO daily_schedules VALUES(472,1,5,'2026-03-05','F',NULL,'2026-04-03 07:32:37','2026-04-06 04:57:27',NULL,NULL,0,0.0,0,0,NULL,0.0,0.0,0.0,0.0,0);
INSERT INTO daily_schedules VALUES(475,1,5,'2026-03-07','F',NULL,'2026-04-03 07:32:55','2026-04-04 06:40:34',NULL,NULL,0,0.0,0,0,NULL,0.0,0.0,0.0,0.0,0);
INSERT INTO daily_schedules VALUES(486,1,5,'2026-03-09','F',NULL,'2026-04-03 07:33:14','2026-04-04 06:40:34',NULL,NULL,0,0.0,0,0,NULL,0.0,0.0,0.0,0.0,0);
INSERT INTO daily_schedules VALUES(488,1,5,'2026-03-11','휴',NULL,'2026-04-03 07:33:46','2026-04-04 06:40:34',NULL,NULL,0,0.0,0,0,NULL,0.0,0.0,0.0,0.0,0);
INSERT INTO daily_schedules VALUES(492,1,5,'2026-03-08','F',NULL,'2026-04-03 07:33:50','2026-04-04 06:40:34',NULL,NULL,0,0.0,0,0,NULL,0.0,0.0,0.0,0.0,0);
INSERT INTO daily_schedules VALUES(497,1,5,'2026-03-10','F',NULL,'2026-04-03 07:34:00','2026-04-04 06:40:34',NULL,NULL,0,0.0,0,0,NULL,0.0,0.0,0.0,0.0,0);
INSERT INTO daily_schedules VALUES(502,1,5,'2026-03-13','휴',NULL,'2026-04-03 07:34:11','2026-04-03 07:34:14',NULL,NULL,0,0.0,0,0,NULL,0.0,0.0,0.0,0.0,0);
INSERT INTO daily_schedules VALUES(508,1,5,'2026-03-15','휴',NULL,'2026-04-03 07:34:27','2026-04-03 07:34:29',NULL,NULL,0,0.0,0,0,NULL,0.0,0.0,0.0,0.0,0);
INSERT INTO daily_schedules VALUES(511,1,5,'2026-03-16','휴',NULL,'2026-04-03 07:34:29','2026-04-03 07:34:29',NULL,NULL,0,0.0,0,0,NULL,0.0,0.0,0.0,0.0,0);
INSERT INTO daily_schedules VALUES(516,1,5,'2026-03-18','F',NULL,'2026-04-03 07:34:35','2026-04-04 07:13:03',NULL,NULL,0,0.0,0,0,NULL,0.0,0.0,0.0,0.0,0);
INSERT INTO daily_schedules VALUES(517,1,5,'2026-03-19','F',NULL,'2026-04-03 07:34:35','2026-04-04 07:13:02',NULL,NULL,0,0.0,0,0,NULL,0.0,0.0,0.0,0.0,0);
INSERT INTO daily_schedules VALUES(518,1,5,'2026-03-20','휴',NULL,'2026-04-03 07:34:36','2026-04-03 07:34:37',NULL,NULL,0,0.0,0,0,NULL,0.0,0.0,0.0,0.0,0);
INSERT INTO daily_schedules VALUES(524,1,5,'2026-03-22','F',NULL,'2026-04-03 07:34:44','2026-04-03 07:59:01',NULL,NULL,0,0.0,0,0,NULL,0.0,0.0,0.0,0.0,0);
INSERT INTO daily_schedules VALUES(525,1,5,'2026-03-23','F',NULL,'2026-04-03 07:34:44','2026-04-03 07:59:02',NULL,NULL,0,0.0,0,0,NULL,0.0,0.0,0.0,0.0,0);
INSERT INTO daily_schedules VALUES(526,1,5,'2026-03-24','휴',NULL,'2026-04-03 07:34:45','2026-04-03 07:34:46',NULL,NULL,0,0.0,0,0,NULL,0.0,0.0,0.0,0.0,0);
INSERT INTO daily_schedules VALUES(532,1,5,'2026-03-26','F',NULL,'2026-04-03 07:34:50','2026-04-03 07:59:06',NULL,NULL,0,0.0,0,0,NULL,0.0,0.0,0.0,0.0,0);
INSERT INTO daily_schedules VALUES(533,1,5,'2026-03-27','휴',NULL,'2026-04-03 07:34:52','2026-04-03 07:34:53',NULL,NULL,0,0.0,0,0,NULL,0.0,0.0,0.0,0.0,0);
INSERT INTO daily_schedules VALUES(539,1,5,'2026-03-29','F',NULL,'2026-04-03 07:34:58','2026-04-03 07:59:11',NULL,NULL,0,0.0,0,0,NULL,0.0,0.0,0.0,0.0,0);
INSERT INTO daily_schedules VALUES(540,1,5,'2026-03-30','F',NULL,'2026-04-03 07:34:58','2026-04-03 07:59:11',NULL,NULL,0,0.0,0,0,NULL,0.0,0.0,0.0,0.0,0);
INSERT INTO daily_schedules VALUES(541,1,5,'2026-03-31','휴',NULL,'2026-04-03 07:34:59','2026-04-03 07:35:00',NULL,NULL,0,0.0,0,0,NULL,0.0,0.0,0.0,0.0,0);
INSERT INTO daily_schedules VALUES(543,1,6,'2026-03-01','휴',NULL,'2026-04-03 07:35:09','2026-04-03 07:35:11',NULL,NULL,0,0.0,0,0,NULL,0.0,0.0,0.0,0.0,0);
INSERT INTO daily_schedules VALUES(548,1,6,'2026-03-02','OT',NULL,'2026-04-03 07:35:20','2026-04-03 07:35:23',NULL,NULL,0,0.0,0,0,NULL,0.0,0.0,0.0,0.0,0);
INSERT INTO daily_schedules VALUES(561,1,6,'2026-03-05','휴',NULL,'2026-04-03 07:35:33','2026-04-03 07:35:33',NULL,NULL,0,0.0,0,0,NULL,0.0,0.0,0.0,0.0,0);
INSERT INTO daily_schedules VALUES(567,1,6,'2026-03-07','A',NULL,'2026-04-03 07:35:37','2026-04-03 07:59:47',NULL,NULL,0,0.0,0,0,NULL,0.0,0.0,0.0,0.0,0);
INSERT INTO daily_schedules VALUES(571,1,6,'2026-03-09','휴',NULL,'2026-04-03 07:35:43','2026-04-03 07:35:45',NULL,NULL,0,0.0,0,0,NULL,0.0,0.0,0.0,0.0,0);
INSERT INTO daily_schedules VALUES(574,1,6,'2026-03-10','휴',NULL,'2026-04-03 07:35:45','2026-04-03 07:35:45',NULL,NULL,0,0.0,0,0,NULL,0.0,0.0,0.0,0.0,0);
INSERT INTO daily_schedules VALUES(585,1,6,'2026-03-14','휴',NULL,'2026-04-03 07:35:59','2026-04-03 07:35:59',NULL,NULL,0,0.0,0,0,NULL,0.0,0.0,0.0,0.0,0);
INSERT INTO daily_schedules VALUES(587,1,6,'2026-03-15','OT',NULL,'2026-04-03 07:36:03','2026-04-03 07:36:06',NULL,NULL,0,0.0,0,0,NULL,0.0,0.0,0.0,0.0,0);
INSERT INTO daily_schedules VALUES(608,1,6,'2026-03-17','휴',NULL,'2026-04-03 07:36:22','2026-04-03 07:36:24',NULL,NULL,0,0.0,0,0,NULL,0.0,0.0,0.0,0.0,0);
INSERT INTO daily_schedules VALUES(611,1,6,'2026-03-18','휴',NULL,'2026-04-03 07:36:24','2026-04-03 07:36:24',NULL,NULL,0,0.0,0,0,NULL,0.0,0.0,0.0,0.0,0);
INSERT INTO daily_schedules VALUES(635,1,6,'2026-03-23','휴',NULL,'2026-04-03 07:36:47','2026-04-03 07:36:47',NULL,NULL,0,0.0,0,0,NULL,0.0,0.0,0.0,0.0,0);
INSERT INTO daily_schedules VALUES(650,1,6,'2026-03-26','휴',NULL,'2026-04-03 07:36:59','2026-04-03 07:36:59',NULL,NULL,0,0.0,0,0,NULL,0.0,0.0,0.0,0.0,0);
INSERT INTO daily_schedules VALUES(667,1,6,'2026-03-28','연',NULL,'2026-04-03 07:37:15','2026-04-03 07:37:15',NULL,NULL,0,0.0,0,0,NULL,0.0,0.0,0.0,0.0,0);
INSERT INTO daily_schedules VALUES(672,1,6,'2026-03-30','휴',NULL,'2026-04-03 07:37:23','2026-04-03 07:37:24',NULL,NULL,0,0.0,0,0,NULL,0.0,0.0,0.0,0.0,0);
INSERT INTO daily_schedules VALUES(699,1,7,'2026-03-02','연',NULL,'2026-04-03 07:39:10','2026-04-07 05:01:54',NULL,NULL,0,0.0,0,0,NULL,0.0,0.0,0.0,0.0,0);
INSERT INTO daily_schedules VALUES(706,1,7,'2026-03-05','F',NULL,'2026-04-03 07:39:18','2026-04-06 17:45:06',NULL,NULL,0,0.0,0,0,NULL,0.0,0.0,0.0,0.0,0);
INSERT INTO daily_schedules VALUES(707,1,7,'2026-03-06','F',NULL,'2026-04-03 07:39:18','2026-04-03 08:01:55',NULL,NULL,0,0.0,0,0,NULL,0.0,0.0,0.0,0.0,0);
INSERT INTO daily_schedules VALUES(708,1,7,'2026-03-07','F',NULL,'2026-04-03 07:39:19','2026-04-04 03:31:32',NULL,NULL,0,0.0,0,0,NULL,0.0,0.0,0.0,0.0,0);
INSERT INTO daily_schedules VALUES(714,1,7,'2026-03-09','F',NULL,'2026-04-03 07:39:26','2026-04-03 08:02:00',NULL,NULL,0,0.0,0,0,NULL,0.0,0.0,0.0,0.0,0);
INSERT INTO daily_schedules VALUES(715,1,7,'2026-03-10','휴',NULL,'2026-04-03 07:39:28','2026-04-03 07:39:29',NULL,NULL,0,0.0,0,0,NULL,0.0,0.0,0.0,0.0,0);
INSERT INTO daily_schedules VALUES(721,1,7,'2026-03-12','F',NULL,'2026-04-03 07:39:35','2026-04-03 08:02:05',NULL,NULL,0,0.0,0,0,NULL,0.0,0.0,0.0,0.0,0);
INSERT INTO daily_schedules VALUES(722,1,7,'2026-03-13','F',NULL,'2026-04-03 07:39:35','2026-04-03 08:02:05',NULL,NULL,0,0.0,0,0,NULL,0.0,0.0,0.0,0.0,0);
INSERT INTO daily_schedules VALUES(723,1,7,'2026-03-14','F',NULL,'2026-04-03 07:39:35','2026-04-03 08:02:05',NULL,NULL,0,0.0,0,0,NULL,0.0,0.0,0.0,0.0,0);
INSERT INTO daily_schedules VALUES(729,1,7,'2026-03-15','휴',NULL,'2026-04-03 07:39:39','2026-04-03 07:39:44',NULL,NULL,0,0.0,0,0,NULL,0.0,0.0,0.0,0.0,0);
INSERT INTO daily_schedules VALUES(732,1,7,'2026-03-16','휴',NULL,'2026-04-03 07:39:44','2026-04-03 07:39:44',NULL,NULL,0,0.0,0,0,NULL,0.0,0.0,0.0,0.0,0);
INSERT INTO daily_schedules VALUES(736,1,7,'2026-03-18','휴',NULL,'2026-04-03 07:39:48','2026-04-03 07:39:48',NULL,NULL,0,0.0,0,0,NULL,0.0,0.0,0.0,0.0,0);
INSERT INTO daily_schedules VALUES(742,1,7,'2026-03-20','F',NULL,'2026-04-03 07:39:52','2026-04-03 08:02:13',NULL,NULL,0,0.0,0,0,NULL,0.0,0.0,0.0,0.0,0);
INSERT INTO daily_schedules VALUES(743,1,7,'2026-03-21','휴',NULL,'2026-04-03 07:39:52','2026-04-03 07:39:53',NULL,NULL,0,0.0,0,0,NULL,0.0,0.0,0.0,0.0,0);
INSERT INTO daily_schedules VALUES(749,1,7,'2026-03-23','F',NULL,'2026-04-03 07:39:58','2026-04-03 08:02:18',NULL,NULL,0,0.0,0,0,NULL,0.0,0.0,0.0,0.0,0);
INSERT INTO daily_schedules VALUES(756,1,7,'2026-03-24','휴',NULL,'2026-04-03 07:40:02','2026-04-03 07:40:03',NULL,NULL,0,0.0,0,0,NULL,0.0,0.0,0.0,0.0,0);
INSERT INTO daily_schedules VALUES(763,1,7,'2026-03-27','F',NULL,'2026-04-03 07:40:07','2026-04-03 08:02:23',NULL,NULL,0,0.0,0,0,NULL,0.0,0.0,0.0,0.0,0);
INSERT INTO daily_schedules VALUES(767,1,7,'2026-03-31','F',NULL,'2026-04-03 07:40:24','2026-04-03 08:02:29',NULL,NULL,0,0.0,0,0,NULL,0.0,0.0,0.0,0.0,0);
INSERT INTO daily_schedules VALUES(774,1,7,'2026-03-29','휴',NULL,'2026-04-03 07:40:33','2026-04-03 07:41:11',NULL,NULL,0,0.0,0,0,NULL,0.0,0.0,0.0,0.0,0);
INSERT INTO daily_schedules VALUES(779,1,7,'2026-03-26','F',NULL,'2026-04-03 07:40:38','2026-04-03 08:02:23',NULL,NULL,0,0.0,0,0,NULL,0.0,0.0,0.0,0.0,0);
INSERT INTO daily_schedules VALUES(788,1,7,'2026-03-28','휴',NULL,'2026-04-03 07:41:07','2026-04-03 07:41:11',NULL,NULL,0,0.0,0,0,NULL,0.0,0.0,0.0,0.0,0);
INSERT INTO daily_schedules VALUES(794,1,8,'2026-03-02','휴',NULL,'2026-04-03 07:41:19','2026-04-03 07:41:24',NULL,NULL,0,0.0,0,0,NULL,0.0,0.0,0.0,0.0,0);
INSERT INTO daily_schedules VALUES(803,1,8,'2026-03-04','A',NULL,'2026-04-03 07:41:30','2026-04-04 04:39:25',NULL,NULL,0,0.0,0,0,NULL,0.0,0.0,0.0,0.0,0);
INSERT INTO daily_schedules VALUES(805,1,8,'2026-03-05','휴',NULL,'2026-04-03 07:41:35','2026-04-04 04:37:10',NULL,NULL,0,0.0,0,0,NULL,0.0,0.0,0.0,0.0,0);
INSERT INTO daily_schedules VALUES(808,1,8,'2026-03-08','휴',NULL,'2026-04-03 07:41:35','2026-04-03 07:42:25',NULL,NULL,0,0.0,0,0,NULL,0.0,0.0,0.0,0.0,0);
INSERT INTO daily_schedules VALUES(810,1,8,'2026-03-10','F',NULL,'2026-04-03 07:41:35','2026-04-03 08:02:44',NULL,NULL,0,0.0,0,0,NULL,0.0,0.0,0.0,0.0,0);
INSERT INTO daily_schedules VALUES(811,1,8,'2026-03-11','F',NULL,'2026-04-03 07:41:35','2026-04-03 08:02:44',NULL,NULL,0,0.0,0,0,NULL,0.0,0.0,0.0,0.0,0);
INSERT INTO daily_schedules VALUES(812,1,8,'2026-03-12','F',NULL,'2026-04-03 07:41:35','2026-04-03 08:02:44',NULL,NULL,0,0.0,0,0,NULL,0.0,0.0,0.0,0.0,0);
INSERT INTO daily_schedules VALUES(814,1,8,'2026-03-14','휴',NULL,'2026-04-03 07:41:35','2026-04-03 07:42:36',NULL,NULL,0,0.0,0,0,NULL,0.0,0.0,0.0,0.0,0);
INSERT INTO daily_schedules VALUES(816,1,8,'2026-03-16','F',NULL,'2026-04-03 07:41:35','2026-04-03 08:02:48',NULL,NULL,0,0.0,0,0,NULL,0.0,0.0,0.0,0.0,0);
INSERT INTO daily_schedules VALUES(819,1,8,'2026-03-19','F',NULL,'2026-04-03 07:41:35','2026-04-03 08:02:51',NULL,NULL,0,0.0,0,0,NULL,0.0,0.0,0.0,0.0,0);
INSERT INTO daily_schedules VALUES(820,1,8,'2026-03-20','F',NULL,'2026-04-03 07:41:35','2026-04-03 08:02:51',NULL,NULL,0,0.0,0,0,NULL,0.0,0.0,0.0,0.0,0);
INSERT INTO daily_schedules VALUES(821,1,8,'2026-03-21','F',NULL,'2026-04-03 07:41:35','2026-04-03 08:02:51',NULL,NULL,0,0.0,0,0,NULL,0.0,0.0,0.0,0.0,0);
INSERT INTO daily_schedules VALUES(822,1,8,'2026-03-22','F',NULL,'2026-04-03 07:41:35','2026-04-03 08:02:51',NULL,NULL,0,0.0,0,0,NULL,0.0,0.0,0.0,0.0,0);
INSERT INTO daily_schedules VALUES(825,1,8,'2026-03-25','F',NULL,'2026-04-03 07:41:35','2026-04-03 08:02:54',NULL,NULL,0,0.0,0,0,NULL,0.0,0.0,0.0,0.0,0);
INSERT INTO daily_schedules VALUES(828,1,8,'2026-03-28','오전',NULL,'2026-04-03 07:41:35','2026-04-03 07:41:35',NULL,NULL,0,0.0,0,0,NULL,0.0,0.0,0.0,0.0,0);
INSERT INTO daily_schedules VALUES(829,1,8,'2026-03-29','오전',NULL,'2026-04-03 07:41:35','2026-04-03 07:41:35',NULL,NULL,0,0.0,0,0,NULL,0.0,0.0,0.0,0.0,0);
INSERT INTO daily_schedules VALUES(830,1,8,'2026-03-30','오전',NULL,'2026-04-03 07:41:35','2026-04-03 07:41:35',NULL,NULL,0,0.0,0,0,NULL,0.0,0.0,0.0,0.0,0);
INSERT INTO daily_schedules VALUES(851,1,8,'2026-03-07','휴',NULL,'2026-04-03 07:42:23','2026-04-03 07:42:25',NULL,NULL,0,0.0,0,0,NULL,0.0,0.0,0.0,0.0,0);
INSERT INTO daily_schedules VALUES(858,1,8,'2026-03-13','휴',NULL,'2026-04-03 07:42:33','2026-04-03 07:42:36',NULL,NULL,0,0.0,0,0,NULL,0.0,0.0,0.0,0.0,0);
INSERT INTO daily_schedules VALUES(865,1,8,'2026-03-17','휴',NULL,'2026-04-03 07:42:44','2026-04-03 07:42:44',NULL,NULL,0,0.0,0,0,NULL,0.0,0.0,0.0,0.0,0);
INSERT INTO daily_schedules VALUES(870,1,8,'2026-03-23','휴',NULL,'2026-04-03 07:42:53','2026-04-03 07:42:53',NULL,NULL,0,0.0,0,0,NULL,0.0,0.0,0.0,0.0,0);
INSERT INTO daily_schedules VALUES(875,1,8,'2026-03-26','휴',NULL,'2026-04-03 07:43:00','2026-04-03 07:43:00',NULL,NULL,0,0.0,0,0,NULL,0.0,0.0,0.0,0.0,0);
INSERT INTO daily_schedules VALUES(880,1,8,'2026-03-31','휴',NULL,'2026-04-03 07:43:06','2026-04-03 07:43:06',NULL,NULL,0,0.0,0,0,NULL,0.0,0.0,0.0,0.0,0);
INSERT INTO daily_schedules VALUES(882,1,9,'2026-03-01','F',NULL,'2026-04-03 07:43:13','2026-04-03 08:03:02',NULL,NULL,0,0.0,0,0,NULL,0.0,0.0,0.0,0.0,0);
INSERT INTO daily_schedules VALUES(886,1,9,'2026-03-02','F',NULL,'2026-04-03 07:43:17','2026-04-03 08:03:02',NULL,NULL,0,0.0,0,0,NULL,0.0,0.0,0.0,0.0,0);
INSERT INTO daily_schedules VALUES(887,1,9,'2026-03-03','F',NULL,'2026-04-03 07:43:17','2026-04-03 08:03:02',NULL,NULL,0,0.0,0,0,NULL,0.0,0.0,0.0,0.0,0);
INSERT INTO daily_schedules VALUES(889,1,9,'2026-03-05','휴',NULL,'2026-04-03 07:43:17','2026-04-03 07:43:25',NULL,NULL,0,0.0,0,0,NULL,0.0,0.0,0.0,0.0,0);
INSERT INTO daily_schedules VALUES(891,1,9,'2026-03-07','F',NULL,'2026-04-03 07:43:17','2026-04-03 08:03:06',NULL,NULL,0,0.0,0,0,NULL,0.0,0.0,0.0,0.0,0);
INSERT INTO daily_schedules VALUES(892,1,9,'2026-03-08','F',NULL,'2026-04-03 07:43:17','2026-04-03 08:03:06',NULL,NULL,0,0.0,0,0,NULL,0.0,0.0,0.0,0.0,0);
INSERT INTO daily_schedules VALUES(895,1,9,'2026-03-11','F',NULL,'2026-04-03 07:43:17','2026-04-07 05:05:02',NULL,NULL,0,0.0,0,0,NULL,0.0,0.0,0.0,0.0,0);
INSERT INTO daily_schedules VALUES(898,1,9,'2026-03-14','F',NULL,'2026-04-03 07:43:17','2026-04-03 08:03:13',NULL,NULL,0,0.0,0,0,NULL,0.0,0.0,0.0,0.0,0);
INSERT INTO daily_schedules VALUES(899,1,9,'2026-03-15','F',NULL,'2026-04-03 07:43:17','2026-04-03 08:03:13',NULL,NULL,0,0.0,0,0,NULL,0.0,0.0,0.0,0.0,0);
INSERT INTO daily_schedules VALUES(902,1,9,'2026-03-18','F',NULL,'2026-04-03 07:43:17','2026-04-03 08:03:16',NULL,NULL,0,0.0,0,0,NULL,0.0,0.0,0.0,0.0,0);
INSERT INTO daily_schedules VALUES(905,1,9,'2026-03-21','F',NULL,'2026-04-03 07:43:17','2026-04-03 08:03:20',NULL,NULL,0,0.0,0,0,NULL,0.0,0.0,0.0,0.0,0);
INSERT INTO daily_schedules VALUES(908,1,9,'2026-03-24','F',NULL,'2026-04-03 07:43:17','2026-04-03 08:03:23',NULL,NULL,0,0.0,0,0,NULL,0.0,0.0,0.0,0.0,0);
INSERT INTO daily_schedules VALUES(911,1,9,'2026-03-27','F',NULL,'2026-04-03 07:43:17','2026-04-03 08:03:26',NULL,NULL,0,0.0,0,0,NULL,0.0,0.0,0.0,0.0,0);
INSERT INTO daily_schedules VALUES(912,1,9,'2026-03-28','F',NULL,'2026-04-03 07:43:17','2026-04-03 08:03:26',NULL,NULL,0,0.0,0,0,NULL,0.0,0.0,0.0,0.0,0);
INSERT INTO daily_schedules VALUES(913,1,9,'2026-03-29','F',NULL,'2026-04-03 07:43:17','2026-04-03 08:03:26',NULL,NULL,0,0.0,0,0,NULL,0.0,0.0,0.0,0.0,0);
INSERT INTO daily_schedules VALUES(915,1,9,'2026-03-31','휴',NULL,'2026-04-03 07:43:17','2026-04-03 07:44:16',NULL,NULL,0,0.0,0,0,NULL,0.0,0.0,0.0,0.0,0);
INSERT INTO daily_schedules VALUES(919,1,9,'2026-03-04','휴',NULL,'2026-04-03 07:43:24','2026-04-03 07:43:25',NULL,NULL,0,0.0,0,0,NULL,0.0,0.0,0.0,0.0,0);
INSERT INTO daily_schedules VALUES(926,1,9,'2026-03-09','휴',NULL,'2026-04-03 07:43:31','2026-04-06 17:45:09',NULL,NULL,0,0.0,0,0,NULL,0.0,0.0,0.0,0.0,0);
INSERT INTO daily_schedules VALUES(936,1,9,'2026-03-12','휴',NULL,'2026-04-03 07:43:41','2026-04-03 07:43:41',NULL,NULL,0,0.0,0,0,NULL,0.0,0.0,0.0,0.0,0);
INSERT INTO daily_schedules VALUES(941,1,9,'2026-03-16','휴',NULL,'2026-04-03 07:43:46','2026-04-03 07:43:46',NULL,NULL,0,0.0,0,0,NULL,0.0,0.0,0.0,0.0,0);
INSERT INTO daily_schedules VALUES(946,1,9,'2026-03-19','휴',NULL,'2026-04-03 07:43:53','2026-04-03 07:43:53',NULL,NULL,0,0.0,0,0,NULL,0.0,0.0,0.0,0.0,0);
INSERT INTO daily_schedules VALUES(951,1,9,'2026-03-22','휴',NULL,'2026-04-03 07:43:57','2026-04-03 07:43:58',NULL,NULL,0,0.0,0,0,NULL,0.0,0.0,0.0,0.0,0);
INSERT INTO daily_schedules VALUES(956,1,9,'2026-03-25','휴',NULL,'2026-04-03 07:44:07','2026-04-03 07:44:07',NULL,NULL,0,0.0,0,0,NULL,0.0,0.0,0.0,0.0,0);
INSERT INTO daily_schedules VALUES(962,1,9,'2026-03-30','휴',NULL,'2026-04-03 07:44:14','2026-04-03 07:44:16',NULL,NULL,0,0.0,0,0,NULL,0.0,0.0,0.0,0.0,0);
INSERT INTO daily_schedules VALUES(976,1,10,'2026-03-02','F',NULL,'2026-04-03 07:44:31','2026-04-03 08:03:32',NULL,NULL,0,0.0,0,0,NULL,0.0,0.0,0.0,0.0,0);
INSERT INTO daily_schedules VALUES(979,1,10,'2026-03-05','F',NULL,'2026-04-03 07:44:31','2026-04-03 08:03:39',NULL,NULL,0,0.0,0,0,NULL,0.0,0.0,0.0,0.0,0);
INSERT INTO daily_schedules VALUES(982,1,10,'2026-03-08','F',NULL,'2026-04-03 07:44:31','2026-04-03 08:03:50',NULL,NULL,0,0.0,0,0,NULL,0.0,0.0,0.0,0.0,0);
INSERT INTO daily_schedules VALUES(983,1,10,'2026-03-09','F',NULL,'2026-04-03 07:44:31','2026-04-03 08:03:50',NULL,NULL,0,0.0,0,0,NULL,0.0,0.0,0.0,0.0,0);
INSERT INTO daily_schedules VALUES(984,1,10,'2026-03-10','휴',NULL,'2026-04-03 07:44:31','2026-04-03 07:46:13',NULL,NULL,0,0.0,0,0,NULL,0.0,0.0,0.0,0.0,0);
INSERT INTO daily_schedules VALUES(987,1,10,'2026-03-13','F',NULL,'2026-04-03 07:44:31','2026-04-03 08:03:59',NULL,NULL,0,0.0,0,0,NULL,0.0,0.0,0.0,0.0,0);
INSERT INTO daily_schedules VALUES(988,1,10,'2026-03-14','휴',NULL,'2026-04-03 07:44:31','2026-04-03 07:46:24',NULL,NULL,0,0.0,0,0,NULL,0.0,0.0,0.0,0.0,0);
INSERT INTO daily_schedules VALUES(990,1,10,'2026-03-16','F',NULL,'2026-04-03 07:44:31','2026-04-03 08:04:13',NULL,NULL,0,0.0,0,0,NULL,0.0,0.0,0.0,0.0,0);
INSERT INTO daily_schedules VALUES(991,1,10,'2026-03-17','F',NULL,'2026-04-03 07:44:31','2026-04-03 08:04:13',NULL,NULL,0,0.0,0,0,NULL,0.0,0.0,0.0,0.0,0);
INSERT INTO daily_schedules VALUES(992,1,10,'2026-03-18','F',NULL,'2026-04-03 07:44:31','2026-04-03 08:04:13',NULL,NULL,0,0.0,0,0,NULL,0.0,0.0,0.0,0.0,0);
INSERT INTO daily_schedules VALUES(993,1,10,'2026-03-19','휴',NULL,'2026-04-03 07:44:31','2026-04-03 07:46:35',NULL,NULL,0,0.0,0,0,NULL,0.0,0.0,0.0,0.0,0);
INSERT INTO daily_schedules VALUES(996,1,10,'2026-03-22','F',NULL,'2026-04-03 07:44:31','2026-04-03 08:04:22',NULL,NULL,0,0.0,0,0,NULL,0.0,0.0,0.0,0.0,0);
INSERT INTO daily_schedules VALUES(997,1,10,'2026-03-23','F',NULL,'2026-04-03 07:44:31','2026-04-03 08:04:22',NULL,NULL,0,0.0,0,0,NULL,0.0,0.0,0.0,0.0,0);
INSERT INTO daily_schedules VALUES(998,1,10,'2026-03-24','휴',NULL,'2026-04-03 07:44:31','2026-04-03 07:46:49',NULL,NULL,0,0.0,0,0,NULL,0.0,0.0,0.0,0.0,0);
INSERT INTO daily_schedules VALUES(1001,1,10,'2026-03-27','F',NULL,'2026-04-03 07:44:31','2026-04-03 08:04:28',NULL,NULL,0,0.0,0,0,NULL,0.0,0.0,0.0,0.0,0);
INSERT INTO daily_schedules VALUES(1002,1,10,'2026-03-28','F',NULL,'2026-04-03 07:44:31','2026-04-03 08:04:28',NULL,NULL,0,0.0,0,0,NULL,0.0,0.0,0.0,0.0,0);
INSERT INTO daily_schedules VALUES(1003,1,10,'2026-03-29','F',NULL,'2026-04-03 07:44:31','2026-04-03 08:04:28',NULL,NULL,0,0.0,0,0,NULL,0.0,0.0,0.0,0.0,0);
INSERT INTO daily_schedules VALUES(1012,1,10,'2026-03-03','휴',NULL,'2026-04-03 07:44:38','2026-04-03 07:44:38',NULL,NULL,0,0.0,0,0,NULL,0.0,0.0,0.0,0.0,0);
INSERT INTO daily_schedules VALUES(1017,1,10,'2026-03-06','휴',NULL,'2026-04-03 07:45:03','2026-04-03 07:45:03',NULL,NULL,0,0.0,0,0,NULL,0.0,0.0,0.0,0.0,0);
INSERT INTO daily_schedules VALUES(1028,1,10,'2026-03-11','휴',NULL,'2026-04-03 07:45:13','2026-04-03 07:46:13',NULL,NULL,0,0.0,0,0,NULL,0.0,0.0,0.0,0.0,0);
INSERT INTO daily_schedules VALUES(1040,1,10,'2026-03-20','휴',NULL,'2026-04-03 07:45:25','2026-04-03 07:46:35',NULL,NULL,0,0.0,0,0,NULL,0.0,0.0,0.0,0.0,0);
INSERT INTO daily_schedules VALUES(1047,1,10,'2026-03-25','휴',NULL,'2026-04-03 07:45:33','2026-04-03 07:46:49',NULL,NULL,0,0.0,0,0,NULL,0.0,0.0,0.0,0.0,0);
INSERT INTO daily_schedules VALUES(1072,1,10,'2026-03-30','휴',NULL,'2026-04-03 07:46:57','2026-04-03 07:46:58',NULL,NULL,0,0.0,0,0,NULL,0.0,0.0,0.0,0.0,0);
INSERT INTO daily_schedules VALUES(1090,1,11,'2026-03-03','F',NULL,'2026-04-03 07:47:11','2026-04-03 08:04:38',NULL,NULL,0,0.0,0,0,NULL,0.0,0.0,0.0,0.0,0);
INSERT INTO daily_schedules VALUES(1091,1,11,'2026-03-04','휴',NULL,'2026-04-03 07:47:11','2026-04-03 07:47:25',NULL,NULL,0,0.0,0,0,NULL,0.0,0.0,0.0,0.0,0);
INSERT INTO daily_schedules VALUES(1093,1,11,'2026-03-06','F',NULL,'2026-04-03 07:47:11','2026-04-06 09:11:20',NULL,NULL,0,0.0,0,0,NULL,0.0,0.0,0.0,0.0,0);
INSERT INTO daily_schedules VALUES(1094,1,11,'2026-03-07','F',NULL,'2026-04-03 07:47:11','2026-04-03 08:04:42',NULL,NULL,0,0.0,0,0,NULL,0.0,0.0,0.0,0.0,0);
INSERT INTO daily_schedules VALUES(1097,1,11,'2026-03-10','F',NULL,'2026-04-03 07:47:11','2026-04-03 08:04:55',NULL,NULL,0,0.0,0,0,NULL,0.0,0.0,0.0,0.0,0);
INSERT INTO daily_schedules VALUES(1099,1,11,'2026-03-12','휴',NULL,'2026-04-03 07:47:11','2026-04-03 07:48:13',NULL,NULL,0,0.0,0,0,NULL,0.0,0.0,0.0,0.0,0);
INSERT INTO daily_schedules VALUES(1101,1,11,'2026-03-14','F',NULL,'2026-04-03 07:47:11','2026-04-04 07:10:45',NULL,NULL,0,0.0,0,0,NULL,0.0,0.0,0.0,0.0,0);
INSERT INTO daily_schedules VALUES(1102,1,11,'2026-03-15','F',NULL,'2026-04-03 07:47:11','2026-04-04 07:10:32',NULL,NULL,0,0.0,0,0,NULL,0.0,0.0,0.0,0.0,0);
INSERT INTO daily_schedules VALUES(1103,1,11,'2026-03-16','휴',NULL,'2026-04-03 07:47:11','2026-04-04 07:10:32',NULL,NULL,0,0.0,0,0,NULL,0.0,0.0,0.0,0.0,0);
INSERT INTO daily_schedules VALUES(1106,1,11,'2026-03-19','F',NULL,'2026-04-03 07:47:11','2026-04-03 08:05:07',NULL,NULL,0,0.0,0,0,NULL,0.0,0.0,0.0,0.0,0);
INSERT INTO daily_schedules VALUES(1109,1,11,'2026-03-22','F',NULL,'2026-04-03 07:47:11','2026-04-03 08:05:27',NULL,NULL,0,0.0,0,0,NULL,0.0,0.0,0.0,0.0,0);
INSERT INTO daily_schedules VALUES(1112,1,11,'2026-03-25','F',NULL,'2026-04-03 07:47:11','2026-04-03 08:05:41',NULL,NULL,0,0.0,0,0,NULL,0.0,0.0,0.0,0.0,0);
INSERT INTO daily_schedules VALUES(1113,1,11,'2026-03-26','F',NULL,'2026-04-03 07:47:11','2026-04-03 08:05:41',NULL,NULL,0,0.0,0,0,NULL,0.0,0.0,0.0,0.0,0);
INSERT INTO daily_schedules VALUES(1115,1,11,'2026-03-28','휴',NULL,'2026-04-03 07:47:11','2026-04-03 08:05:47',NULL,NULL,0,0.0,0,0,NULL,0.0,0.0,0.0,0.0,0);
INSERT INTO daily_schedules VALUES(1117,1,11,'2026-03-30','F',NULL,'2026-04-03 07:47:11','2026-04-03 08:05:56',NULL,NULL,0,0.0,0,0,NULL,0.0,0.0,0.0,0.0,0);
INSERT INTO daily_schedules VALUES(1118,1,11,'2026-03-31','F',NULL,'2026-04-03 07:47:11','2026-04-03 08:05:56',NULL,NULL,0,0.0,0,0,NULL,0.0,0.0,0.0,0.0,0);
INSERT INTO daily_schedules VALUES(1122,1,11,'2026-03-01','휴',NULL,'2026-04-03 07:47:18','2026-04-03 07:47:19',NULL,NULL,0,0.0,0,0,NULL,0.0,0.0,0.0,0.0,0);
INSERT INTO daily_schedules VALUES(1129,1,11,'2026-03-08','휴',NULL,'2026-04-03 07:48:03','2026-04-03 07:48:05',NULL,NULL,0,0.0,0,0,NULL,0.0,0.0,0.0,0.0,0);
INSERT INTO daily_schedules VALUES(1134,1,11,'2026-03-11','휴',NULL,'2026-04-03 07:48:11','2026-04-03 07:48:13',NULL,NULL,0,0.0,0,0,NULL,0.0,0.0,0.0,0.0,0);
INSERT INTO daily_schedules VALUES(1142,1,11,'2026-03-17','휴',NULL,'2026-04-03 07:48:19','2026-04-04 07:10:32',NULL,NULL,0,0.0,0,0,NULL,0.0,0.0,0.0,0.0,0);
INSERT INTO daily_schedules VALUES(1147,1,11,'2026-03-20','휴',NULL,'2026-04-03 07:48:26','2026-04-03 07:48:26',NULL,NULL,0,0.0,0,0,NULL,0.0,0.0,0.0,0.0,0);
INSERT INTO daily_schedules VALUES(1251,1,7,'2026-03-03','F',NULL,'2026-04-03 07:56:55','2026-04-06 17:44:58',NULL,NULL,0,0.0,0,0,NULL,0.0,0.0,0.0,0.0,0);
INSERT INTO daily_schedules VALUES(1261,1,5,'2026-03-06','F',NULL,'2026-04-03 07:57:11','2026-04-06 04:57:27',NULL,NULL,0,0.0,0,0,NULL,0.0,0.0,0.0,0.0,0);
INSERT INTO daily_schedules VALUES(1280,1,5,'2026-03-12','F',NULL,'2026-04-03 07:58:40','2026-04-04 06:40:34',NULL,NULL,0,0.0,0,0,NULL,0.0,0.0,0.0,0.0,0);
INSERT INTO daily_schedules VALUES(1286,1,5,'2026-03-14','F',NULL,'2026-04-03 07:58:45','2026-04-03 07:58:47',NULL,NULL,0,0.0,0,0,NULL,0.0,0.0,0.0,0.0,0);
INSERT INTO daily_schedules VALUES(1292,1,5,'2026-03-17','F',NULL,'2026-04-03 07:58:53','2026-04-04 07:13:03',NULL,NULL,0,0.0,0,0,NULL,0.0,0.0,0.0,0.0,0);
INSERT INTO daily_schedules VALUES(1301,1,5,'2026-03-21','F',NULL,'2026-04-03 07:58:59','2026-04-03 07:59:01',NULL,NULL,0,0.0,0,0,NULL,0.0,0.0,0.0,0.0,0);
INSERT INTO daily_schedules VALUES(1310,1,5,'2026-03-25','F',NULL,'2026-04-03 07:59:04','2026-04-03 07:59:06',NULL,NULL,0,0.0,0,0,NULL,0.0,0.0,0.0,0.0,0);
INSERT INTO daily_schedules VALUES(1318,1,5,'2026-03-28','F',NULL,'2026-04-03 07:59:08','2026-04-03 07:59:11',NULL,NULL,0,0.0,0,0,NULL,0.0,0.0,0.0,0.0,0);
INSERT INTO daily_schedules VALUES(1327,1,6,'2026-03-03','A',NULL,'2026-04-03 07:59:30','2026-04-03 07:59:30',NULL,NULL,0,0.0,0,0,NULL,0.0,0.0,0.0,0.0,0);
INSERT INTO daily_schedules VALUES(1330,1,6,'2026-03-04','B',NULL,'2026-04-03 07:59:33','2026-04-03 07:59:34',NULL,NULL,0,0.0,0,0,NULL,0.0,0.0,0.0,0.0,0);
INSERT INTO daily_schedules VALUES(1335,1,6,'2026-03-06','A',NULL,'2026-04-03 07:59:38','2026-04-03 07:59:47',NULL,NULL,0,0.0,0,0,NULL,0.0,0.0,0.0,0.0,0);
INSERT INTO daily_schedules VALUES(1342,1,6,'2026-03-08','B',NULL,'2026-04-03 07:59:50','2026-04-03 07:59:50',NULL,NULL,0,0.0,0,0,NULL,0.0,0.0,0.0,0.0,0);
INSERT INTO daily_schedules VALUES(1347,1,6,'2026-03-11','A',NULL,'2026-04-03 07:59:54','2026-04-03 07:59:54',NULL,NULL,0,0.0,0,0,NULL,0.0,0.0,0.0,0.0,0);
INSERT INTO daily_schedules VALUES(1350,1,6,'2026-03-12','B',NULL,'2026-04-03 07:59:57','2026-04-03 07:59:58',NULL,NULL,0,0.0,0,0,NULL,0.0,0.0,0.0,0.0,0);
INSERT INTO daily_schedules VALUES(1355,1,6,'2026-03-13','A',NULL,'2026-04-03 08:00:01','2026-04-03 08:00:01',NULL,NULL,0,0.0,0,0,NULL,0.0,0.0,0.0,0.0,0);
INSERT INTO daily_schedules VALUES(1359,1,6,'2026-03-16','A',NULL,'2026-04-03 08:00:08','2026-04-03 08:00:08',NULL,NULL,0,0.0,0,0,NULL,0.0,0.0,0.0,0.0,0);
INSERT INTO daily_schedules VALUES(1362,1,6,'2026-03-19','B',NULL,'2026-04-03 08:00:12','2026-04-03 08:00:12',NULL,NULL,0,0.0,0,0,NULL,0.0,0.0,0.0,0.0,0);
INSERT INTO daily_schedules VALUES(1367,1,6,'2026-03-20','A',NULL,'2026-04-03 08:00:16','2026-04-03 08:00:16',NULL,NULL,0,0.0,0,0,NULL,0.0,0.0,0.0,0.0,0);
INSERT INTO daily_schedules VALUES(1371,1,6,'2026-03-21','A',NULL,'2026-04-03 08:00:18','2026-04-03 08:00:18',NULL,NULL,0,0.0,0,0,NULL,0.0,0.0,0.0,0.0,0);
INSERT INTO daily_schedules VALUES(1374,1,6,'2026-03-22','B',NULL,'2026-04-03 08:00:21','2026-04-03 08:00:22',NULL,NULL,0,0.0,0,0,NULL,0.0,0.0,0.0,0.0,0);
INSERT INTO daily_schedules VALUES(1379,1,6,'2026-03-24','A',NULL,'2026-04-03 08:00:25','2026-04-03 08:00:25',NULL,NULL,0,0.0,0,0,NULL,0.0,0.0,0.0,0.0,0);
INSERT INTO daily_schedules VALUES(1382,1,6,'2026-03-25','B',NULL,'2026-04-03 08:00:27','2026-04-03 08:00:28',NULL,NULL,0,0.0,0,0,NULL,0.0,0.0,0.0,0.0,0);
INSERT INTO daily_schedules VALUES(1387,1,6,'2026-03-27','A',NULL,'2026-04-03 08:00:31','2026-04-03 08:00:31',NULL,NULL,0,0.0,0,0,NULL,0.0,0.0,0.0,0.0,0);
INSERT INTO daily_schedules VALUES(1390,1,6,'2026-03-29','B',NULL,'2026-04-03 08:00:35','2026-04-03 08:00:36',NULL,NULL,0,0.0,0,0,NULL,0.0,0.0,0.0,0.0,0);
INSERT INTO daily_schedules VALUES(1395,1,6,'2026-03-31','A',NULL,'2026-04-03 08:00:43','2026-04-03 08:00:43',NULL,NULL,0,0.0,0,0,NULL,0.0,0.0,0.0,0.0,0);
INSERT INTO daily_schedules VALUES(1399,1,7,'2026-03-01','F',NULL,'2026-04-03 08:01:47','2026-04-03 08:01:49',NULL,NULL,0,0.0,0,0,NULL,0.0,0.0,0.0,0.0,0);
INSERT INTO daily_schedules VALUES(1407,1,7,'2026-03-04','F',NULL,'2026-04-03 08:01:52','2026-04-06 17:45:04',NULL,NULL,0,0.0,0,0,NULL,0.0,0.0,0.0,0.0,0);
INSERT INTO daily_schedules VALUES(1416,1,7,'2026-03-08','F',NULL,'2026-04-03 08:01:58','2026-04-03 08:02:00',NULL,NULL,0,0.0,0,0,NULL,0.0,0.0,0.0,0.0,0);
INSERT INTO daily_schedules VALUES(1424,1,7,'2026-03-11','F',NULL,'2026-04-03 08:02:02','2026-04-03 08:02:05',NULL,NULL,0,0.0,0,0,NULL,0.0,0.0,0.0,0.0,0);
INSERT INTO daily_schedules VALUES(1434,1,7,'2026-03-17','F',NULL,'2026-04-03 08:02:07','2026-04-03 08:02:08',NULL,NULL,0,0.0,0,0,NULL,0.0,0.0,0.0,0.0,0);
INSERT INTO daily_schedules VALUES(1440,1,7,'2026-03-19','F',NULL,'2026-04-03 08:02:10','2026-04-03 08:02:13',NULL,NULL,0,0.0,0,0,NULL,0.0,0.0,0.0,0.0,0);
INSERT INTO daily_schedules VALUES(1448,1,7,'2026-03-22','F',NULL,'2026-04-03 08:02:16','2026-04-03 08:02:18',NULL,NULL,0,0.0,0,0,NULL,0.0,0.0,0.0,0.0,0);
INSERT INTO daily_schedules VALUES(1456,1,7,'2026-03-25','F',NULL,'2026-04-03 08:02:20','2026-04-03 08:02:23',NULL,NULL,0,0.0,0,0,NULL,0.0,0.0,0.0,0.0,0);
INSERT INTO daily_schedules VALUES(1465,1,7,'2026-03-30','F',NULL,'2026-04-03 08:02:26','2026-04-03 08:02:29',NULL,NULL,0,0.0,0,0,NULL,0.0,0.0,0.0,0.0,0);
INSERT INTO daily_schedules VALUES(1473,1,8,'2026-03-01','F',NULL,'2026-04-03 08:02:34','2026-04-03 08:02:35',NULL,NULL,0,0.0,0,0,NULL,0.0,0.0,0.0,0.0,0);
INSERT INTO daily_schedules VALUES(1479,1,8,'2026-03-03','F',NULL,'2026-04-03 08:02:37','2026-04-03 08:02:38',NULL,NULL,0,0.0,0,0,NULL,0.0,0.0,0.0,0.0,0);
INSERT INTO daily_schedules VALUES(1487,1,8,'2026-03-06','F',NULL,'2026-04-03 08:02:40','2026-04-04 04:37:09',NULL,NULL,0,0.0,0,0,NULL,0.0,0.0,0.0,0.0,0);
INSERT INTO daily_schedules VALUES(1493,1,8,'2026-03-09','F',NULL,'2026-04-03 08:02:43','2026-04-03 08:02:44',NULL,NULL,0,0.0,0,0,NULL,0.0,0.0,0.0,0.0,0);
INSERT INTO daily_schedules VALUES(1503,1,8,'2026-03-15','F',NULL,'2026-04-03 08:02:46','2026-04-03 08:02:48',NULL,NULL,0,0.0,0,0,NULL,0.0,0.0,0.0,0.0,0);
INSERT INTO daily_schedules VALUES(1511,1,8,'2026-03-18','F',NULL,'2026-04-03 08:02:49','2026-04-03 08:02:51',NULL,NULL,0,0.0,0,0,NULL,0.0,0.0,0.0,0.0,0);
INSERT INTO daily_schedules VALUES(1522,1,8,'2026-03-24','F',NULL,'2026-04-03 08:02:53','2026-04-03 08:02:54',NULL,NULL,0,0.0,0,0,NULL,0.0,0.0,0.0,0.0,0);
INSERT INTO daily_schedules VALUES(1530,1,8,'2026-03-27','B',NULL,'2026-04-03 08:02:55','2026-04-03 08:02:56',NULL,NULL,0,0.0,0,0,NULL,0.0,0.0,0.0,0.0,0);
INSERT INTO daily_schedules VALUES(1538,1,9,'2026-03-06','F',NULL,'2026-04-03 08:03:04','2026-04-03 08:03:06',NULL,NULL,0,0.0,0,0,NULL,0.0,0.0,0.0,0.0,0);
INSERT INTO daily_schedules VALUES(1547,1,9,'2026-03-10','F',NULL,'2026-04-03 08:03:07','2026-04-03 08:03:09',NULL,NULL,0,0.0,0,0,NULL,0.0,0.0,0.0,0.0,0);
INSERT INTO daily_schedules VALUES(1555,1,9,'2026-03-13','F',NULL,'2026-04-03 08:03:11','2026-04-03 08:03:13',NULL,NULL,0,0.0,0,0,NULL,0.0,0.0,0.0,0.0,0);
INSERT INTO daily_schedules VALUES(1564,1,9,'2026-03-17','F',NULL,'2026-04-03 08:03:14','2026-04-03 08:03:16',NULL,NULL,0,0.0,0,0,NULL,0.0,0.0,0.0,0.0,0);
INSERT INTO daily_schedules VALUES(1572,1,9,'2026-03-20','F',NULL,'2026-04-03 08:03:18','2026-04-03 08:03:20',NULL,NULL,0,0.0,0,0,NULL,0.0,0.0,0.0,0.0,0);
INSERT INTO daily_schedules VALUES(1580,1,9,'2026-03-23','F',NULL,'2026-04-03 08:03:21','2026-04-03 08:03:23',NULL,NULL,0,0.0,0,0,NULL,0.0,0.0,0.0,0.0,0);
INSERT INTO daily_schedules VALUES(1588,1,9,'2026-03-26','F',NULL,'2026-04-03 08:03:24','2026-04-03 08:03:26',NULL,NULL,0,0.0,0,0,NULL,0.0,0.0,0.0,0.0,0);
INSERT INTO daily_schedules VALUES(1598,1,10,'2026-03-01','F',NULL,'2026-04-03 08:03:30','2026-04-03 08:03:32',NULL,NULL,0,0.0,0,0,NULL,0.0,0.0,0.0,0.0,0);
INSERT INTO daily_schedules VALUES(1606,1,10,'2026-03-04','F',NULL,'2026-04-03 08:03:33','2026-04-03 08:03:39',NULL,NULL,0,0.0,0,0,NULL,0.0,0.0,0.0,0.0,0);
INSERT INTO daily_schedules VALUES(1623,1,10,'2026-03-07','F',NULL,'2026-04-03 08:03:47','2026-04-03 08:03:50',NULL,NULL,0,0.0,0,0,NULL,0.0,0.0,0.0,0.0,0);
INSERT INTO daily_schedules VALUES(1632,1,10,'2026-03-12','F',NULL,'2026-04-03 08:03:56','2026-04-03 08:03:59',NULL,NULL,0,0.0,0,0,NULL,0.0,0.0,0.0,0.0,0);
INSERT INTO daily_schedules VALUES(1640,1,10,'2026-03-15','F',NULL,'2026-04-03 08:04:10','2026-04-03 08:04:13',NULL,NULL,0,0.0,0,0,NULL,0.0,0.0,0.0,0.0,0);
INSERT INTO daily_schedules VALUES(1659,1,10,'2026-03-21','F',NULL,'2026-04-03 08:04:20','2026-04-03 08:04:22',NULL,NULL,0,0.0,0,0,NULL,0.0,0.0,0.0,0.0,0);
INSERT INTO daily_schedules VALUES(1668,1,10,'2026-03-26','F',NULL,'2026-04-03 08:04:25','2026-04-03 08:04:28',NULL,NULL,0,0.0,0,0,NULL,0.0,0.0,0.0,0.0,0);
INSERT INTO daily_schedules VALUES(1678,1,10,'2026-03-31','F',NULL,'2026-04-03 08:04:29','2026-04-03 08:04:30',NULL,NULL,0,0.0,0,0,NULL,0.0,0.0,0.0,0.0,0);
INSERT INTO daily_schedules VALUES(1684,1,11,'2026-03-02','F',NULL,'2026-04-03 08:04:35','2026-04-03 08:04:38',NULL,NULL,0,0.0,0,0,NULL,0.0,0.0,0.0,0.0,0);
INSERT INTO daily_schedules VALUES(1692,1,11,'2026-03-05','F',NULL,'2026-04-03 08:04:40','2026-04-03 08:04:42',NULL,NULL,0,0.0,0,0,NULL,0.0,0.0,0.0,0.0,0);
INSERT INTO daily_schedules VALUES(1710,1,11,'2026-03-09','F',NULL,'2026-04-03 08:04:53','2026-04-03 08:04:55',NULL,NULL,0,0.0,0,0,NULL,0.0,0.0,0.0,0.0,0);
INSERT INTO daily_schedules VALUES(1718,1,11,'2026-03-13','F',NULL,'2026-04-03 08:04:57','2026-04-03 08:05:01',NULL,NULL,0,0.0,0,0,NULL,0.0,0.0,0.0,0.0,0);
INSERT INTO daily_schedules VALUES(1728,1,11,'2026-03-18','F',NULL,'2026-04-03 08:05:05','2026-04-04 07:10:32',NULL,NULL,0,0.0,0,0,NULL,0.0,0.0,0.0,0.0,0);
INSERT INTO daily_schedules VALUES(1736,1,11,'2026-03-21','F',NULL,'2026-04-03 08:05:25','2026-04-03 08:05:27',NULL,NULL,0,0.0,0,0,NULL,0.0,0.0,0.0,0.0,0);
INSERT INTO daily_schedules VALUES(1744,1,11,'2026-03-23','휴',NULL,'2026-04-03 08:05:32','2026-04-03 08:05:34',NULL,NULL,0,0.0,0,0,NULL,0.0,0.0,0.0,0.0,0);
INSERT INTO daily_schedules VALUES(1752,1,11,'2026-03-24','F',NULL,'2026-04-03 08:05:38','2026-04-03 08:05:41',NULL,NULL,0,0.0,0,0,NULL,0.0,0.0,0.0,0.0,0);
INSERT INTO daily_schedules VALUES(1761,1,11,'2026-03-27','휴',NULL,'2026-04-03 08:05:43','2026-04-03 08:05:47',NULL,NULL,0,0.0,0,0,NULL,0.0,0.0,0.0,0.0,0);
INSERT INTO daily_schedules VALUES(1780,1,11,'2026-03-29','F',NULL,'2026-04-03 08:05:54','2026-04-03 08:05:56',NULL,NULL,0,0.0,0,0,NULL,0.0,0.0,0.0,0.0,0);
INSERT INTO daily_schedules VALUES(1786,1,13,'2026-03-25','A',NULL,'2026-04-03 08:05:58','2026-04-03 08:08:41',NULL,NULL,0,0.0,0,0,NULL,0.0,0.0,0.0,0.0,0);
INSERT INTO daily_schedules VALUES(1796,1,12,'2026-03-01','휴',NULL,'2026-04-03 08:06:46','2026-04-03 08:06:48',NULL,NULL,0,0.0,0,0,NULL,0.0,0.0,0.0,0.0,0);
INSERT INTO daily_schedules VALUES(1801,1,12,'2026-03-02','A',NULL,'2026-04-03 08:07:03','2026-04-03 08:07:03',NULL,NULL,0,0.0,0,0,NULL,0.0,0.0,0.0,0.0,0);
INSERT INTO daily_schedules VALUES(1802,1,12,'2026-03-03','B',NULL,'2026-04-03 08:07:04','2026-04-03 08:07:04',NULL,NULL,0,0.0,0,0,NULL,0.0,0.0,0.0,0.0,0);
INSERT INTO daily_schedules VALUES(1804,1,12,'2026-03-04','연',NULL,'2026-04-03 08:07:08','2026-04-04 03:45:31',NULL,NULL,0,0.0,0,0,NULL,0.0,0.0,0.0,0.0,0);
INSERT INTO daily_schedules VALUES(1811,1,12,'2026-03-05','B',NULL,'2026-04-03 08:07:23','2026-04-04 03:45:31',NULL,NULL,0,0.0,0,0,NULL,0.0,0.0,0.0,0.0,0);
INSERT INTO daily_schedules VALUES(1814,1,12,'2026-03-06','ㅇㄹ',NULL,'2026-04-03 08:07:24','2026-04-04 04:16:03',NULL,NULL,0,0.0,0,0,NULL,0.0,0.0,0.0,0.0,0);
INSERT INTO daily_schedules VALUES(1815,1,12,'2026-03-07','휴',NULL,'2026-04-03 08:07:28','2026-04-04 03:45:31',NULL,NULL,0,0.0,0,0,NULL,0.0,0.0,0.0,0.0,0);
INSERT INTO daily_schedules VALUES(1821,1,12,'2026-03-08','휴',NULL,'2026-04-03 08:07:30','2026-04-04 03:45:31',NULL,NULL,0,0.0,0,0,NULL,0.0,0.0,0.0,0.0,0);
INSERT INTO daily_schedules VALUES(1831,1,12,'2026-03-09','B',NULL,'2026-04-03 08:07:35','2026-04-04 03:45:31',NULL,NULL,0,0.0,0,0,NULL,0.0,0.0,0.0,0.0,0);
INSERT INTO daily_schedules VALUES(1834,1,12,'2026-03-10','B',NULL,'2026-04-03 08:07:38','2026-04-04 03:45:31',NULL,NULL,0,0.0,0,0,NULL,0.0,0.0,0.0,0.0,0);
INSERT INTO daily_schedules VALUES(1835,1,12,'2026-03-11','B',NULL,'2026-04-03 08:07:38','2026-04-04 03:45:31',NULL,NULL,0,0.0,0,0,NULL,0.0,0.0,0.0,0.0,0);
INSERT INTO daily_schedules VALUES(1836,1,12,'2026-03-12','연',NULL,'2026-04-03 08:07:38','2026-04-04 03:45:31',NULL,NULL,0,0.0,0,0,NULL,0.0,0.0,0.0,0.0,0);
INSERT INTO daily_schedules VALUES(1841,1,12,'2026-03-13','연',NULL,'2026-04-03 08:07:40','2026-04-04 03:45:31',NULL,NULL,0,0.0,0,0,NULL,0.0,0.0,0.0,0.0,0);
INSERT INTO daily_schedules VALUES(1842,1,12,'2026-03-14','휴',NULL,'2026-04-03 08:07:41','2026-04-04 03:45:31',NULL,NULL,0,0.0,0,0,NULL,0.0,0.0,0.0,0.0,0);
INSERT INTO daily_schedules VALUES(1848,1,12,'2026-03-15','휴',NULL,'2026-04-03 08:07:49','2026-04-04 03:45:31',NULL,NULL,0,0.0,0,0,NULL,0.0,0.0,0.0,0.0,0);
INSERT INTO daily_schedules VALUES(1858,1,12,'2026-03-16','B',NULL,'2026-04-03 08:07:56','2026-04-04 03:45:31',NULL,NULL,0,0.0,0,0,NULL,0.0,0.0,0.0,0.0,0);
INSERT INTO daily_schedules VALUES(1861,1,12,'2026-03-17','B',NULL,'2026-04-03 08:07:58','2026-04-04 03:45:30',NULL,NULL,0,0.0,0,0,NULL,0.0,0.0,0.0,0.0,0);
INSERT INTO daily_schedules VALUES(1862,1,12,'2026-03-18','연',NULL,'2026-04-03 08:07:58','2026-04-07 05:11:17',NULL,NULL,0,0.0,0,0,NULL,0.0,0.0,0.0,0.0,0);
INSERT INTO daily_schedules VALUES(1863,1,12,'2026-03-19','연',NULL,'2026-04-03 08:07:59','2026-04-04 03:45:30',NULL,NULL,0,0.0,0,0,NULL,0.0,0.0,0.0,0.0,0);
INSERT INTO daily_schedules VALUES(1868,1,12,'2026-03-20','연',NULL,'2026-04-03 08:08:01','2026-04-07 05:11:09',NULL,NULL,0,0.0,0,0,NULL,0.0,0.0,0.0,0.0,0);
INSERT INTO daily_schedules VALUES(1869,1,12,'2026-03-21','연',NULL,'2026-04-03 08:08:03','2026-04-07 05:11:09',NULL,NULL,0,0.0,0,0,NULL,0.0,0.0,0.0,0.0,0);
INSERT INTO daily_schedules VALUES(1875,1,12,'2026-03-22','연',NULL,'2026-04-03 08:08:06','2026-04-07 05:11:09',NULL,NULL,0,0.0,0,0,NULL,0.0,0.0,0.0,0.0,0);
INSERT INTO daily_schedules VALUES(1876,1,12,'2026-03-23','B',NULL,'2026-04-03 08:08:09','2026-04-07 05:10:55',NULL,NULL,0,0.0,0,0,NULL,0.0,0.0,0.0,0.0,0);
INSERT INTO daily_schedules VALUES(1881,1,12,'2026-03-24','B',NULL,'2026-04-03 08:08:11','2026-04-07 05:10:57',NULL,NULL,0,0.0,0,0,NULL,0.0,0.0,0.0,0.0,0);
INSERT INTO daily_schedules VALUES(1885,1,13,'2026-03-02','휴',NULL,'2026-04-03 08:08:26','2026-04-03 08:08:49',NULL,NULL,0,0.0,0,0,NULL,0.0,0.0,0.0,0.0,0);
INSERT INTO daily_schedules VALUES(1886,1,13,'2026-03-03','A',NULL,'2026-04-03 08:08:26','2026-04-03 08:08:41',NULL,NULL,0,0.0,0,0,NULL,0.0,0.0,0.0,0.0,0);
INSERT INTO daily_schedules VALUES(1887,1,13,'2026-03-04','A',NULL,'2026-04-03 08:08:26','2026-04-04 03:45:31',NULL,NULL,0,0.0,0,0,NULL,0.0,0.0,0.0,0.0,0);
INSERT INTO daily_schedules VALUES(1888,1,13,'2026-03-05','A',NULL,'2026-04-03 08:08:26','2026-04-03 08:08:41',NULL,NULL,0,0.0,0,0,NULL,0.0,0.0,0.0,0.0,0);
INSERT INTO daily_schedules VALUES(1889,1,13,'2026-03-06','A',NULL,'2026-04-03 08:08:26','2026-04-03 08:08:41',NULL,NULL,0,0.0,0,0,NULL,0.0,0.0,0.0,0.0,0);
INSERT INTO daily_schedules VALUES(1890,1,13,'2026-03-07','휴',NULL,'2026-04-03 08:08:26','2026-04-03 08:09:02',NULL,NULL,0,0.0,0,0,NULL,0.0,0.0,0.0,0.0,0);
INSERT INTO daily_schedules VALUES(1891,1,13,'2026-03-08','휴',NULL,'2026-04-03 08:08:26','2026-04-03 08:09:02',NULL,NULL,0,0.0,0,0,NULL,0.0,0.0,0.0,0.0,0);
INSERT INTO daily_schedules VALUES(1892,1,13,'2026-03-09','A',NULL,'2026-04-03 08:08:26','2026-04-03 08:08:41',NULL,NULL,0,0.0,0,0,NULL,0.0,0.0,0.0,0.0,0);
INSERT INTO daily_schedules VALUES(1893,1,13,'2026-03-10','A',NULL,'2026-04-03 08:08:26','2026-04-03 08:08:41',NULL,NULL,0,0.0,0,0,NULL,0.0,0.0,0.0,0.0,0);
INSERT INTO daily_schedules VALUES(1894,1,13,'2026-03-11','A',NULL,'2026-04-03 08:08:26','2026-04-03 08:08:41',NULL,NULL,0,0.0,0,0,NULL,0.0,0.0,0.0,0.0,0);
INSERT INTO daily_schedules VALUES(1895,1,13,'2026-03-12','A',NULL,'2026-04-03 08:08:26','2026-04-03 08:08:41',NULL,NULL,0,0.0,0,0,NULL,0.0,0.0,0.0,0.0,0);
INSERT INTO daily_schedules VALUES(1896,1,13,'2026-03-13','A',NULL,'2026-04-03 08:08:26','2026-04-03 08:08:41',NULL,NULL,0,0.0,0,0,NULL,0.0,0.0,0.0,0.0,0);
INSERT INTO daily_schedules VALUES(1897,1,13,'2026-03-14','휴',NULL,'2026-04-03 08:08:26','2026-04-03 08:10:28',NULL,NULL,0,0.0,0,0,NULL,0.0,0.0,0.0,0.0,0);
INSERT INTO daily_schedules VALUES(1898,1,13,'2026-03-15','휴',NULL,'2026-04-03 08:08:26','2026-04-03 08:10:28',NULL,NULL,0,0.0,0,0,NULL,0.0,0.0,0.0,0.0,0);
INSERT INTO daily_schedules VALUES(1899,1,13,'2026-03-16','A',NULL,'2026-04-03 08:08:26','2026-04-03 08:08:41',NULL,NULL,0,0.0,0,0,NULL,0.0,0.0,0.0,0.0,0);
INSERT INTO daily_schedules VALUES(1900,1,13,'2026-03-17','A',NULL,'2026-04-03 08:08:26','2026-04-03 08:08:41',NULL,NULL,0,0.0,0,0,NULL,0.0,0.0,0.0,0.0,0);
INSERT INTO daily_schedules VALUES(1901,1,13,'2026-03-18','A',NULL,'2026-04-03 08:08:26','2026-04-03 08:08:41',NULL,NULL,0,0.0,0,0,NULL,0.0,0.0,0.0,0.0,0);
INSERT INTO daily_schedules VALUES(1902,1,13,'2026-03-19','A',NULL,'2026-04-03 08:08:26','2026-04-03 08:08:41',NULL,NULL,0,0.0,0,0,NULL,0.0,0.0,0.0,0.0,0);
INSERT INTO daily_schedules VALUES(1903,1,13,'2026-03-20','A',NULL,'2026-04-03 08:08:26','2026-04-03 08:08:41',NULL,NULL,0,0.0,0,0,NULL,0.0,0.0,0.0,0.0,0);
INSERT INTO daily_schedules VALUES(1904,1,13,'2026-03-21','휴',NULL,'2026-04-03 08:08:26','2026-04-03 08:10:31',NULL,NULL,0,0.0,0,0,NULL,0.0,0.0,0.0,0.0,0);
INSERT INTO daily_schedules VALUES(1905,1,13,'2026-03-22','휴',NULL,'2026-04-03 08:08:26','2026-04-03 08:10:31',NULL,NULL,0,0.0,0,0,NULL,0.0,0.0,0.0,0.0,0);
INSERT INTO daily_schedules VALUES(1906,1,13,'2026-03-23','A',NULL,'2026-04-03 08:08:26','2026-04-03 08:08:41',NULL,NULL,0,0.0,0,0,NULL,0.0,0.0,0.0,0.0,0);
INSERT INTO daily_schedules VALUES(1907,1,13,'2026-03-24','A',NULL,'2026-04-03 08:08:26','2026-04-03 08:08:41',NULL,NULL,0,0.0,0,0,NULL,0.0,0.0,0.0,0.0,0);
INSERT INTO daily_schedules VALUES(1909,1,13,'2026-03-26','A',NULL,'2026-04-03 08:08:26','2026-04-03 08:08:41',NULL,NULL,0,0.0,0,0,NULL,0.0,0.0,0.0,0.0,0);
INSERT INTO daily_schedules VALUES(1910,1,13,'2026-03-27','A',NULL,'2026-04-03 08:08:26','2026-04-03 08:08:41',NULL,NULL,0,0.0,0,0,NULL,0.0,0.0,0.0,0.0,0);
INSERT INTO daily_schedules VALUES(1911,1,13,'2026-03-28','휴',NULL,'2026-04-03 08:08:26','2026-04-03 08:10:36',NULL,NULL,0,0.0,0,0,NULL,0.0,0.0,0.0,0.0,0);
INSERT INTO daily_schedules VALUES(1912,1,13,'2026-03-29','휴',NULL,'2026-04-03 08:08:26','2026-04-03 08:10:36',NULL,NULL,0,0.0,0,0,NULL,0.0,0.0,0.0,0.0,0);
INSERT INTO daily_schedules VALUES(1913,1,13,'2026-03-30','A',NULL,'2026-04-03 08:08:26','2026-04-03 08:08:41',NULL,NULL,0,0.0,0,0,NULL,0.0,0.0,0.0,0.0,0);
INSERT INTO daily_schedules VALUES(1914,1,13,'2026-03-31','A',NULL,'2026-04-03 08:08:26','2026-04-03 08:08:41',NULL,NULL,0,0.0,0,0,NULL,0.0,0.0,0.0,0.0,0);
INSERT INTO daily_schedules VALUES(1962,1,13,'2026-03-01','휴',NULL,'2026-04-03 08:08:46','2026-04-03 08:08:49',NULL,NULL,0,0.0,0,0,NULL,0.0,0.0,0.0,0.0,0);
INSERT INTO daily_schedules VALUES(1975,1,14,'2026-03-13','휴',NULL,'2026-04-03 08:09:17','2026-04-04 03:45:33',NULL,NULL,0,0.0,0,0,NULL,0.0,0.0,0.0,0.0,0);
INSERT INTO daily_schedules VALUES(1979,1,14,'2026-03-12','휴',NULL,'2026-04-03 08:10:05','2026-04-04 03:45:33',NULL,NULL,0,0.0,0,0,NULL,0.0,0.0,0.0,0.0,0);
INSERT INTO daily_schedules VALUES(2001,1,14,'2026-03-09','휴',NULL,'2026-04-03 08:10:40','2026-04-04 03:45:33',NULL,NULL,0,0.0,0,0,NULL,0.0,0.0,0.0,0.0,0);
INSERT INTO daily_schedules VALUES(2002,1,14,'2026-03-10','휴',NULL,'2026-04-03 08:10:40','2026-04-04 03:45:33',NULL,NULL,0,0.0,0,0,NULL,0.0,0.0,0.0,0.0,0);
INSERT INTO daily_schedules VALUES(2003,1,14,'2026-03-11','휴',NULL,'2026-04-03 08:10:40','2026-04-04 03:45:33',NULL,NULL,0,0.0,0,0,NULL,0.0,0.0,0.0,0.0,0);
INSERT INTO daily_schedules VALUES(2006,1,14,'2026-03-02','휴',NULL,'2026-04-03 08:10:50','2026-04-03 08:10:58',NULL,NULL,0,0.0,0,0,NULL,0.0,0.0,0.0,0.0,0);
INSERT INTO daily_schedules VALUES(2012,1,14,'2026-03-03','휴',NULL,'2026-04-03 08:10:58','2026-04-03 08:10:58',NULL,NULL,0,0.0,0,0,NULL,0.0,0.0,0.0,0.0,0);
INSERT INTO daily_schedules VALUES(2013,1,14,'2026-03-04','휴',NULL,'2026-04-03 08:10:58','2026-04-04 03:45:32',NULL,NULL,0,0.0,0,0,NULL,0.0,0.0,0.0,0.0,0);
INSERT INTO daily_schedules VALUES(2014,1,14,'2026-03-05','휴',NULL,'2026-04-03 08:10:58','2026-04-04 03:45:32',NULL,NULL,0,0.0,0,0,NULL,0.0,0.0,0.0,0.0,0);
INSERT INTO daily_schedules VALUES(2015,1,14,'2026-03-06','휴',NULL,'2026-04-03 08:10:58','2026-04-04 03:45:33',NULL,NULL,0,0.0,0,0,NULL,0.0,0.0,0.0,0.0,0);
INSERT INTO daily_schedules VALUES(2025,1,14,'2026-03-01','A',NULL,'2026-04-03 08:11:03','2026-04-03 08:11:03',NULL,NULL,0,0.0,0,0,NULL,0.0,0.0,0.0,0.0,0);
INSERT INTO daily_schedules VALUES(2035,1,14,'2026-03-07','F',NULL,'2026-04-03 08:11:09','2026-04-04 03:45:33',NULL,NULL,0,0.0,0,0,NULL,0.0,0.0,0.0,0.0,0);
INSERT INTO daily_schedules VALUES(2047,1,14,'2026-03-08','A',NULL,'2026-04-03 08:11:14','2026-04-04 03:45:33',NULL,NULL,0,0.0,0,0,NULL,0.0,0.0,0.0,0.0,0);
INSERT INTO daily_schedules VALUES(2048,1,14,'2026-03-14','F',NULL,'2026-04-03 08:11:26','2026-04-04 03:45:33',NULL,NULL,0,0.0,0,0,NULL,0.0,0.0,0.0,0.0,0);
INSERT INTO daily_schedules VALUES(2051,1,14,'2026-03-15','A',NULL,'2026-04-03 08:11:27','2026-04-04 03:45:33',NULL,NULL,0,0.0,0,0,NULL,0.0,0.0,0.0,0.0,0);
INSERT INTO daily_schedules VALUES(2052,1,14,'2026-03-21','F',NULL,'2026-04-03 08:11:32','2026-04-04 03:45:35',NULL,NULL,0,0.0,0,0,NULL,0.0,0.0,0.0,0.0,0);
INSERT INTO daily_schedules VALUES(2055,1,14,'2026-03-22','A',NULL,'2026-04-03 08:11:34','2026-04-04 03:45:35',NULL,NULL,0,0.0,0,0,NULL,0.0,0.0,0.0,0.0,0);
INSERT INTO daily_schedules VALUES(2056,1,14,'2026-03-28','F',NULL,'2026-04-03 08:11:38','2026-04-03 08:11:39',NULL,NULL,0,0.0,0,0,NULL,0.0,0.0,0.0,0.0,0);
INSERT INTO daily_schedules VALUES(2059,1,14,'2026-03-29','A',NULL,'2026-04-03 08:11:40','2026-04-04 03:58:21',NULL,NULL,0,0.0,0,0,NULL,0.0,0.0,0.0,0.0,0);
INSERT INTO daily_schedules VALUES(2060,1,14,'2026-03-16','휴',NULL,'2026-04-03 08:11:42','2026-04-04 03:45:35',NULL,NULL,0,0.0,0,0,NULL,0.0,0.0,0.0,0.0,0);
INSERT INTO daily_schedules VALUES(2066,1,14,'2026-03-17','휴',NULL,'2026-04-03 08:11:46','2026-04-04 03:45:35',NULL,NULL,0,0.0,0,0,NULL,0.0,0.0,0.0,0.0,0);
INSERT INTO daily_schedules VALUES(2067,1,14,'2026-03-18','휴',NULL,'2026-04-03 08:11:46','2026-04-04 03:45:35',NULL,NULL,0,0.0,0,0,NULL,0.0,0.0,0.0,0.0,0);
INSERT INTO daily_schedules VALUES(2068,1,14,'2026-03-19','휴',NULL,'2026-04-03 08:11:46','2026-04-04 03:45:35',NULL,NULL,0,0.0,0,0,NULL,0.0,0.0,0.0,0.0,0);
INSERT INTO daily_schedules VALUES(2069,1,14,'2026-03-20','휴',NULL,'2026-04-03 08:11:46','2026-04-04 03:45:35',NULL,NULL,0,0.0,0,0,NULL,0.0,0.0,0.0,0.0,0);
INSERT INTO daily_schedules VALUES(2070,1,14,'2026-03-23','휴',NULL,'2026-04-03 08:11:47','2026-04-04 03:45:35',NULL,NULL,0,0.0,0,0,NULL,0.0,0.0,0.0,0.0,0);
INSERT INTO daily_schedules VALUES(2076,1,14,'2026-03-24','휴',NULL,'2026-04-03 08:11:50','2026-04-04 03:45:35',NULL,NULL,0,0.0,0,0,NULL,0.0,0.0,0.0,0.0,0);
INSERT INTO daily_schedules VALUES(2077,1,14,'2026-03-25','휴',NULL,'2026-04-03 08:11:50','2026-04-03 08:11:50',NULL,NULL,0,0.0,0,0,NULL,0.0,0.0,0.0,0.0,0);
INSERT INTO daily_schedules VALUES(2078,1,14,'2026-03-26','휴',NULL,'2026-04-03 08:11:50','2026-04-03 08:11:50',NULL,NULL,0,0.0,0,0,NULL,0.0,0.0,0.0,0.0,0);
INSERT INTO daily_schedules VALUES(2079,1,14,'2026-03-27','휴',NULL,'2026-04-03 08:11:50','2026-04-03 08:11:50',NULL,NULL,0,0.0,0,0,NULL,0.0,0.0,0.0,0.0,0);
INSERT INTO daily_schedules VALUES(2080,1,14,'2026-03-30','휴',NULL,'2026-04-03 08:11:51','2026-04-03 08:11:54',NULL,NULL,0,0.0,0,0,NULL,0.0,0.0,0.0,0.0,0);
INSERT INTO daily_schedules VALUES(2086,1,14,'2026-03-31','휴',NULL,'2026-04-03 08:11:54','2026-04-03 08:11:54',NULL,NULL,0,0.0,0,0,NULL,0.0,0.0,0.0,0.0,0);
INSERT INTO daily_schedules VALUES(2138,1,4,'2026-03-01','A',NULL,'2026-04-03 09:03:30','2026-04-06 04:48:16',NULL,NULL,0,0.0,0,0,NULL,0.0,0.0,0.0,0.0,0);
INSERT INTO daily_schedules VALUES(2139,1,4,'2026-03-03','A',NULL,'2026-04-03 09:03:36','2026-04-04 02:49:25',NULL,NULL,0,0.0,0,0,NULL,0.0,0.0,0.0,0.0,0);
INSERT INTO daily_schedules VALUES(2141,1,4,'2026-03-05','A',NULL,'2026-04-03 09:03:37','2026-04-06 04:48:26',NULL,NULL,0,0.0,0,0,NULL,0.0,0.0,0.0,0.0,0);
INSERT INTO daily_schedules VALUES(2300,1,12,'2026-03-25','B',NULL,'2026-04-04 03:45:21','2026-04-07 05:10:57',NULL,NULL,0,0.0,0,0,NULL,0.0,0.0,0.0,0.0,0);
INSERT INTO daily_schedules VALUES(2302,1,12,'2026-03-26','B',NULL,'2026-04-04 03:45:23','2026-04-07 05:10:57',NULL,NULL,0,0.0,0,0,NULL,0.0,0.0,0.0,0.0,0);
INSERT INTO daily_schedules VALUES(2303,1,12,'2026-03-27','B',NULL,'2026-04-04 03:45:23','2026-04-07 05:10:57',NULL,NULL,0,0.0,0,0,NULL,0.0,0.0,0.0,0.0,0);
INSERT INTO daily_schedules VALUES(2304,1,12,'2026-03-28','B',NULL,'2026-04-04 03:45:23','2026-04-07 05:10:57',NULL,NULL,0,0.0,0,0,NULL,0.0,0.0,0.0,0.0,0);
INSERT INTO daily_schedules VALUES(2305,1,12,'2026-03-29','B',NULL,'2026-04-04 03:45:24','2026-04-07 05:10:57',NULL,NULL,0,0.0,0,0,NULL,0.0,0.0,0.0,0.0,0);
INSERT INTO daily_schedules VALUES(2306,1,12,'2026-03-30','B',NULL,'2026-04-04 03:45:25','2026-04-07 05:10:57',NULL,NULL,0,0.0,0,0,NULL,0.0,0.0,0.0,0.0,0);
INSERT INTO daily_schedules VALUES(2307,1,12,'2026-03-31','B',NULL,'2026-04-04 03:45:28','2026-04-07 05:10:57',NULL,NULL,0,0.0,0,0,NULL,0.0,0.0,0.0,0.0,0);
INSERT INTO daily_schedules VALUES(2405,1,4,'2026-04-10','오후',NULL,'2026-04-04 10:07:31','2026-04-04 10:07:31',NULL,NULL,0,0.0,0,0,NULL,0.0,0.0,0.0,0.0,0);
INSERT INTO daily_schedules VALUES(2416,1,5,'2026-03-02','휴',NULL,'2026-04-06 04:49:24','2026-04-06 04:49:24',NULL,NULL,0,0.0,0,0,NULL,0.0,0.0,0.0,0.0,0);
INSERT INTO daily_schedules VALUES(2422,1,15,'2026-03-01','B',NULL,'2026-04-06 05:56:41','2026-04-07 05:05:06',NULL,NULL,0,0.0,0,0,NULL,0.0,0.0,0.0,0.0,0);
INSERT INTO daily_schedules VALUES(2423,1,15,'2026-03-02','A',NULL,'2026-04-06 05:56:43','2026-04-06 05:56:43',NULL,NULL,0,0.0,0,0,NULL,0.0,0.0,0.0,0.0,0);
INSERT INTO daily_schedules VALUES(2424,1,15,'2026-03-03','A',NULL,'2026-04-06 05:56:43','2026-04-06 05:56:43',NULL,NULL,0,0.0,0,0,NULL,0.0,0.0,0.0,0.0,0);
INSERT INTO daily_schedules VALUES(2425,1,15,'2026-03-04','A',NULL,'2026-04-06 05:56:43','2026-04-06 05:56:43',NULL,NULL,0,0.0,0,0,NULL,0.0,0.0,0.0,0.0,0);
INSERT INTO daily_schedules VALUES(2426,1,15,'2026-03-05','A',NULL,'2026-04-06 05:56:43','2026-04-06 05:56:43',NULL,NULL,0,0.0,0,0,NULL,0.0,0.0,0.0,0.0,0);
INSERT INTO daily_schedules VALUES(2427,1,15,'2026-03-06','A',NULL,'2026-04-06 05:56:43','2026-04-06 05:56:43',NULL,NULL,0,0.0,0,0,NULL,0.0,0.0,0.0,0.0,0);
INSERT INTO daily_schedules VALUES(2428,1,15,'2026-03-07','A',NULL,'2026-04-06 05:56:43','2026-04-06 05:56:43',NULL,NULL,0,0.0,0,0,NULL,0.0,0.0,0.0,0.0,0);
INSERT INTO daily_schedules VALUES(2429,1,15,'2026-03-08','A',NULL,'2026-04-06 05:56:43','2026-04-06 05:56:43',NULL,NULL,0,0.0,0,0,NULL,0.0,0.0,0.0,0.0,0);
INSERT INTO daily_schedules VALUES(2430,1,16,'2026-03-01','B',NULL,'2026-04-06 06:01:41','2026-04-06 06:01:41',NULL,NULL,0,0.0,0,0,NULL,0.0,0.0,0.0,0.0,0);
INSERT INTO daily_schedules VALUES(2431,1,16,'2026-03-02','B',NULL,'2026-04-06 06:01:43','2026-04-06 06:01:43',NULL,NULL,0,0.0,0,0,NULL,0.0,0.0,0.0,0.0,0);
INSERT INTO daily_schedules VALUES(2432,1,16,'2026-03-03','B',NULL,'2026-04-06 06:01:43','2026-04-06 06:01:43',NULL,NULL,0,0.0,0,0,NULL,0.0,0.0,0.0,0.0,0);
INSERT INTO daily_schedules VALUES(2433,1,16,'2026-03-04','B',NULL,'2026-04-06 06:01:43','2026-04-06 06:01:43',NULL,NULL,0,0.0,0,0,NULL,0.0,0.0,0.0,0.0,0);
INSERT INTO daily_schedules VALUES(2434,1,16,'2026-03-05','B',NULL,'2026-04-06 06:01:43','2026-04-06 06:01:53',NULL,NULL,0,0.0,0,0,NULL,0.0,0.0,0.0,0.0,0);
INSERT INTO daily_schedules VALUES(2435,1,16,'2026-03-06','B',NULL,'2026-04-06 06:01:43','2026-04-06 06:01:44',NULL,NULL,0,0.0,0,0,NULL,0.0,0.0,0.0,0.0,0);
INSERT INTO daily_schedules VALUES(2438,1,15,'2026-03-09','연',NULL,'2026-04-06 06:19:48','2026-04-06 06:19:48',NULL,NULL,0,0.0,0,0,NULL,0.0,0.0,0.0,0.0,0);
INSERT INTO daily_schedules VALUES(2439,1,15,'2026-03-10','OT',NULL,'2026-04-06 06:19:57','2026-04-06 06:20:25',NULL,NULL,0,0.0,0,0,NULL,0.0,0.0,0.0,0.0,0);
INSERT INTO daily_schedules VALUES(2442,1,15,'2026-03-11','OT',NULL,'2026-04-06 13:22:38','2026-04-06 13:22:38',NULL,NULL,0,0.0,0,0,NULL,0.0,0.0,0.0,0.0,0);
INSERT INTO daily_schedules VALUES(2443,1,15,'2026-03-12','OT',NULL,'2026-04-06 13:22:39','2026-04-06 13:22:39',NULL,NULL,0,0.0,0,0,NULL,0.0,0.0,0.0,0.0,0);
INSERT INTO daily_schedules VALUES(2444,1,16,'2026-03-07','B',NULL,'2026-04-06 13:22:51','2026-04-06 13:22:51',NULL,NULL,0,0.0,0,0,NULL,0.0,0.0,0.0,0.0,0);
INSERT INTO daily_schedules VALUES(2445,1,16,'2026-03-08','B',NULL,'2026-04-06 13:22:51','2026-04-06 13:22:51',NULL,NULL,0,0.0,0,0,NULL,0.0,0.0,0.0,0.0,0);
INSERT INTO daily_schedules VALUES(2446,1,16,'2026-03-09','B',NULL,'2026-04-06 13:22:52','2026-04-06 13:22:52',NULL,NULL,0,0.0,0,0,NULL,0.0,0.0,0.0,0.0,0);
INSERT INTO daily_schedules VALUES(2447,1,16,'2026-03-10','B',NULL,'2026-04-06 13:22:52','2026-04-06 13:22:52',NULL,NULL,0,0.0,0,0,NULL,0.0,0.0,0.0,0.0,0);
INSERT INTO daily_schedules VALUES(2448,1,16,'2026-03-11','A',NULL,'2026-04-06 17:44:15','2026-04-06 17:44:15',NULL,NULL,0,0.0,0,0,NULL,0.0,0.0,0.0,0.0,0);
INSERT INTO daily_schedules VALUES(2449,1,16,'2026-03-12','A',NULL,'2026-04-06 17:44:16','2026-04-06 17:44:16',NULL,NULL,0,0.0,0,0,NULL,0.0,0.0,0.0,0.0,0);
INSERT INTO daily_schedules VALUES(2451,1,16,'2026-03-14','A',NULL,'2026-04-06 17:44:17','2026-04-06 17:44:17',NULL,NULL,0,0.0,0,0,NULL,0.0,0.0,0.0,0.0,0);
INSERT INTO daily_schedules VALUES(2452,1,16,'2026-03-13','A',NULL,'2026-04-06 17:44:17','2026-04-06 17:44:17',NULL,NULL,0,0.0,0,0,NULL,0.0,0.0,0.0,0.0,0);
INSERT INTO daily_schedules VALUES(2453,1,15,'2026-03-13','A',NULL,'2026-04-06 17:44:18','2026-04-06 17:44:18',NULL,NULL,0,0.0,0,0,NULL,0.0,0.0,0.0,0.0,0);
INSERT INTO daily_schedules VALUES(2454,1,15,'2026-03-14','A',NULL,'2026-04-06 17:44:18','2026-04-06 17:44:18',NULL,NULL,0,0.0,0,0,NULL,0.0,0.0,0.0,0.0,0);
INSERT INTO daily_schedules VALUES(2455,1,15,'2026-03-15','A',NULL,'2026-04-06 17:44:18','2026-04-06 17:44:21',NULL,NULL,0,0.0,0,0,NULL,0.0,0.0,0.0,0.0,0);
INSERT INTO daily_schedules VALUES(2456,1,16,'2026-03-15','A',NULL,'2026-04-06 17:44:19','2026-04-06 17:44:19',NULL,NULL,0,0.0,0,0,NULL,0.0,0.0,0.0,0.0,0);
INSERT INTO daily_schedules VALUES(2478,1,15,'2026-03-16','A',NULL,'2026-04-07 04:46:32','2026-04-07 04:46:32',NULL,NULL,0,0.0,0,0,NULL,0.0,0.0,0.0,0.0,0);
INSERT INTO daily_schedules VALUES(2479,1,15,'2026-03-17','A',NULL,'2026-04-07 04:46:32','2026-04-07 04:46:32',NULL,NULL,0,0.0,0,0,NULL,0.0,0.0,0.0,0.0,0);
INSERT INTO daily_schedules VALUES(2480,1,15,'2026-03-18','A',NULL,'2026-04-07 04:46:32','2026-04-07 04:46:32',NULL,NULL,0,0.0,0,0,NULL,0.0,0.0,0.0,0.0,0);
INSERT INTO daily_schedules VALUES(2481,1,15,'2026-03-19','A',NULL,'2026-04-07 04:46:32','2026-04-07 04:46:32',NULL,NULL,0,0.0,0,0,NULL,0.0,0.0,0.0,0.0,0);
INSERT INTO daily_schedules VALUES(2482,1,15,'2026-03-20','A',NULL,'2026-04-07 04:46:32','2026-04-07 04:46:32',NULL,NULL,0,0.0,0,0,NULL,0.0,0.0,0.0,0.0,0);
INSERT INTO daily_schedules VALUES(2483,1,15,'2026-03-21','A',NULL,'2026-04-07 04:46:32','2026-04-07 04:46:32',NULL,NULL,0,0.0,0,0,NULL,0.0,0.0,0.0,0.0,0);
CREATE TABLE hospital_info (
  id INTEGER PRIMARY KEY AUTOINCREMENT,
  hospital_id INTEGER UNIQUE NOT NULL,
  
  hospital_type TEXT DEFAULT 'general',  
  address TEXT,
  
  licensed_beds INTEGER DEFAULT 0,       
  avg_inpatients INTEGER DEFAULT 0,      
  staff_count INTEGER DEFAULT 0,         
  guardian_ratio REAL DEFAULT 0,         
  
  operation_type TEXT DEFAULT 'direct',  
  consignment_company TEXT,              
  meals_per_day INTEGER DEFAULT 3,       
  current_meal_price INTEGER DEFAULT 0,  
  target_meal_price INTEGER DEFAULT 0,   
  supply_method TEXT DEFAULT 'mixed',    
  
  annual_budget INTEGER DEFAULT 0,       
  
  dietitian_name TEXT,                   
  dietitian_phone TEXT,                  
  admin_memo TEXT,                       
  
  current_year INTEGER,                  
  current_month INTEGER,                 
  closing_status TEXT DEFAULT 'open',    
  closing_requested_at DATETIME,         
  closing_approved_at DATETIME,          
  updated_at DATETIME DEFAULT CURRENT_TIMESTAMP, main_specialty TEXT DEFAULT '', main_category TEXT DEFAULT 'other', main_category_custom TEXT, monthly_avg_budget INTEGER DEFAULT 0, care_type TEXT DEFAULT 'general', supply_exclude_keys TEXT DEFAULT NULL,
  FOREIGN KEY (hospital_id) REFERENCES hospitals(id)
);
INSERT INTO hospital_info VALUES(1,1,'nursing','서울 종로구 경희궁길 24 아미나 요양병원',80,60,40,0.0,'direct','',3,8500,0,'mixed',60000000,'최혜진','01044082976','',2026,3,'open',NULL,NULL,'2026-04-07 18:06:34','암','other',NULL,0,'oncology_nursing','["card","supply"]');
INSERT INTO hospital_info VALUES(2,3,'nursing','경기 용인시 수지구 포은대로59번길 17',200,160,140,0.0,'direct','',3,2600,0,'mixed',0,'심연주','01099167201','',2026,3,'open',NULL,NULL,'2026-04-07 18:04:26','암,요양','other',NULL,0,'general','["card","supply"]');
INSERT INTO hospital_info VALUES(3,4,'clinic','',25,20,15,0.0,'direct','',3,6500,0,'mixed',180000000,'김민준','','',2026,4,'open',NULL,NULL,'2026-04-02 15:46:35','암','other',NULL,0,'oncology',NULL);
INSERT INTO hospital_info VALUES(4,5,'general',NULL,0,0,0,0.0,'direct',NULL,3,0,0,'mixed',0,NULL,NULL,NULL,2026,3,'open',NULL,NULL,'2026-04-02 15:46:35','','other',NULL,0,'general',NULL);
INSERT INTO hospital_info VALUES(5,6,'general',NULL,0,0,0,0.0,'direct',NULL,3,0,0,'mixed',0,NULL,NULL,NULL,2026,3,'open',NULL,NULL,'2026-04-02 15:46:35','','other',NULL,0,'general',NULL);
INSERT INTO hospital_info VALUES(6,7,'general',NULL,0,0,0,0.0,'direct',NULL,3,0,0,'mixed',0,NULL,NULL,NULL,2026,3,'open',NULL,NULL,'2026-04-02 15:46:35','','other',NULL,0,'general',NULL);
INSERT INTO hospital_info VALUES(7,2,'oriental','',130,120,150,0.0,'direct','',3,12000,0,'mixed',0,'유달아','','',2026,3,'open',NULL,NULL,'2026-04-02 15:46:35','암','other',NULL,0,'oncology',NULL);
CREATE TABLE category_budgets (
  id INTEGER PRIMARY KEY AUTOINCREMENT,
  hospital_id INTEGER NOT NULL,
  year INTEGER NOT NULL,
  month INTEGER NOT NULL,
  category TEXT NOT NULL,               
  monthly_budget INTEGER DEFAULT 0,
  created_at DATETIME DEFAULT CURRENT_TIMESTAMP,
  updated_at DATETIME DEFAULT CURRENT_TIMESTAMP,
  UNIQUE(hospital_id, year, month, category),
  FOREIGN KEY (hospital_id) REFERENCES hospitals(id)
);
CREATE TABLE monthly_closings (
  id INTEGER PRIMARY KEY AUTOINCREMENT,
  hospital_id INTEGER NOT NULL,
  year INTEGER NOT NULL,
  month INTEGER NOT NULL,
  status TEXT DEFAULT 'open',           
  requested_at DATETIME,
  requested_by INTEGER,                 
  approved_at DATETIME,
  approved_by INTEGER,                  
  memo TEXT,
  UNIQUE(hospital_id, year, month),
  FOREIGN KEY (hospital_id) REFERENCES hospitals(id)
);
CREATE TABLE holidays (
  id INTEGER PRIMARY KEY AUTOINCREMENT,
  holiday_date TEXT NOT NULL UNIQUE,    
  name TEXT NOT NULL,                   
  is_auto INTEGER DEFAULT 1,            
  created_at DATETIME DEFAULT CURRENT_TIMESTAMP
);
INSERT INTO holidays VALUES(1,'2026-01-01','신정',1,'2026-04-02 04:49:08');
INSERT INTO holidays VALUES(2,'2026-01-28','설날 연휴',1,'2026-04-02 04:49:08');
INSERT INTO holidays VALUES(3,'2026-01-29','설날',1,'2026-04-02 04:49:08');
INSERT INTO holidays VALUES(4,'2026-01-30','설날 연휴',1,'2026-04-02 04:49:08');
INSERT INTO holidays VALUES(5,'2026-03-01','삼일절',1,'2026-04-02 04:49:08');
INSERT INTO holidays VALUES(6,'2026-05-05','어린이날',1,'2026-04-02 04:49:08');
INSERT INTO holidays VALUES(7,'2026-05-25','부처님오신날',1,'2026-04-02 04:49:08');
INSERT INTO holidays VALUES(8,'2026-06-06','현충일',1,'2026-04-02 04:49:08');
INSERT INTO holidays VALUES(9,'2026-08-15','광복절',1,'2026-04-02 04:49:08');
INSERT INTO holidays VALUES(10,'2026-09-24','추석 연휴',1,'2026-04-02 04:49:08');
INSERT INTO holidays VALUES(11,'2026-09-25','추석',1,'2026-04-02 04:49:08');
INSERT INTO holidays VALUES(12,'2026-09-26','추석 연휴',1,'2026-04-02 04:49:08');
INSERT INTO holidays VALUES(13,'2026-10-03','개천절',1,'2026-04-02 04:49:08');
INSERT INTO holidays VALUES(14,'2026-10-09','한글날',1,'2026-04-02 04:49:08');
INSERT INTO holidays VALUES(15,'2026-12-25','크리스마스',1,'2026-04-02 04:49:08');
INSERT INTO holidays VALUES(16,'2026-05-01','근로자의날',0,'2026-03-19 22:09:00');
INSERT INTO holidays VALUES(18,'2026-03-02','대체공휴일',0,'2026-04-03 07:01:03');
CREATE TABLE notifications (
  id INTEGER PRIMARY KEY AUTOINCREMENT,
  to_user_id INTEGER,                   
  from_hospital_id INTEGER,
  type TEXT NOT NULL,                   
  title TEXT NOT NULL,
  message TEXT,
  is_read INTEGER DEFAULT 0,
  created_at DATETIME DEFAULT CURRENT_TIMESTAMP,
  FOREIGN KEY (from_hospital_id) REFERENCES hospitals(id)
);
CREATE TABLE hospital_sessions (
  id INTEGER PRIMARY KEY AUTOINCREMENT,
  hospital_id INTEGER NOT NULL,
  user_id INTEGER NOT NULL,
  username TEXT NOT NULL,
  last_active_at DATETIME DEFAULT CURRENT_TIMESTAMP,
  last_page TEXT DEFAULT 'dashboard',   
  is_active INTEGER DEFAULT 1,          
  created_at DATETIME DEFAULT CURRENT_TIMESTAMP, last_action TEXT DEFAULT NULL, role TEXT DEFAULT 'hospital',
  FOREIGN KEY (hospital_id) REFERENCES hospitals(id)
);
INSERT INTO hospital_sessions VALUES(1,1,2,'amina','2026-04-02 04:50:53','dashboard',1,'2026-04-02 04:49:53',NULL,'hospital');
INSERT INTO hospital_sessions VALUES(2,1,2,'amina','2026-04-02 04:51:38','dashboard',1,'2026-04-02 04:51:38',NULL,'hospital');
INSERT INTO hospital_sessions VALUES(3,1,2,'amina','2026-04-02 04:51:46','dashboard',1,'2026-04-02 04:51:46',NULL,'hospital');
INSERT INTO hospital_sessions VALUES(4,1,2,'amina','2026-04-02 04:52:53','orders',1,'2026-04-02 04:51:51',NULL,'hospital');
INSERT INTO hospital_sessions VALUES(5,1,2,'amina','2026-04-02 04:54:18','dashboard',1,'2026-04-02 04:53:32',NULL,'hospital');
INSERT INTO hospital_sessions VALUES(6,1,2,'amina','2026-04-02 05:00:45','dashboard',1,'2026-04-02 05:00:45',NULL,'hospital');
INSERT INTO hospital_sessions VALUES(7,1,2,'amina','2026-04-02 05:00:51','dashboard',1,'2026-04-02 05:00:51',NULL,'hospital');
INSERT INTO hospital_sessions VALUES(8,1,2,'amina','2026-04-02 05:00:58','dashboard',1,'2026-04-02 05:00:58',NULL,'hospital');
INSERT INTO hospital_sessions VALUES(9,1,2,'amina','2026-04-02 05:03:37','dashboard',1,'2026-04-02 05:03:37',NULL,'hospital');
INSERT INTO hospital_sessions VALUES(10,1,2,'amina','2026-04-02 05:03:48','dashboard',1,'2026-04-02 05:03:48',NULL,'hospital');
INSERT INTO hospital_sessions VALUES(11,1,2,'amina','2026-04-02 05:06:45','dashboard',1,'2026-04-02 05:06:45',NULL,'hospital');
INSERT INTO hospital_sessions VALUES(12,1,2,'amina','2026-04-02 05:06:55','dashboard',1,'2026-04-02 05:06:55',NULL,'hospital');
INSERT INTO hospital_sessions VALUES(13,1,2,'amina','2026-04-02 13:59:52','dashboard',1,'2026-04-02 13:27:50',NULL,'hospital');
INSERT INTO hospital_sessions VALUES(14,1,2,'amina','2026-04-02 14:49:51','dashboard',1,'2026-04-02 14:14:51',NULL,'hospital');
INSERT INTO hospital_sessions VALUES(15,1,2,'amina','2026-04-02 14:50:34','dashboard',1,'2026-04-02 14:50:34',NULL,'hospital');
INSERT INTO hospital_sessions VALUES(16,1,2,'amina','2026-04-02 14:50:40','dashboard',1,'2026-04-02 14:50:40',NULL,'hospital');
INSERT INTO hospital_sessions VALUES(17,1,2,'amina','2026-04-02 14:52:51','dashboard',1,'2026-04-02 14:50:46',NULL,'hospital');
INSERT INTO hospital_sessions VALUES(18,1,2,'amina','2026-04-02 14:53:36','dashboard',1,'2026-04-02 14:53:36',NULL,'hospital');
INSERT INTO hospital_sessions VALUES(19,1,2,'amina','2026-04-02 14:53:51','dashboard',1,'2026-04-02 14:53:49',NULL,'hospital');
INSERT INTO hospital_sessions VALUES(20,1,2,'amina','2026-04-02 14:54:03','dashboard',1,'2026-04-02 14:54:03',NULL,'hospital');
INSERT INTO hospital_sessions VALUES(21,1,2,'amina','2026-04-02 14:56:51','dashboard',1,'2026-04-02 14:54:19',NULL,'hospital');
INSERT INTO hospital_sessions VALUES(22,1,2,'amina','2026-04-02 15:35:12','dashboard',1,'2026-04-02 15:35:12',NULL,'hospital');
INSERT INTO hospital_sessions VALUES(23,1,2,'amina','2026-04-02 15:36:28','dashboard',1,'2026-04-02 15:36:28',NULL,'hospital');
INSERT INTO hospital_sessions VALUES(24,1,2,'amina','2026-04-02 15:36:35','dashboard',1,'2026-04-02 15:36:35',NULL,'hospital');
INSERT INTO hospital_sessions VALUES(25,1,2,'amina','2026-04-02 15:38:12','dashboard',1,'2026-04-02 15:36:45',NULL,'hospital');
INSERT INTO hospital_sessions VALUES(26,1,2,'amina','2026-04-02 15:38:17','dashboard',1,'2026-04-02 15:38:17',NULL,'hospital');
INSERT INTO hospital_sessions VALUES(27,1,2,'amina','2026-04-02 15:42:17','orders',1,'2026-04-02 15:38:48',NULL,'hospital');
INSERT INTO hospital_sessions VALUES(28,1,2,'amina','2026-04-02 16:22:07','orders',1,'2026-04-02 16:01:03',NULL,'hospital');
INSERT INTO hospital_sessions VALUES(29,1,2,'amina','2026-04-02 16:27:06','orders',1,'2026-04-02 16:22:48',NULL,'hospital');
INSERT INTO hospital_sessions VALUES(30,1,2,'amina','2026-04-02 16:27:23','dashboard',1,'2026-04-02 16:27:23',NULL,'hospital');
INSERT INTO hospital_sessions VALUES(31,1,2,'amina','2026-04-02 16:34:25','orders',1,'2026-04-02 16:28:23',NULL,'hospital');
INSERT INTO hospital_sessions VALUES(32,1,2,'amina','2026-04-02 16:35:25','orders',1,'2026-04-02 16:34:26',NULL,'hospital');
INSERT INTO hospital_sessions VALUES(33,1,2,'amina','2026-04-02 16:39:25','dashboard',1,'2026-04-02 16:35:40',NULL,'hospital');
INSERT INTO hospital_sessions VALUES(34,1,2,'amina','2026-04-02 16:41:25','dashboard',1,'2026-04-02 16:40:46',NULL,'hospital');
INSERT INTO hospital_sessions VALUES(35,1,2,'amina','2026-04-02 16:42:26','dashboard',1,'2026-04-02 16:42:14',NULL,'hospital');
INSERT INTO hospital_sessions VALUES(36,1,2,'amina','2026-04-02 16:47:46','orders',1,'2026-04-02 16:42:44',NULL,'hospital');
INSERT INTO hospital_sessions VALUES(37,1,2,'amina','2026-04-02 16:49:46','orders',1,'2026-04-02 16:48:21',NULL,'hospital');
INSERT INTO hospital_sessions VALUES(38,1,2,'amina','2026-04-02 17:42:51','orders',1,'2026-04-02 16:50:42',NULL,'hospital');
INSERT INTO hospital_sessions VALUES(39,1,2,'amina','2026-04-02 18:00:51','dashboard',1,'2026-04-02 17:43:06',NULL,'hospital');
INSERT INTO hospital_sessions VALUES(40,1,2,'amina','2026-04-02 19:04:23','dashboard',1,'2026-04-02 18:10:10',NULL,'hospital');
INSERT INTO hospital_sessions VALUES(41,3,4,'hosp03','2026-04-02 19:03:51','orders',1,'2026-04-02 18:59:49',NULL,'hospital');
INSERT INTO hospital_sessions VALUES(42,2,3,'muijae','2026-04-03 05:09:44','orders',1,'2026-04-03 04:00:40',NULL,'hospital');
INSERT INTO hospital_sessions VALUES(43,1,2,'amina','2026-04-03 04:02:17','dashboard',1,'2026-04-03 04:02:17',NULL,'hospital');
INSERT INTO hospital_sessions VALUES(44,1,2,'amina','2026-04-03 04:02:44','dashboard',1,'2026-04-03 04:02:44',NULL,'hospital');
INSERT INTO hospital_sessions VALUES(45,1,2,'amina','2026-04-03 04:04:00','dashboard',1,'2026-04-03 04:04:00',NULL,'hospital');
INSERT INTO hospital_sessions VALUES(46,1,2,'amina','2026-04-03 04:09:34','dashboard',1,'2026-04-03 04:09:34',NULL,'hospital');
INSERT INTO hospital_sessions VALUES(47,1,2,'amina','2026-04-03 04:09:44','dashboard',1,'2026-04-03 04:09:44',NULL,'hospital');
INSERT INTO hospital_sessions VALUES(48,1,2,'amina','2026-04-03 04:09:49','dashboard',1,'2026-04-03 04:09:49',NULL,'hospital');
INSERT INTO hospital_sessions VALUES(49,1,2,'amina','2026-04-03 04:10:04','dashboard',1,'2026-04-03 04:10:04',NULL,'hospital');
INSERT INTO hospital_sessions VALUES(50,1,2,'amina','2026-04-03 04:12:34','dashboard',1,'2026-04-03 04:12:34',NULL,'hospital');
INSERT INTO hospital_sessions VALUES(51,1,2,'amina','2026-04-03 04:12:41','dashboard',1,'2026-04-03 04:12:41',NULL,'hospital');
INSERT INTO hospital_sessions VALUES(52,1,2,'amina','2026-04-03 04:13:42','dashboard',1,'2026-04-03 04:13:42',NULL,'hospital');
INSERT INTO hospital_sessions VALUES(53,1,2,'amina','2026-04-03 04:20:55','dashboard',1,'2026-04-03 04:20:55',NULL,'hospital');
INSERT INTO hospital_sessions VALUES(54,1,2,'amina','2026-04-03 04:21:43','dashboard',1,'2026-04-03 04:21:43',NULL,'hospital');
INSERT INTO hospital_sessions VALUES(55,1,2,'amina','2026-04-03 04:22:32','dashboard',1,'2026-04-03 04:22:32',NULL,'hospital');
INSERT INTO hospital_sessions VALUES(56,1,2,'amina','2026-04-03 04:23:02','dashboard',1,'2026-04-03 04:23:02',NULL,'hospital');
INSERT INTO hospital_sessions VALUES(57,1,2,'amina','2026-04-03 04:24:05','dashboard',1,'2026-04-03 04:24:05',NULL,'hospital');
INSERT INTO hospital_sessions VALUES(58,1,2,'amina','2026-04-03 04:24:45','dashboard',1,'2026-04-03 04:24:45',NULL,'hospital');
INSERT INTO hospital_sessions VALUES(59,1,2,'amina','2026-04-03 04:24:56','dashboard',1,'2026-04-03 04:24:56',NULL,'hospital');
INSERT INTO hospital_sessions VALUES(60,1,2,'amina','2026-04-03 04:27:42','dashboard',1,'2026-04-03 04:27:42',NULL,'hospital');
INSERT INTO hospital_sessions VALUES(61,1,2,'amina','2026-04-03 04:31:05','dashboard',1,'2026-04-03 04:31:05',NULL,'hospital');
INSERT INTO hospital_sessions VALUES(62,1,2,'amina','2026-04-03 04:31:18','dashboard',1,'2026-04-03 04:31:18',NULL,'hospital');
INSERT INTO hospital_sessions VALUES(63,1,2,'amina','2026-04-03 04:31:25','dashboard',1,'2026-04-03 04:31:25',NULL,'hospital');
INSERT INTO hospital_sessions VALUES(64,1,2,'amina','2026-04-03 04:31:56','dashboard',1,'2026-04-03 04:31:56',NULL,'hospital');
INSERT INTO hospital_sessions VALUES(65,1,2,'amina','2026-04-03 04:33:48','dashboard',1,'2026-04-03 04:33:48',NULL,'hospital');
INSERT INTO hospital_sessions VALUES(66,1,2,'amina','2026-04-03 04:34:29','dashboard',1,'2026-04-03 04:34:29',NULL,'hospital');
INSERT INTO hospital_sessions VALUES(67,1,2,'amina','2026-04-03 05:07:43','dashboard',1,'2026-04-03 05:07:43',NULL,'hospital');
INSERT INTO hospital_sessions VALUES(68,1,2,'amina','2026-04-03 05:18:53','dashboard',1,'2026-04-03 05:11:50',NULL,'hospital');
INSERT INTO hospital_sessions VALUES(69,1,2,'amina','2026-04-03 05:24:23','orders',1,'2026-04-03 05:19:45',NULL,'hospital');
INSERT INTO hospital_sessions VALUES(70,1,2,'amina','2026-04-03 05:36:58','orders',1,'2026-04-03 05:24:33',NULL,'hospital');
INSERT INTO hospital_sessions VALUES(71,3,4,'hosp03','2026-04-03 05:35:25','dashboard',1,'2026-04-03 05:35:25',NULL,'hospital');
INSERT INTO hospital_sessions VALUES(72,1,2,'amina','2026-04-03 05:37:39','orders',1,'2026-04-03 05:37:39',NULL,'hospital');
INSERT INTO hospital_sessions VALUES(73,1,2,'amina','2026-04-03 05:37:51','dashboard',1,'2026-04-03 05:37:51',NULL,'hospital');
INSERT INTO hospital_sessions VALUES(74,1,2,'amina','2026-04-03 05:37:59','orders',1,'2026-04-03 05:37:56',NULL,'hospital');
INSERT INTO hospital_sessions VALUES(75,1,2,'amina','2026-04-03 05:44:05','orders',1,'2026-04-03 05:38:01',NULL,'hospital');
INSERT INTO hospital_sessions VALUES(76,3,4,'hosp03','2026-04-03 05:39:54','dashboard',1,'2026-04-03 05:39:54',NULL,'hospital');
INSERT INTO hospital_sessions VALUES(77,3,4,'hosp03','2026-04-03 05:40:08','dashboard',1,'2026-04-03 05:40:08',NULL,'hospital');
INSERT INTO hospital_sessions VALUES(78,3,4,'hosp03','2026-04-03 05:42:22','dashboard',1,'2026-04-03 05:42:22',NULL,'hospital');
INSERT INTO hospital_sessions VALUES(79,3,4,'hosp03','2026-04-03 05:42:40','dashboard',1,'2026-04-03 05:42:40',NULL,'hospital');
INSERT INTO hospital_sessions VALUES(80,3,4,'hosp03','2026-04-03 05:42:41','dashboard',1,'2026-04-03 05:42:41',NULL,'hospital');
INSERT INTO hospital_sessions VALUES(81,1,2,'amina','2026-04-03 05:47:34','orders',1,'2026-04-03 05:44:20',NULL,'hospital');
INSERT INTO hospital_sessions VALUES(82,3,4,'hosp03','2026-04-03 05:46:59','orders',1,'2026-04-03 05:44:56',NULL,'hospital');
INSERT INTO hospital_sessions VALUES(83,3,4,'hosp03','2026-04-03 05:48:10','dashboard',1,'2026-04-03 05:48:04',NULL,'hospital');
INSERT INTO hospital_sessions VALUES(84,1,2,'amina','2026-04-03 05:51:36','orders',1,'2026-04-03 05:48:20',NULL,'hospital');
INSERT INTO hospital_sessions VALUES(85,3,4,'hosp03','2026-04-03 06:17:40','dashboard',1,'2026-04-03 05:48:58',NULL,'hospital');
INSERT INTO hospital_sessions VALUES(86,1,2,'amina','2026-04-03 05:54:23','dashboard',1,'2026-04-03 05:51:43',NULL,'hospital');
INSERT INTO hospital_sessions VALUES(87,1,2,'amina','2026-04-03 05:54:34','orders',1,'2026-04-03 05:54:30',NULL,'hospital');
INSERT INTO hospital_sessions VALUES(88,1,2,'amina','2026-04-03 06:05:34','dashboard',1,'2026-04-03 05:54:43',NULL,'hospital');
INSERT INTO hospital_sessions VALUES(89,1,2,'amina','2026-04-03 06:16:34','dashboard',1,'2026-04-03 06:06:00',NULL,'hospital');
INSERT INTO hospital_sessions VALUES(90,1,2,'amina','2026-04-03 06:17:07','dashboard',1,'2026-04-03 06:16:50',NULL,'hospital');
INSERT INTO hospital_sessions VALUES(91,1,2,'amina','2026-04-03 06:17:07','dashboard',1,'2026-04-03 06:17:07',NULL,'hospital');
INSERT INTO hospital_sessions VALUES(92,1,2,'amina','2026-04-03 06:18:08','dashboard',1,'2026-04-03 06:17:20',NULL,'hospital');
INSERT INTO hospital_sessions VALUES(93,3,4,'hosp03','2026-04-03 06:23:59','orders',1,'2026-04-03 06:17:52',NULL,'hospital');
INSERT INTO hospital_sessions VALUES(94,1,2,'amina','2026-04-03 06:19:09','dashboard',1,'2026-04-03 06:18:22',NULL,'hospital');
INSERT INTO hospital_sessions VALUES(95,1,2,'amina','2026-04-03 06:20:10','dashboard',1,'2026-04-03 06:19:27',NULL,'hospital');
INSERT INTO hospital_sessions VALUES(96,1,2,'amina','2026-04-03 06:20:34','dashboard',1,'2026-04-03 06:20:24',NULL,'hospital');
INSERT INTO hospital_sessions VALUES(97,1,2,'amina','2026-04-03 06:22:34','dashboard',1,'2026-04-03 06:20:49',NULL,'hospital');
INSERT INTO hospital_sessions VALUES(98,1,2,'amina','2026-04-03 06:23:13','dashboard',1,'2026-04-03 06:23:11',NULL,'hospital');
INSERT INTO hospital_sessions VALUES(99,1,2,'amina','2026-04-03 06:23:34','dashboard',1,'2026-04-03 06:23:19',NULL,'hospital');
INSERT INTO hospital_sessions VALUES(100,1,2,'amina','2026-04-03 06:25:34','schedule',1,'2026-04-03 06:23:59',NULL,'hospital');
INSERT INTO hospital_sessions VALUES(101,3,4,'hosp03','2026-04-03 06:24:09','dashboard',1,'2026-04-03 06:24:09',NULL,'hospital');
INSERT INTO hospital_sessions VALUES(102,3,4,'hosp03','2026-04-03 06:53:53','orders',1,'2026-04-03 06:24:18',NULL,'hospital');
INSERT INTO hospital_sessions VALUES(103,1,2,'amina','2026-04-03 06:26:05','dashboard',1,'2026-04-03 06:26:05',NULL,'hospital');
INSERT INTO hospital_sessions VALUES(104,1,2,'amina','2026-04-03 06:26:34','schedule',1,'2026-04-03 06:26:13',NULL,'hospital');
INSERT INTO hospital_sessions VALUES(105,1,2,'amina','2026-04-03 06:54:34','dashboard',1,'2026-04-03 06:26:35',NULL,'hospital');
INSERT INTO hospital_sessions VALUES(106,2,3,'muijae','2026-04-03 06:57:00','orders',1,'2026-04-03 06:36:54',NULL,'hospital');
INSERT INTO hospital_sessions VALUES(107,3,4,'hosp03','2026-04-03 07:15:40','meals',1,'2026-04-03 06:53:54',NULL,'hospital');
INSERT INTO hospital_sessions VALUES(108,1,2,'amina','2026-04-03 07:01:34','schedule',1,'2026-04-03 06:54:52',NULL,'hospital');
INSERT INTO hospital_sessions VALUES(109,2,3,'muijae','2026-04-03 06:57:07','dashboard',1,'2026-04-03 06:57:07',NULL,'hospital');
INSERT INTO hospital_sessions VALUES(110,2,3,'muijae','2026-04-03 06:57:16','dashboard',1,'2026-04-03 06:57:16',NULL,'hospital');
INSERT INTO hospital_sessions VALUES(111,2,3,'muijae','2026-04-03 06:57:31','dashboard',1,'2026-04-03 06:57:31',NULL,'hospital');
INSERT INTO hospital_sessions VALUES(112,2,3,'muijae','2026-04-03 07:03:00','orders',1,'2026-04-03 06:57:45',NULL,'hospital');
INSERT INTO hospital_sessions VALUES(113,1,2,'amina','2026-04-03 08:30:35','schedule',1,'2026-04-03 07:02:03',NULL,'hospital');
INSERT INTO hospital_sessions VALUES(114,2,3,'muijae','2026-04-03 07:05:02','orders',1,'2026-04-03 07:03:49',NULL,'hospital');
INSERT INTO hospital_sessions VALUES(115,2,3,'muijae','2026-04-03 07:06:03','orders',1,'2026-04-03 07:05:03',NULL,'hospital');
INSERT INTO hospital_sessions VALUES(116,2,3,'muijae','2026-04-03 07:07:04','orders',1,'2026-04-03 07:06:58',NULL,'hospital');
INSERT INTO hospital_sessions VALUES(117,2,3,'muijae','2026-04-03 07:08:05','orders',1,'2026-04-03 07:07:10',NULL,'hospital');
INSERT INTO hospital_sessions VALUES(118,2,3,'muijae','2026-04-03 09:26:40','orders',1,'2026-04-03 07:08:45',NULL,'hospital');
INSERT INTO hospital_sessions VALUES(119,3,4,'hosp03','2026-04-03 07:18:09','dashboard',1,'2026-04-03 07:15:47',NULL,'hospital');
INSERT INTO hospital_sessions VALUES(120,3,4,'hosp03','2026-04-03 07:15:53','dashboard',1,'2026-04-03 07:15:53',NULL,'hospital');
INSERT INTO hospital_sessions VALUES(121,3,4,'hosp03','2026-04-03 07:18:57','orders',1,'2026-04-03 07:18:13',NULL,'hospital');
INSERT INTO hospital_sessions VALUES(122,3,4,'hosp03','2026-04-03 07:24:57','orders',1,'2026-04-03 07:19:17',NULL,'hospital');
INSERT INTO hospital_sessions VALUES(123,3,4,'hosp03','2026-04-03 07:36:26','dashboard',1,'2026-04-03 07:25:14',NULL,'hospital');
INSERT INTO hospital_sessions VALUES(124,3,4,'hosp03','2026-04-03 07:37:28','dashboard',1,'2026-04-03 07:36:28',NULL,'hospital');
INSERT INTO hospital_sessions VALUES(125,3,4,'hosp03','2026-04-03 07:37:30','dashboard',1,'2026-04-03 07:37:30',NULL,'hospital');
INSERT INTO hospital_sessions VALUES(126,3,4,'hosp03','2026-04-03 07:37:39','meals',1,'2026-04-03 07:37:39',NULL,'hospital');
INSERT INTO hospital_sessions VALUES(127,3,4,'hosp03','2026-04-03 07:50:40','meals',1,'2026-04-03 07:37:53',NULL,'hospital');
INSERT INTO hospital_sessions VALUES(128,3,4,'hosp03','2026-04-03 07:50:43','dashboard',1,'2026-04-03 07:50:43',NULL,'hospital');
INSERT INTO hospital_sessions VALUES(129,3,4,'hosp03','2026-04-03 07:50:59','dashboard',1,'2026-04-03 07:50:59',NULL,'hospital');
INSERT INTO hospital_sessions VALUES(130,3,4,'hosp03','2026-04-03 07:51:40','meals',1,'2026-04-03 07:51:10',NULL,'hospital');
INSERT INTO hospital_sessions VALUES(131,3,4,'hosp03','2026-04-03 07:53:40','dashboard',1,'2026-04-03 07:51:53',NULL,'hospital');
INSERT INTO hospital_sessions VALUES(132,3,4,'hosp03','2026-04-03 08:00:40','dashboard',1,'2026-04-03 07:54:09',NULL,'hospital');
INSERT INTO hospital_sessions VALUES(133,3,4,'hosp03','2026-04-03 08:00:50','dashboard',1,'2026-04-03 08:00:50',NULL,'hospital');
INSERT INTO hospital_sessions VALUES(134,3,4,'hosp03','2026-04-03 08:01:00','dashboard',1,'2026-04-03 08:01:00',NULL,'hospital');
INSERT INTO hospital_sessions VALUES(135,3,4,'hosp03','2026-04-03 08:01:12','orders',1,'2026-04-03 08:01:09',NULL,'hospital');
INSERT INTO hospital_sessions VALUES(136,3,4,'hosp03','2026-04-03 08:02:40','dashboard',1,'2026-04-03 08:01:27',NULL,'hospital');
INSERT INTO hospital_sessions VALUES(137,3,4,'hosp03','2026-04-03 08:03:14','orders',1,'2026-04-03 08:03:11',NULL,'hospital');
INSERT INTO hospital_sessions VALUES(138,3,4,'hosp03','2026-04-03 08:37:40','dashboard',1,'2026-04-03 08:03:36',NULL,'hospital');
INSERT INTO hospital_sessions VALUES(139,1,2,'amina','2026-04-03 08:43:50','schedule',1,'2026-04-03 08:30:48',NULL,'hospital');
INSERT INTO hospital_sessions VALUES(140,3,4,'hosp03','2026-04-03 08:37:59','dashboard',1,'2026-04-03 08:37:58',NULL,'hospital');
INSERT INTO hospital_sessions VALUES(141,3,4,'hosp03','2026-04-03 09:26:40','orders',1,'2026-04-03 08:38:15',NULL,'hospital');
INSERT INTO hospital_sessions VALUES(142,1,2,'amina','2026-04-03 09:02:03','schedule',1,'2026-04-03 08:44:01',NULL,'hospital');
INSERT INTO hospital_sessions VALUES(143,1,2,'amina','2026-04-03 09:11:02','schedule',1,'2026-04-03 09:03:00',NULL,'hospital');
INSERT INTO hospital_sessions VALUES(144,1,2,'amina','2026-04-03 09:14:36','schedule',1,'2026-04-03 09:11:34',NULL,'hospital');
INSERT INTO hospital_sessions VALUES(145,1,2,'amina','2026-04-03 09:25:29','schedule',1,'2026-04-03 09:15:27',NULL,'hospital');
INSERT INTO hospital_sessions VALUES(146,1,2,'amina','2026-04-03 09:26:30','dashboard',1,'2026-04-03 09:26:27',NULL,'hospital');
INSERT INTO hospital_sessions VALUES(147,1,2,'amina','2026-04-04 01:53:45','dashboard',1,'2026-04-04 01:52:58',NULL,'hospital');
INSERT INTO hospital_sessions VALUES(148,3,4,'hosp03','2026-04-04 01:53:47','dashboard',1,'2026-04-04 01:53:47',NULL,'hospital');
INSERT INTO hospital_sessions VALUES(149,1,2,'amina','2026-04-04 07:34:53','schedule',1,'2026-04-04 01:54:13',NULL,'hospital');
INSERT INTO hospital_sessions VALUES(150,1,2,'amina','2026-04-04 07:40:59','schedule',1,'2026-04-04 07:34:58',NULL,'hospital');
INSERT INTO hospital_sessions VALUES(151,1,2,'amina','2026-04-04 07:43:01','schedule',1,'2026-04-04 07:41:21',NULL,'hospital');
INSERT INTO hospital_sessions VALUES(152,1,2,'amina','2026-04-04 07:52:10','schedule',1,'2026-04-04 07:43:02',NULL,'hospital');
INSERT INTO hospital_sessions VALUES(153,1,2,'amina','2026-04-04 08:04:48','schedule',1,'2026-04-04 07:53:06',NULL,'hospital');
INSERT INTO hospital_sessions VALUES(154,1,2,'amina','2026-04-04 08:05:48','schedule',1,'2026-04-04 08:05:31',NULL,'hospital');
INSERT INTO hospital_sessions VALUES(155,1,2,'amina','2026-04-04 08:56:07','dashboard',1,'2026-04-04 08:06:06',NULL,'hospital');
INSERT INTO hospital_sessions VALUES(156,1,2,'amina','2026-04-04 12:11:40','schedule',1,'2026-04-04 08:56:29',NULL,'hospital');
INSERT INTO hospital_sessions VALUES(157,1,2,'amina','2026-04-04 13:14:39','dashboard',1,'2026-04-04 12:24:31',NULL,'hospital');
INSERT INTO hospital_sessions VALUES(158,1,2,'amina','2026-04-04 19:00:13','dashboard',1,'2026-04-04 15:55:41',NULL,'hospital');
INSERT INTO hospital_sessions VALUES(159,1,2,'amina','2026-04-05 06:31:28','dashboard',1,'2026-04-05 04:23:11',NULL,'hospital');
INSERT INTO hospital_sessions VALUES(160,1,2,'amina','2026-04-05 08:50:27','dashboard',1,'2026-04-05 08:17:20',NULL,'hospital');
INSERT INTO hospital_sessions VALUES(161,1,2,'amina','2026-04-05 09:40:27','dashboard',1,'2026-04-05 09:08:17',NULL,'hospital');
INSERT INTO hospital_sessions VALUES(162,1,2,'amina','2026-04-05 16:28:27','dashboard',1,'2026-04-05 14:57:09',NULL,'hospital');
INSERT INTO hospital_sessions VALUES(163,3,4,'hosp03','2026-04-05 16:29:43','dashboard',1,'2026-04-05 15:55:40','meals - 식수 입력','hospital');
INSERT INTO hospital_sessions VALUES(164,1,2,'amina','2026-04-06 04:46:20','dashboard',1,'2026-04-06 04:46:19',NULL,'hospital');
INSERT INTO hospital_sessions VALUES(165,3,4,'hosp03','2026-04-06 04:46:53','dashboard',1,'2026-04-06 04:46:53',NULL,'hospital');
INSERT INTO hospital_sessions VALUES(166,1,2,'amina','2026-04-06 05:52:37','schedule',1,'2026-04-06 04:47:11',NULL,'hospital');
INSERT INTO hospital_sessions VALUES(167,1,2,'amina','2026-04-06 06:11:37','schedule',1,'2026-04-06 05:52:50',NULL,'hospital');
INSERT INTO hospital_sessions VALUES(168,2,3,'muijae','2026-04-06 06:08:34','expense-doc',1,'2026-04-06 06:04:33',NULL,'hospital');
INSERT INTO hospital_sessions VALUES(169,1,2,'amina','2026-04-06 06:26:42','schedule',1,'2026-04-06 06:12:02',NULL,'hospital');
INSERT INTO hospital_sessions VALUES(170,1,2,'amina','2026-04-06 07:18:37','schedule',1,'2026-04-06 07:18:37',NULL,'hospital');
INSERT INTO hospital_sessions VALUES(171,1,2,'amina','2026-04-06 08:28:37','schedule',1,'2026-04-06 07:18:48',NULL,'hospital');
INSERT INTO hospital_sessions VALUES(172,3,4,'hosp03','2026-04-06 08:28:46','dashboard',1,'2026-04-06 08:27:45',NULL,'hospital');
INSERT INTO hospital_sessions VALUES(173,1,2,'amina','2026-04-06 09:43:37','schedule',1,'2026-04-06 08:29:08',NULL,'hospital');
INSERT INTO hospital_sessions VALUES(174,1,2,'amina','2026-04-06 11:18:05','dashboard',1,'2026-04-06 11:18:04',NULL,'hospital');
INSERT INTO hospital_sessions VALUES(175,1,2,'amina','2026-04-06 13:29:08','schedule',1,'2026-04-06 12:35:54',NULL,'hospital');
INSERT INTO hospital_sessions VALUES(176,1,2,'amina','2026-04-06 15:14:23','dashboard',1,'2026-04-06 13:34:42',NULL,'hospital');
INSERT INTO hospital_sessions VALUES(177,3,4,'hosp03','2026-04-06 14:53:45','dashboard',1,'2026-04-06 14:52:37',NULL,'hospital');
INSERT INTO hospital_sessions VALUES(178,1,10,'exec_test','2026-04-06 14:53:57','dashboard',1,'2026-04-06 14:53:57',NULL,'executive');
INSERT INTO hospital_sessions VALUES(179,1,2,'amina','2026-04-06 15:52:57','schedule',1,'2026-04-06 15:25:48',NULL,'hospital');
INSERT INTO hospital_sessions VALUES(180,1,2,'amina','2026-04-06 16:09:55','schedule',1,'2026-04-06 15:53:11',NULL,'hospital');
INSERT INTO hospital_sessions VALUES(181,1,10,'exec_test','2026-04-06 16:07:12','dashboard',1,'2026-04-06 16:07:12',NULL,'executive');
INSERT INTO hospital_sessions VALUES(182,1,2,'amina','2026-04-06 16:54:29','schedule',1,'2026-04-06 16:10:22',NULL,'hospital');
INSERT INTO hospital_sessions VALUES(183,1,10,'exec_test','2026-04-06 16:18:34','dashboard',1,'2026-04-06 16:18:34',NULL,'executive');
INSERT INTO hospital_sessions VALUES(184,1,10,'exec_test','2026-04-06 16:52:05','dashboard',1,'2026-04-06 16:52:05',NULL,'executive');
INSERT INTO hospital_sessions VALUES(185,1,10,'exec_test','2026-04-06 16:53:03','dashboard',1,'2026-04-06 16:53:03',NULL,'executive');
INSERT INTO hospital_sessions VALUES(186,1,2,'amina','2026-04-06 17:22:13','schedule',1,'2026-04-06 16:54:59',NULL,'hospital');
INSERT INTO hospital_sessions VALUES(187,1,2,'amina','2026-04-06 19:27:43','schedule',1,'2026-04-06 17:22:46',NULL,'hospital');
INSERT INTO hospital_sessions VALUES(188,1,2,'amina','2026-04-06 19:42:09','dashboard',1,'2026-04-06 19:42:07',NULL,'hospital');
INSERT INTO hospital_sessions VALUES(189,1,2,'amina','2026-04-07 03:02:32','dashboard',1,'2026-04-07 02:01:30',NULL,'hospital');
INSERT INTO hospital_sessions VALUES(190,3,4,'hosp03','2026-04-07 03:06:29','dashboard',1,'2026-04-07 03:03:26',NULL,'hospital');
INSERT INTO hospital_sessions VALUES(191,1,2,'amina','2026-04-07 04:49:05','schedule',1,'2026-04-07 04:32:02',NULL,'hospital');
INSERT INTO hospital_sessions VALUES(192,1,10,'exec_test','2026-04-07 04:40:50','dashboard',1,'2026-04-07 04:40:50',NULL,'executive');
INSERT INTO hospital_sessions VALUES(193,1,2,'amina','2026-04-07 05:16:30','schedule',1,'2026-04-07 04:55:58',NULL,'hospital');
INSERT INTO hospital_sessions VALUES(194,1,2,'amina','2026-04-07 10:04:15','schedule',1,'2026-04-07 08:59:56',NULL,'hospital');
INSERT INTO hospital_sessions VALUES(195,3,4,'hosp03','2026-04-07 16:22:56','orders',1,'2026-04-07 14:03:32',NULL,'hospital');
INSERT INTO hospital_sessions VALUES(196,3,4,'hosp03','2026-04-07 16:54:44','orders',1,'2026-04-07 16:47:55',NULL,'hospital');
INSERT INTO hospital_sessions VALUES(197,1,2,'amina','2026-04-07 16:50:50','dashboard',1,'2026-04-07 16:48:49',NULL,'hospital');
INSERT INTO hospital_sessions VALUES(198,3,4,'hosp03','2026-04-07 18:08:37','dashboard',1,'2026-04-07 16:55:41',NULL,'hospital');
INSERT INTO hospital_sessions VALUES(199,1,2,'amina','2026-04-07 18:08:12','dashboard',1,'2026-04-07 18:08:10',NULL,'hospital');
INSERT INTO hospital_sessions VALUES(200,1,2,'amina','2026-04-08 01:15:20','dashboard',1,'2026-04-08 01:14:02',NULL,'hospital');
INSERT INTO hospital_sessions VALUES(201,3,4,'hosp03','2026-04-08 01:14:54','dashboard',1,'2026-04-08 01:14:51',NULL,'hospital');
INSERT INTO hospital_sessions VALUES(202,3,4,'hosp03','2026-04-08 02:06:06','dashboard',1,'2026-04-08 01:15:28','meals - 식수 입력','hospital');
INSERT INTO hospital_sessions VALUES(203,3,4,'hosp03','2026-04-08 02:38:52','orders',1,'2026-04-08 02:06:09','meals - 식수 입력','hospital');
INSERT INTO hospital_sessions VALUES(204,3,4,'hosp03','2026-04-08 03:48:52','orders',1,'2026-04-08 02:39:21',NULL,'hospital');
INSERT INTO hospital_sessions VALUES(205,3,4,'hosp03','2026-04-08 04:33:38','orders',1,'2026-04-08 03:48:57',NULL,'hospital');
INSERT INTO hospital_sessions VALUES(206,3,4,'hosp03','2026-04-08 05:13:01','meals',1,'2026-04-08 04:34:00','meals - 식수 입력','hospital');
INSERT INTO hospital_sessions VALUES(207,3,4,'hosp03','2026-04-08 05:52:03','meals',1,'2026-04-08 05:13:12','meals - 식수 입력','hospital');
INSERT INTO hospital_sessions VALUES(208,3,4,'hosp03','2026-04-08 08:26:30','orders',1,'2026-04-08 05:52:16',NULL,'hospital');
INSERT INTO hospital_sessions VALUES(209,3,4,'hosp03','2026-04-09 08:40:23','dashboard',1,'2026-04-09 08:26:19','meals - 식수 입력','hospital');
INSERT INTO hospital_sessions VALUES(210,3,4,'hosp03','2026-04-09 09:05:53','orders',1,'2026-04-09 08:41:17',NULL,'hospital');
INSERT INTO hospital_sessions VALUES(211,3,4,'hosp03','2026-04-09 09:07:11','orders',1,'2026-04-09 09:06:10',NULL,'hospital');
INSERT INTO hospital_sessions VALUES(212,3,4,'hosp03','2026-04-09 15:13:54','meals',1,'2026-04-09 15:12:53',NULL,'hospital');
INSERT INTO hospital_sessions VALUES(213,1,2,'amina','2026-04-09 15:14:17','dashboard',1,'2026-04-09 15:14:17',NULL,'hospital');
INSERT INTO hospital_sessions VALUES(214,3,4,'hosp03','2026-04-09 16:12:50','meals',1,'2026-04-09 15:14:32',NULL,'hospital');
CREATE TABLE food_waste_records (
  id INTEGER PRIMARY KEY AUTOINCREMENT,
  hospital_id INTEGER NOT NULL,
  year INTEGER NOT NULL,
  month INTEGER NOT NULL,
  week INTEGER NOT NULL DEFAULT 1,      
  waste_amount REAL DEFAULT 0,          
  waste_cost INTEGER DEFAULT 0,         
  memo TEXT,
  created_at DATETIME DEFAULT CURRENT_TIMESTAMP,
  updated_at DATETIME DEFAULT CURRENT_TIMESTAMP,
  UNIQUE(hospital_id, year, month, week),
  FOREIGN KEY (hospital_id) REFERENCES hospitals(id)
);
CREATE TABLE daily_issues (
  id INTEGER PRIMARY KEY AUTOINCREMENT,
  hospital_id INTEGER NOT NULL,
  issue_date TEXT NOT NULL,         
  issue_type TEXT NOT NULL,         
  issue_level TEXT NOT NULL DEFAULT 'warning',  
  message TEXT NOT NULL,
  extra_data TEXT,                  
  created_at DATETIME DEFAULT CURRENT_TIMESTAMP,
  FOREIGN KEY (hospital_id) REFERENCES hospitals(id)
);
CREATE TABLE close_month_requests (
  id INTEGER PRIMARY KEY AUTOINCREMENT,
  hospital_id INTEGER NOT NULL,
  year INTEGER NOT NULL,
  month INTEGER NOT NULL,
  status TEXT NOT NULL DEFAULT 'pending',  
  requested_at DATETIME DEFAULT CURRENT_TIMESTAMP,
  processed_at DATETIME,
  note TEXT,
  FOREIGN KEY (hospital_id) REFERENCES hospitals(id)
);
CREATE TABLE meal_custom_fields (
  id INTEGER PRIMARY KEY AUTOINCREMENT,
  hospital_id INTEGER NOT NULL,
  field_key TEXT NOT NULL,        
  field_name TEXT NOT NULL,       
  sort_order INTEGER DEFAULT 0,   
  is_active INTEGER DEFAULT 1,    
  created_at DATETIME DEFAULT CURRENT_TIMESTAMP, unit_type TEXT DEFAULT 'meal',
  UNIQUE(hospital_id, field_key),
  FOREIGN KEY (hospital_id) REFERENCES hospitals(id)
);
INSERT INTO meal_custom_fields VALUES(1,3,'cat_cancer','항암',0,1,'2026-03-16 15:37:26','meal');
INSERT INTO meal_custom_fields VALUES(2,3,'cat_nursing','요양',1,1,'2026-03-16 15:37:26','meal');
INSERT INTO meal_custom_fields VALUES(3,1,'cat_cancer','항암',0,1,'2026-03-16 15:46:36','meal');
INSERT INTO meal_custom_fields VALUES(9,4,'cat_cancer','항암',0,1,'2026-03-19 05:28:12','meal');
INSERT INTO meal_custom_fields VALUES(10,2,'cat_cancer','항암',0,1,'2026-03-19 13:36:04','meal');
INSERT INTO meal_custom_fields VALUES(15,3,'cat_other','항암 보호자',2,1,'2026-03-20 07:04:35','meal');
INSERT INTO meal_custom_fields VALUES(19,3,'cat_general','경관식',3,1,'2026-03-20 07:08:00','meal');
INSERT INTO meal_custom_fields VALUES(43,1,'diet_preset_therapy_gastrectomy_1','위절제식',0,1,'2026-03-21 14:49:47','meal');
INSERT INTO meal_custom_fields VALUES(44,1,'diet_preset_therapy_lowresidue_1','저잔사식',1,1,'2026-03-21 14:49:50','meal');
INSERT INTO meal_custom_fields VALUES(45,1,'diet_preset_therapy_lowiodine_1','저요오드식',2,1,'2026-03-21 14:49:51','meal');
INSERT INTO meal_custom_fields VALUES(46,1,'diet_preset_staff_regular_1','직원 일반식',0,1,'2026-03-21 14:50:53','meal');
INSERT INTO meal_custom_fields VALUES(47,1,'diet_preset_nc_guardian_1','보호자식',0,1,'2026-03-21 14:50:57','meal');
INSERT INTO meal_custom_fields VALUES(48,1,'diet_preset_nc_outpatient_1','외래환자식',1,1,'2026-03-21 14:50:59','meal');
INSERT INTO meal_custom_fields VALUES(49,1,'diet_preset_patient_rehab_1','재활 일반식',1,0,'2026-03-21 15:37:43','meal');
INSERT INTO meal_custom_fields VALUES(50,3,'diet_preset_nc_guardian_3','보호자식',1,0,'2026-03-21 16:37:52','meal');
INSERT INTO meal_custom_fields VALUES(51,5,'diet_preset_patient_cancer_5','항암 일반식',0,1,'2026-03-22 14:33:06','meal');
INSERT INTO meal_custom_fields VALUES(52,5,'diet_preset_patient_rehab_5','재활 일반식',1,1,'2026-03-22 14:33:10','meal');
INSERT INTO meal_custom_fields VALUES(53,5,'diet_preset_therapy_gastrectomy_5','위절제식',0,1,'2026-03-22 14:33:12','meal');
INSERT INTO meal_custom_fields VALUES(54,5,'diet_preset_therapy_lowresidue_5','저잔사식',1,1,'2026-03-22 14:33:14','meal');
INSERT INTO meal_custom_fields VALUES(55,5,'diet_preset_therapy_lowiodine_5','저요오드식',2,1,'2026-03-22 14:33:15','meal');
INSERT INTO meal_custom_fields VALUES(56,5,'diet_preset_therapy_lowsalt_5','저염식',3,1,'2026-03-22 14:33:16','meal');
INSERT INTO meal_custom_fields VALUES(57,5,'diet_preset_nc_guardian_5','보호자식',0,1,'2026-03-22 14:33:31','meal');
INSERT INTO meal_custom_fields VALUES(58,5,'diet_preset_nc_rice_extra_5','공기밥추가',1,1,'2026-03-22 14:33:36','meal');
INSERT INTO meal_custom_fields VALUES(59,5,'diet_preset_staff_regular_5','직원 일반식',0,1,'2026-03-22 14:34:02','meal');
INSERT INTO meal_custom_fields VALUES(60,3,'diet_preset_nc_nursing_guardian_3','요양 보호자식',2,1,'2026-03-27 09:26:18','meal');
INSERT INTO meal_custom_fields VALUES(61,3,'diet_preset_nc_caregiver_3','간병사',3,1,'2026-03-27 09:26:32','meal');
INSERT INTO meal_custom_fields VALUES(62,2,'diet_preset_therapy_gastrectomy_2','위절제식',0,1,'2026-03-29 03:11:20','meal');
INSERT INTO meal_custom_fields VALUES(63,2,'diet_preset_therapy_lowresidue_2','저잔사식',1,1,'2026-03-29 03:11:20','meal');
INSERT INTO meal_custom_fields VALUES(64,2,'diet_preset_therapy_lowiodine_2','저요오드식',2,1,'2026-03-29 03:11:21','meal');
INSERT INTO meal_custom_fields VALUES(65,2,'diet_preset_therapy_other_2','기타 치료식',3,1,'2026-03-29 03:11:31','meal');
INSERT INTO meal_custom_fields VALUES(66,2,'diet_preset_nc_guardian_2','보호자식',0,1,'2026-03-29 03:11:47','meal');
INSERT INTO meal_custom_fields VALUES(67,2,'diet_preset_nc_rice_extra_2','공기밥추가',1,1,'2026-03-29 03:11:53','meal');
INSERT INTO meal_custom_fields VALUES(68,2,'diet_preset_staff_general_2','직원 일반식',2,1,'2026-03-29 03:12:07','meal');
INSERT INTO meal_custom_fields VALUES(69,3,'diet_preset_staff_general_3','직원 일반식',2,1,'2026-04-03 06:28:27','meal');
CREATE TABLE hospital_patient_categories (
  id INTEGER PRIMARY KEY AUTOINCREMENT,
  hospital_id INTEGER NOT NULL,
  category_key TEXT NOT NULL,        
  category_name TEXT NOT NULL,       
  order_code TEXT DEFAULT '',        
  sort_order INTEGER DEFAULT 0,
  is_active INTEGER DEFAULT 1,
  created_at DATETIME DEFAULT CURRENT_TIMESTAMP, budget_include_keys TEXT DEFAULT NULL, meals_include_keys TEXT DEFAULT NULL, extra_include_keys TEXT DEFAULT NULL, budget_include_supply INTEGER DEFAULT 0, budget_include_card INTEGER DEFAULT 0,
  UNIQUE(hospital_id, category_key),
  FOREIGN KEY (hospital_id) REFERENCES hospitals(id)
);
INSERT INTO hospital_patient_categories VALUES(1,3,'cancer','항암','C',0,1,'2026-03-16 15:37:26','["cancer"]','["cat_cancer","nc_key_legacy_other"]',NULL,0,0);
INSERT INTO hospital_patient_categories VALUES(2,3,'nursing','요양','N',1,1,'2026-03-16 15:37:26','["nursing"]','["st_key_preset_staff_general_3","cat_nursing","th_key_legacy_general","nc_key_preset_nc_nursing_guardian_3","nc_key_preset_nc_caregiver_3"]','["supply"]',0,0);
INSERT INTO hospital_patient_categories VALUES(3,1,'cancer','항암','',0,1,'2026-03-16 15:46:36','["cancer"]','["st_key_preset_staff_regular_1","cat_cancer","th_key_preset_therapy_gastrectomy_1","th_key_preset_therapy_lowresidue_1","th_key_preset_therapy_lowiodine_1","nc_key_preset_nc_guardian_1","nc_key_preset_nc_outpatient_1"]',NULL,1,1);
INSERT INTO hospital_patient_categories VALUES(9,4,'cancer','항암','',0,1,'2026-03-19 05:28:12','["cancer"]','["staff","guardian","cat_cancer"]',NULL,0,0);
INSERT INTO hospital_patient_categories VALUES(10,2,'cancer','항암','',0,1,'2026-03-19 13:36:04','["cancer"]','["st_key_preset_staff_general_2","cat_cancer","th_key_preset_therapy_gastrectomy_2","th_key_preset_therapy_lowresidue_2","th_key_preset_therapy_lowiodine_2","th_key_preset_therapy_other_2","nc_key_preset_nc_guardian_2"]',NULL,0,0);
INSERT INTO hospital_patient_categories VALUES(15,3,'other','항암 보호자','',2,1,'2026-03-20 07:04:35',NULL,NULL,NULL,0,0);
INSERT INTO hospital_patient_categories VALUES(19,3,'general','경관식','',3,1,'2026-03-20 07:08:00',NULL,NULL,NULL,0,0);
CREATE TABLE category_order_settings (
  id INTEGER PRIMARY KEY AUTOINCREMENT,
  hospital_id INTEGER NOT NULL,
  patient_category_id INTEGER NOT NULL,
  year INTEGER NOT NULL,
  month INTEGER NOT NULL,
  monthly_budget INTEGER DEFAULT 0,     
  target_meal_price INTEGER DEFAULT 0,  
  working_days INTEGER DEFAULT 0,       
  created_at DATETIME DEFAULT CURRENT_TIMESTAMP,
  updated_at DATETIME DEFAULT CURRENT_TIMESTAMP, daily_meal_count INTEGER DEFAULT 0, ref_meal_price INTEGER DEFAULT 0,
  UNIQUE(hospital_id, patient_category_id, year, month),
  FOREIGN KEY (hospital_id) REFERENCES hospitals(id),
  FOREIGN KEY (patient_category_id) REFERENCES hospital_patient_categories(id)
);
INSERT INTO category_order_settings VALUES(3,3,1,2026,3,41082600,6500,31,'2026-03-16 15:41:09','2026-04-02 19:03:20',0,6500);
INSERT INTO category_order_settings VALUES(4,3,2,2026,3,27617400,1800,31,'2026-03-16 15:41:09','2026-04-02 19:03:20',0,1800);
INSERT INTO category_order_settings VALUES(5,1,3,2026,3,48500000,8000,31,'2026-03-16 15:46:39','2026-04-02 18:58:38',0,8000);
INSERT INTO category_order_settings VALUES(11,4,9,2026,3,10000000,6000,31,'2026-03-19 05:28:15','2026-03-19 05:29:38',0,0);
INSERT INTO category_order_settings VALUES(13,2,10,2026,3,90000000,11805,31,'2026-03-19 13:36:10','2026-03-29 03:12:36',0,7500);
INSERT INTO category_order_settings VALUES(17,3,15,2026,3,0,0,0,'2026-03-20 07:04:51','2026-03-20 07:11:10',0,0);
INSERT INTO category_order_settings VALUES(21,3,19,2026,3,0,0,0,'2026-03-20 07:08:08','2026-03-20 07:11:10',0,0);
INSERT INTO category_order_settings VALUES(42,1,3,2026,2,8000,0,0,'2026-03-21 14:52:18','2026-03-21 14:52:18',0,0);
INSERT INTO category_order_settings VALUES(47,3,1,2026,4,41082600,6500,30,'2026-04-03 05:32:47','2026-04-07 18:04:25',0,6500);
INSERT INTO category_order_settings VALUES(48,3,2,2026,4,27617400,1800,30,'2026-04-03 05:32:47','2026-04-07 18:04:25',0,1800);
INSERT INTO category_order_settings VALUES(55,1,3,2026,4,8000,0,30,'2026-04-07 18:03:38','2026-04-07 18:06:34',0,0);
CREATE TABLE card_expenses (
  id INTEGER PRIMARY KEY AUTOINCREMENT,
  hospital_id INTEGER NOT NULL,
  vendor_id INTEGER NOT NULL,           
  expense_date TEXT NOT NULL,           
  vendor_name TEXT NOT NULL,            
  item_name TEXT NOT NULL,              
  purpose TEXT NOT NULL,                
  amount INTEGER NOT NULL DEFAULT 0,    
  memo TEXT,                            
  receipt_url TEXT,                     
  created_at DATETIME DEFAULT CURRENT_TIMESTAMP,
  updated_at DATETIME DEFAULT CURRENT_TIMESTAMP, expense_type TEXT NOT NULL DEFAULT '법인카드',
  FOREIGN KEY (hospital_id) REFERENCES hospitals(id),
  FOREIGN KEY (vendor_id) REFERENCES vendors(id)
);
INSERT INTO card_expenses VALUES(2,1,32,'2026-03-19','법인카드(온라인)','쿠팡','쿠팡',695230,'쿠팡구매',NULL,'2026-03-19 05:54:49','2026-03-20 06:47:24','법인카드');
INSERT INTO card_expenses VALUES(3,1,32,'2026-03-03','법인카드(온라인)','쿠팡','쿠팡',238400,'쿠팡',NULL,'2026-03-19 09:37:26','2026-03-20 07:03:15','법인카드');
INSERT INTO card_expenses VALUES(4,1,32,'2026-02-02','법인카드(온라인)','쿠팡','쿠팡',119210,NULL,NULL,'2026-03-20 01:10:49','2026-03-20 01:10:49','법인카드');
INSERT INTO card_expenses VALUES(5,1,32,'2026-02-04','법인카드(온라인)','쿠팡','쿠팡',133330,'쿠팡',NULL,'2026-03-20 01:19:13','2026-03-20 01:19:13','법인카드');
INSERT INTO card_expenses VALUES(6,1,33,'2026-02-04','법인카드(소모품)','쿠팡','쿠팡',54510,NULL,NULL,'2026-03-20 01:19:43','2026-03-20 01:19:43','법인카드');
INSERT INTO card_expenses VALUES(7,1,32,'2026-02-06','법인카드(온라인)','쿠팡','쿠팡',411400,NULL,NULL,'2026-03-20 04:46:18','2026-03-20 04:46:18','법인카드');
INSERT INTO card_expenses VALUES(8,1,32,'2026-02-10','법인카드(온라인)','쿠팡','쿠팡',391910,NULL,NULL,'2026-03-20 04:53:25','2026-03-20 04:53:25','법인카드');
INSERT INTO card_expenses VALUES(9,1,32,'2026-02-11','법인카드(온라인)','쿠팡','쿠팡',240360,NULL,NULL,'2026-03-20 05:02:27','2026-03-20 05:02:27','법인카드');
INSERT INTO card_expenses VALUES(10,1,32,'2026-02-12','법인카드(온라인)','쿠팡','쿠팡',462880,NULL,NULL,'2026-03-20 05:04:47','2026-03-20 05:04:47','법인카드');
INSERT INTO card_expenses VALUES(11,1,33,'2026-02-12','법인카드(소모품)','쿠팡','쿠팡',31780,NULL,NULL,'2026-03-20 05:05:12','2026-03-20 05:05:12','법인카드');
INSERT INTO card_expenses VALUES(12,1,32,'2026-02-13','법인카드(온라인)','쿠팡','쿠팡',221600,NULL,NULL,'2026-03-20 05:11:00','2026-03-20 05:11:00','법인카드');
INSERT INTO card_expenses VALUES(13,1,32,'2026-02-19','법인카드(온라인)','쿠팡','쿠팡',100600,NULL,NULL,'2026-03-20 05:19:16','2026-03-20 05:19:16','법인카드');
INSERT INTO card_expenses VALUES(14,1,33,'2026-02-19','법인카드(소모품)','쿠팡','쿠팡',93000,NULL,NULL,'2026-03-20 05:19:32','2026-03-20 05:19:32','법인카드');
INSERT INTO card_expenses VALUES(15,1,32,'2026-02-20','법인카드(온라인)','쿠팡','쿠팡',99640,NULL,NULL,'2026-03-20 05:20:33','2026-03-20 05:20:33','법인카드');
INSERT INTO card_expenses VALUES(16,1,32,'2026-02-23','법인카드(온라인)','쿠팡','쿠팡',210600,NULL,NULL,'2026-03-20 05:22:49','2026-03-20 05:22:49','법인카드');
INSERT INTO card_expenses VALUES(17,1,32,'2026-02-24','법인카드(온라인)','쿠팡','쿠팡',183400,NULL,NULL,'2026-03-20 05:23:52','2026-03-20 05:23:52','법인카드');
INSERT INTO card_expenses VALUES(18,1,33,'2026-02-24','법인카드(소모품)','쿠팡','쿠팡',105490,NULL,NULL,'2026-03-20 05:24:10','2026-03-20 05:24:10','법인카드');
INSERT INTO card_expenses VALUES(19,1,32,'2026-02-25','법인카드(온라인)','쿠팡','쿠팡',803790,NULL,NULL,'2026-03-20 05:27:09','2026-03-20 05:27:09','법인카드');
INSERT INTO card_expenses VALUES(20,1,32,'2026-02-26','법인카드(온라인)','쿠팡','쿠팡',72730,NULL,NULL,'2026-03-20 05:30:02','2026-03-20 05:30:02','법인카드');
INSERT INTO card_expenses VALUES(21,1,32,'2026-02-27','법인카드(온라인)','쿠팡','쿠팡',120800,NULL,NULL,'2026-03-20 05:31:25','2026-03-20 05:31:25','법인카드');
INSERT INTO card_expenses VALUES(22,1,33,'2026-02-27','법인카드(소모품)','쿠팡','쿠팡',34610,NULL,NULL,'2026-03-20 05:31:40','2026-03-20 05:31:40','법인카드');
INSERT INTO card_expenses VALUES(23,1,32,'2026-02-28','법인카드(온라인)','마포연안','마포연안',146000,NULL,NULL,'2026-03-20 05:33:18','2026-03-20 05:33:18','법인카드');
INSERT INTO card_expenses VALUES(24,1,33,'2026-03-19','법인카드(소모품)','쿠팡','쿠팡',114300,NULL,NULL,'2026-03-20 06:47:40','2026-03-20 06:47:40','법인카드');
INSERT INTO card_expenses VALUES(25,1,32,'2026-03-17','법인카드(온라인)','쿠팡','쿠팡',712110,NULL,NULL,'2026-03-20 06:50:05','2026-03-20 06:50:05','법인카드');
INSERT INTO card_expenses VALUES(26,1,32,'2026-03-12','법인카드(온라인)','쿠팡','쿠팡',330600,NULL,NULL,'2026-03-20 06:53:56','2026-03-20 06:53:56','법인카드');
INSERT INTO card_expenses VALUES(27,1,32,'2026-03-11','법인카드(온라인)','쿠팡','쿠팡',104400,NULL,NULL,'2026-03-20 06:54:54','2026-03-20 06:54:54','법인카드');
INSERT INTO card_expenses VALUES(28,1,32,'2026-03-10','법인카드(온라인)','쿠팡','쿠팡',84510,NULL,NULL,'2026-03-20 06:56:06','2026-03-20 06:56:06','법인카드');
INSERT INTO card_expenses VALUES(29,1,33,'2026-03-10','법인카드(소모품)','쿠팡','쿠팡',160550,NULL,NULL,'2026-03-20 06:57:00','2026-03-20 06:57:00','법인카드');
INSERT INTO card_expenses VALUES(30,1,32,'2026-03-09','법인카드(온라인)','쿠팡','쿠팡',332340,NULL,NULL,'2026-03-20 06:57:51','2026-03-20 06:57:51','법인카드');
INSERT INTO card_expenses VALUES(31,1,32,'2026-03-06','법인카드(온라인)','쿠팡','쿠팡',315240,NULL,NULL,'2026-03-20 06:59:29','2026-03-20 06:59:29','법인카드');
INSERT INTO card_expenses VALUES(32,1,33,'2026-03-06','법인카드(소모품)','쿠팡','쿠팡',341990,NULL,NULL,'2026-03-20 06:59:44','2026-03-20 06:59:44','법인카드');
INSERT INTO card_expenses VALUES(33,1,32,'2026-03-05','법인카드(온라인)','쿠팡','쿠팡',321960,NULL,NULL,'2026-03-20 07:01:01','2026-03-20 07:01:01','법인카드');
INSERT INTO card_expenses VALUES(34,1,32,'2026-03-04','법인카드(온라인)','쿠팡','쿠팡',385510,NULL,NULL,'2026-03-20 07:02:20','2026-03-20 07:02:20','법인카드');
INSERT INTO card_expenses VALUES(35,1,33,'2026-03-04','법인카드(소모품)','쿠팡','쿠팡',54380,NULL,NULL,'2026-03-20 07:02:35','2026-03-20 07:02:35','법인카드');
INSERT INTO card_expenses VALUES(36,1,32,'2026-03-23','법인카드(온라인)','쿠팡','쿠팡',627830,NULL,NULL,'2026-03-30 05:28:23','2026-03-30 05:28:23','법인카드');
INSERT INTO card_expenses VALUES(37,1,33,'2026-03-23','법인카드(소모품)','쿠팡','쿠팡',67390,NULL,NULL,'2026-03-30 05:28:36','2026-03-30 05:29:11','법인카드');
INSERT INTO card_expenses VALUES(38,1,33,'2026-03-24','법인카드(소모품)','쿠팡','쿠팡',30770,NULL,NULL,'2026-03-30 05:30:12','2026-03-30 05:30:12','법인카드');
INSERT INTO card_expenses VALUES(39,1,32,'2026-03-25','법인카드(온라인)','쿠팡','쿠팡',164180,NULL,NULL,'2026-03-30 05:31:06','2026-03-30 05:31:06','법인카드');
INSERT INTO card_expenses VALUES(40,1,32,'2026-03-26','법인카드(온라인)','쿠팡','쿠팡',249800,NULL,NULL,'2026-03-30 05:38:42','2026-03-30 05:38:42','법인카드');
INSERT INTO card_expenses VALUES(41,1,33,'2026-03-26','법인카드(소모품)','쿠팡','쿠팡',13000,NULL,NULL,'2026-03-30 05:39:18','2026-03-30 05:39:18','법인카드');
INSERT INTO card_expenses VALUES(42,1,32,'2026-03-27','법인카드(온라인)','쿠팡','쿠팡',456390,NULL,NULL,'2026-03-30 05:40:04','2026-03-30 05:40:04','법인카드');
INSERT INTO card_expenses VALUES(43,1,33,'2026-03-27','법인카드(소모품)','쿠팡','쿠팡',38600,NULL,NULL,'2026-03-30 05:40:18','2026-03-30 05:40:18','법인카드');
INSERT INTO card_expenses VALUES(46,1,32,'2026-03-30','법인카드(온라인)','식재료','식재료',386210,'쿠팡,네이버',NULL,'2026-04-01 16:43:45','2026-04-01 16:43:45','법인카드');
INSERT INTO card_expenses VALUES(47,1,33,'2026-03-30','법인카드(소모품)','소모품','소모품',15440,'쿠팡',NULL,'2026-04-01 16:44:12','2026-04-01 16:44:12','법인카드');
CREATE TABLE order_inspections (
  id INTEGER PRIMARY KEY AUTOINCREMENT,
  order_id INTEGER NOT NULL,         
  hospital_id INTEGER NOT NULL,
  inspected_at TEXT NOT NULL,        
  inspected_by TEXT,                 
  original_amount INTEGER DEFAULT 0, 
  actual_amount INTEGER DEFAULT 0,   
  difference INTEGER DEFAULT 0,      
  memo TEXT,                         
  status TEXT DEFAULT 'completed',   
  created_at TEXT DEFAULT (datetime('now')),
  FOREIGN KEY (order_id) REFERENCES daily_orders(id) ON DELETE CASCADE,
  FOREIGN KEY (hospital_id) REFERENCES hospitals(id)
);
INSERT INTO order_inspections VALUES(1,616,2,'2026-04-06T06:07:47.980Z','muijae',1858972,1858972,0,NULL,'completed_ok','2026-04-06 06:07:47');
INSERT INTO order_inspections VALUES(2,618,2,'2026-04-06T06:07:49.202Z','muijae',2314503,2314503,0,NULL,'completed_ok','2026-04-06 06:07:49');
INSERT INTO order_inspections VALUES(3,620,2,'2026-04-06T06:07:50.935Z','muijae',607188,607188,0,NULL,'completed','2026-04-06 06:07:50');
INSERT INTO order_inspections VALUES(4,608,2,'2026-04-06T06:07:50.935Z','muijae',979969,979969,0,NULL,'completed','2026-04-06 06:07:50');
INSERT INTO order_inspections VALUES(5,610,2,'2026-04-06T06:07:50.935Z','muijae',1504709,1504709,0,NULL,'completed','2026-04-06 06:07:50');
INSERT INTO order_inspections VALUES(6,612,2,'2026-04-06T06:07:50.935Z','muijae',501150,501150,0,NULL,'completed','2026-04-06 06:07:50');
INSERT INTO order_inspections VALUES(7,613,2,'2026-04-06T06:07:50.935Z','muijae',404000,404000,0,NULL,'completed','2026-04-06 06:07:50');
INSERT INTO order_inspections VALUES(8,442,2,'2026-04-06T06:07:50.935Z','muijae',2018622,2018622,0,NULL,'completed','2026-04-06 06:07:51');
INSERT INTO order_inspections VALUES(9,465,2,'2026-04-06T06:07:50.935Z','muijae',3348447,3348447,0,NULL,'completed','2026-04-06 06:07:51');
INSERT INTO order_inspections VALUES(10,487,2,'2026-04-06T06:07:50.935Z','muijae',365755,365755,0,NULL,'completed','2026-04-06 06:07:51');
INSERT INTO order_inspections VALUES(11,500,2,'2026-04-06T06:07:50.935Z','muijae',130000,130000,0,NULL,'completed','2026-04-06 06:07:51');
INSERT INTO order_inspections VALUES(12,441,2,'2026-04-06T06:07:50.935Z','muijae',1332350,1332350,0,NULL,'completed','2026-04-06 06:07:51');
INSERT INTO order_inspections VALUES(13,464,2,'2026-04-06T06:07:50.935Z','muijae',1862082,1862082,0,NULL,'completed','2026-04-06 06:07:51');
INSERT INTO order_inspections VALUES(14,486,2,'2026-04-06T06:07:50.935Z','muijae',247500,247500,0,NULL,'completed','2026-04-06 06:07:51');
INSERT INTO order_inspections VALUES(15,440,2,'2026-04-06T06:07:50.935Z','muijae',1317234,1317234,0,NULL,'completed','2026-04-06 06:07:51');
INSERT INTO order_inspections VALUES(16,463,2,'2026-04-06T06:07:50.935Z','muijae',984142,984142,0,NULL,'completed','2026-04-06 06:07:51');
INSERT INTO order_inspections VALUES(17,485,2,'2026-04-06T06:07:50.935Z','muijae',356180,356180,0,NULL,'completed','2026-04-06 06:07:51');
INSERT INTO order_inspections VALUES(18,491,2,'2026-04-06T06:07:50.935Z','muijae',404000,404000,0,NULL,'completed','2026-04-06 06:07:51');
INSERT INTO order_inspections VALUES(19,439,2,'2026-04-06T06:07:50.935Z','muijae',1098314,1098314,0,NULL,'completed','2026-04-06 06:07:51');
INSERT INTO order_inspections VALUES(20,462,2,'2026-04-06T06:07:50.935Z','muijae',1824929,1824929,0,NULL,'completed','2026-04-06 06:07:51');
INSERT INTO order_inspections VALUES(21,484,2,'2026-04-06T06:07:50.935Z','muijae',117100,117100,0,NULL,'completed','2026-04-06 06:07:51');
INSERT INTO order_inspections VALUES(22,499,2,'2026-04-06T06:07:50.935Z','muijae',130000,130000,0,NULL,'completed','2026-04-06 06:07:51');
INSERT INTO order_inspections VALUES(23,504,2,'2026-04-06T06:07:50.935Z','muijae',165000,165000,0,NULL,'completed','2026-04-06 06:07:51');
INSERT INTO order_inspections VALUES(24,438,2,'2026-04-06T06:07:50.935Z','muijae',1246327,1246327,0,NULL,'completed','2026-04-06 06:07:51');
INSERT INTO order_inspections VALUES(25,461,2,'2026-04-06T06:07:50.935Z','muijae',1591114,1591114,0,NULL,'completed','2026-04-06 06:07:51');
INSERT INTO order_inspections VALUES(26,483,2,'2026-04-06T06:07:50.935Z','muijae',264980,264980,0,NULL,'completed','2026-04-06 06:07:51');
INSERT INTO order_inspections VALUES(27,437,2,'2026-04-06T06:07:50.935Z','muijae',1055890,1055890,0,NULL,'completed','2026-04-06 06:07:51');
INSERT INTO order_inspections VALUES(28,460,2,'2026-04-06T06:07:50.935Z','muijae',1739903,1739903,0,NULL,'completed','2026-04-06 06:07:51');
INSERT INTO order_inspections VALUES(29,482,2,'2026-04-06T06:07:50.935Z','muijae',653700,653700,0,NULL,'completed','2026-04-06 06:07:51');
INSERT INTO order_inspections VALUES(30,436,2,'2026-04-06T06:07:50.935Z','muijae',1710269,1710269,0,NULL,'completed','2026-04-06 06:07:51');
INSERT INTO order_inspections VALUES(31,459,2,'2026-04-06T06:07:50.935Z','muijae',3316344,3316344,0,NULL,'completed','2026-04-06 06:07:51');
INSERT INTO order_inspections VALUES(32,481,2,'2026-04-06T06:07:50.935Z','muijae',260430,260430,0,NULL,'completed','2026-04-06 06:07:51');
INSERT INTO order_inspections VALUES(33,498,2,'2026-04-06T06:07:50.935Z','muijae',160000,160000,0,NULL,'completed','2026-04-06 06:07:51');
INSERT INTO order_inspections VALUES(34,435,2,'2026-04-06T06:07:50.935Z','muijae',1424437,1424437,0,NULL,'completed','2026-04-06 06:07:51');
INSERT INTO order_inspections VALUES(35,458,2,'2026-04-06T06:07:50.935Z','muijae',1669375,1669375,0,NULL,'completed','2026-04-06 06:07:51');
INSERT INTO order_inspections VALUES(36,480,2,'2026-04-06T06:07:50.935Z','muijae',87900,87900,0,NULL,'completed','2026-04-06 06:07:51');
INSERT INTO order_inspections VALUES(37,434,2,'2026-04-06T06:07:50.935Z','muijae',1822042,1822042,0,NULL,'completed','2026-04-06 06:07:51');
INSERT INTO order_inspections VALUES(38,457,2,'2026-04-06T06:07:50.935Z','muijae',1331305,1331305,0,NULL,'completed','2026-04-06 06:07:51');
INSERT INTO order_inspections VALUES(39,479,2,'2026-04-06T06:07:50.935Z','muijae',383900,383900,0,NULL,'completed','2026-04-06 06:07:51');
INSERT INTO order_inspections VALUES(40,490,2,'2026-04-06T06:07:50.935Z','muijae',185000,185000,0,NULL,'completed','2026-04-06 06:07:51');
INSERT INTO order_inspections VALUES(41,433,2,'2026-04-06T06:07:50.935Z','muijae',1107622,1107622,0,NULL,'completed','2026-04-06 06:07:51');
INSERT INTO order_inspections VALUES(42,456,2,'2026-04-06T06:07:50.935Z','muijae',1232875,1232875,0,NULL,'completed','2026-04-06 06:07:51');
INSERT INTO order_inspections VALUES(43,478,2,'2026-04-06T06:07:50.935Z','muijae',137900,137900,0,NULL,'completed','2026-04-06 06:07:51');
INSERT INTO order_inspections VALUES(44,497,2,'2026-04-06T06:07:50.935Z','muijae',130000,130000,0,NULL,'completed','2026-04-06 06:07:51');
INSERT INTO order_inspections VALUES(45,432,2,'2026-04-06T06:07:50.935Z','muijae',1522542,1522542,0,NULL,'completed','2026-04-06 06:07:51');
INSERT INTO order_inspections VALUES(46,455,2,'2026-04-06T06:07:50.935Z','muijae',2033385,2033385,0,NULL,'completed','2026-04-06 06:07:51');
INSERT INTO order_inspections VALUES(47,477,2,'2026-04-06T06:07:50.935Z','muijae',910880,910880,0,NULL,'completed','2026-04-06 06:07:51');
INSERT INTO order_inspections VALUES(48,431,2,'2026-04-06T06:07:50.935Z','muijae',984726,984726,0,NULL,'completed','2026-04-06 06:07:51');
INSERT INTO order_inspections VALUES(49,454,2,'2026-04-06T06:07:50.935Z','muijae',877938,877938,0,NULL,'completed','2026-04-06 06:07:51');
INSERT INTO order_inspections VALUES(50,476,2,'2026-04-06T06:07:50.935Z','muijae',450360,450360,0,NULL,'completed','2026-04-06 06:07:51');
INSERT INTO order_inspections VALUES(51,430,2,'2026-04-06T06:07:50.935Z','muijae',1807466,1807466,0,NULL,'completed','2026-04-06 06:07:51');
INSERT INTO order_inspections VALUES(52,453,2,'2026-04-06T06:07:50.935Z','muijae',3021635,3021635,0,NULL,'completed','2026-04-06 06:07:51');
INSERT INTO order_inspections VALUES(53,475,2,'2026-04-06T06:07:50.935Z','muijae',210872,210872,0,NULL,'completed','2026-04-06 06:07:51');
INSERT INTO order_inspections VALUES(54,496,2,'2026-04-06T06:07:50.935Z','muijae',156000,156000,0,NULL,'completed','2026-04-06 06:07:51');
INSERT INTO order_inspections VALUES(55,429,2,'2026-04-06T06:07:50.935Z','muijae',1182638,1182638,0,NULL,'completed','2026-04-06 06:07:51');
INSERT INTO order_inspections VALUES(56,452,2,'2026-04-06T06:07:50.935Z','muijae',1745930,1745930,0,NULL,'completed','2026-04-06 06:07:51');
INSERT INTO order_inspections VALUES(57,474,2,'2026-04-06T06:07:50.935Z','muijae',297700,297700,0,NULL,'completed','2026-04-06 06:07:51');
INSERT INTO order_inspections VALUES(58,503,2,'2026-04-06T06:07:50.935Z','muijae',165000,165000,0,NULL,'completed','2026-04-06 06:07:51');
INSERT INTO order_inspections VALUES(59,428,2,'2026-04-06T06:07:50.935Z','muijae',957424,957424,0,NULL,'completed','2026-04-06 06:07:51');
INSERT INTO order_inspections VALUES(60,451,2,'2026-04-06T06:07:50.935Z','muijae',945927,945927,0,NULL,'completed','2026-04-06 06:07:51');
INSERT INTO order_inspections VALUES(61,473,2,'2026-04-06T06:07:50.935Z','muijae',543686,543686,0,NULL,'completed','2026-04-06 06:07:51');
INSERT INTO order_inspections VALUES(62,489,2,'2026-04-06T06:07:50.935Z','muijae',202000,202000,0,NULL,'completed','2026-04-06 06:07:51');
INSERT INTO order_inspections VALUES(63,427,2,'2026-04-06T06:07:50.935Z','muijae',1010765,1010765,0,NULL,'completed','2026-04-06 06:07:51');
INSERT INTO order_inspections VALUES(64,450,2,'2026-04-06T06:07:50.935Z','muijae',1495990,1495990,0,NULL,'completed','2026-04-06 06:07:51');
INSERT INTO order_inspections VALUES(65,472,2,'2026-04-06T06:07:50.935Z','muijae',280750,280750,0,NULL,'completed','2026-04-06 06:07:51');
INSERT INTO order_inspections VALUES(66,495,2,'2026-04-06T06:07:50.935Z','muijae',160000,160000,0,NULL,'completed','2026-04-06 06:07:51');
INSERT INTO order_inspections VALUES(67,426,2,'2026-04-06T06:07:50.935Z','muijae',861877,861877,0,NULL,'completed','2026-04-06 06:07:51');
INSERT INTO order_inspections VALUES(68,449,2,'2026-04-06T06:07:50.935Z','muijae',1031147,1031147,0,NULL,'completed','2026-04-06 06:07:51');
INSERT INTO order_inspections VALUES(69,494,2,'2026-04-06T06:07:50.935Z','muijae',144000,144000,0,NULL,'completed','2026-04-06 06:07:51');
INSERT INTO order_inspections VALUES(70,425,2,'2026-04-06T06:07:50.935Z','muijae',1324455,1324455,0,NULL,'completed','2026-04-06 06:07:51');
INSERT INTO order_inspections VALUES(71,448,2,'2026-04-06T06:07:50.935Z','muijae',1755432,1755432,0,NULL,'completed','2026-04-06 06:07:51');
INSERT INTO order_inspections VALUES(72,471,2,'2026-04-06T06:07:50.935Z','muijae',402200,402200,0,NULL,'completed','2026-04-06 06:07:51');
INSERT INTO order_inspections VALUES(73,424,2,'2026-04-06T06:07:50.935Z','muijae',2251076,2251076,0,NULL,'completed','2026-04-06 06:07:51');
INSERT INTO order_inspections VALUES(74,447,2,'2026-04-06T06:07:50.935Z','muijae',2126194,2126194,0,NULL,'completed','2026-04-06 06:07:51');
INSERT INTO order_inspections VALUES(75,470,2,'2026-04-06T06:07:50.935Z','muijae',685400,685400,0,NULL,'completed','2026-04-06 06:07:51');
INSERT INTO order_inspections VALUES(76,493,2,'2026-04-06T06:07:50.935Z','muijae',110000,110000,0,NULL,'completed','2026-04-06 06:07:51');
INSERT INTO order_inspections VALUES(77,423,2,'2026-04-06T06:07:50.935Z','muijae',1170407,1170407,0,NULL,'completed','2026-04-06 06:07:51');
INSERT INTO order_inspections VALUES(78,446,2,'2026-04-06T06:07:50.935Z','muijae',1222350,1222350,0,NULL,'completed','2026-04-06 06:07:51');
INSERT INTO order_inspections VALUES(79,502,2,'2026-04-06T06:07:50.935Z','muijae',330000,330000,0,NULL,'completed','2026-04-06 06:07:51');
INSERT INTO order_inspections VALUES(80,422,2,'2026-04-06T06:07:50.935Z','muijae',982407,982407,0,NULL,'completed','2026-04-06 06:07:51');
INSERT INTO order_inspections VALUES(81,445,2,'2026-04-06T06:07:50.935Z','muijae',2436901,2436901,0,NULL,'completed','2026-04-06 06:07:51');
INSERT INTO order_inspections VALUES(82,469,2,'2026-04-06T06:07:50.935Z','muijae',451200,451200,0,NULL,'completed','2026-04-06 06:07:51');
INSERT INTO order_inspections VALUES(83,488,2,'2026-04-06T06:07:50.935Z','muijae',232900,232900,0,NULL,'completed','2026-04-06 06:07:51');
INSERT INTO order_inspections VALUES(84,421,2,'2026-04-06T06:07:50.935Z','muijae',1488331,1488331,0,NULL,'completed','2026-04-06 06:07:51');
INSERT INTO order_inspections VALUES(85,444,2,'2026-04-06T06:07:50.935Z','muijae',1330147,1330147,0,NULL,'completed','2026-04-06 06:07:51');
INSERT INTO order_inspections VALUES(86,468,2,'2026-04-06T06:07:50.935Z','muijae',339650,339650,0,NULL,'completed','2026-04-06 06:07:51');
INSERT INTO order_inspections VALUES(87,492,2,'2026-04-06T06:07:50.935Z','muijae',130000,130000,0,NULL,'completed','2026-04-06 06:07:51');
INSERT INTO order_inspections VALUES(88,28,2,'2026-04-06T06:07:50.935Z','muijae',855384,855384,0,NULL,'completed','2026-04-06 06:07:51');
INSERT INTO order_inspections VALUES(89,443,2,'2026-04-06T06:07:50.935Z','muijae',1843195,1843195,0,NULL,'completed','2026-04-06 06:07:51');
INSERT INTO order_inspections VALUES(90,467,2,'2026-04-06T06:07:50.935Z','muijae',894980,894980,0,NULL,'completed','2026-04-06 06:07:51');
INSERT INTO order_inspections VALUES(91,501,2,'2026-04-06T06:07:50.935Z','muijae',330000,330000,0,NULL,'completed','2026-04-06 06:07:51');
INSERT INTO order_inspections VALUES(92,24,2,'2026-04-06T06:07:50.935Z','muijae',1788135,1788135,0,NULL,'completed','2026-04-06 06:07:51');
INSERT INTO order_inspections VALUES(93,25,2,'2026-04-06T06:07:50.935Z','muijae',1776295,1776295,0,NULL,'completed','2026-04-06 06:07:51');
INSERT INTO order_inspections VALUES(94,505,2,'2026-04-06T06:07:50.935Z','muijae',145000,145000,0,NULL,'completed','2026-04-06 06:07:51');
CREATE TABLE ingredient_prices (
  id INTEGER PRIMARY KEY AUTOINCREMENT,
  hospital_id INTEGER NOT NULL,
  year INTEGER NOT NULL,
  month INTEGER NOT NULL,
  ingredient_name TEXT NOT NULL,    
  unit TEXT DEFAULT 'kg',           
  unit_price INTEGER DEFAULT 0,     
  memo TEXT,
  created_at DATETIME DEFAULT CURRENT_TIMESTAMP,
  updated_at DATETIME DEFAULT CURRENT_TIMESTAMP, source TEXT DEFAULT 'manual', total_amount INTEGER DEFAULT 0, total_quantity REAL DEFAULT 0, vendor_name TEXT DEFAULT '',
  UNIQUE(hospital_id, year, month, ingredient_name),
  FOREIGN KEY (hospital_id) REFERENCES hospitals(id)
);
CREATE TABLE inspection_issues (
  id INTEGER PRIMARY KEY AUTOINCREMENT,
  order_id INTEGER NOT NULL,         
  hospital_id INTEGER NOT NULL,
  vendor_name TEXT,                  
  item_name TEXT,                    
  issue_type TEXT NOT NULL,          
  issue_detail TEXT,                 
  deduction_amount INTEGER DEFAULT 0,
  order_amount INTEGER DEFAULT 0,    
  actual_amount INTEGER DEFAULT 0,   
  created_at TEXT DEFAULT (datetime('now')),
  created_by TEXT,
  FOREIGN KEY (order_id) REFERENCES daily_orders(id) ON DELETE CASCADE,
  FOREIGN KEY (hospital_id) REFERENCES hospitals(id)
);
INSERT INTO inspection_issues VALUES(1,2,1,'이산푸드','소고기','미입고','',25000,402800,377800,'2026-03-17 18:03:17','amina');
INSERT INTO inspection_issues VALUES(2,16,3,'이산유통','','품질불량','불량',200000,3000000,2800000,'2026-03-18 14:40:59','hosp03');
INSERT INTO inspection_issues VALUES(3,19,4,'하나로 미트','hhh','반품','qnf',30000,150000,120000,'2026-03-19 05:45:31','mu1');
INSERT INTO inspection_issues VALUES(4,20,1,'법인카드(온라인)','','미입고','',4000,30000,26000,'2026-03-19 09:38:03','amina');
CREATE TABLE care_type_codes (
  code        TEXT PRIMARY KEY,           
  label_ko    TEXT NOT NULL,              
  sort_order  INTEGER DEFAULT 99,
  is_active   INTEGER DEFAULT 1,
  created_at  DATETIME DEFAULT CURRENT_TIMESTAMP
);
INSERT INTO care_type_codes VALUES('oncology','항암',1,1,'2026-04-02 04:49:16');
INSERT INTO care_type_codes VALUES('nursing_care','요양',2,1,'2026-04-02 04:49:16');
INSERT INTO care_type_codes VALUES('rehab','재활',3,1,'2026-04-02 04:49:16');
INSERT INTO care_type_codes VALUES('oncology_nursing','항암+요양',4,1,'2026-04-02 04:49:16');
INSERT INTO care_type_codes VALUES('oncology_rehab','항암+재활',5,1,'2026-04-02 04:49:16');
INSERT INTO care_type_codes VALUES('nursing_rehab','요양+재활',6,1,'2026-04-02 04:49:16');
INSERT INTO care_type_codes VALUES('general','일반',99,1,'2026-04-02 04:49:16');
CREATE TABLE transaction_item_categories (
  id INTEGER PRIMARY KEY AUTOINCREMENT,
  name TEXT NOT NULL UNIQUE,          
  code TEXT NOT NULL UNIQUE,          
  color TEXT DEFAULT '#6b7280',       
  sort_order INTEGER DEFAULT 0,
  is_active INTEGER DEFAULT 1,
  created_at DATETIME DEFAULT CURRENT_TIMESTAMP
);
INSERT INTO transaction_item_categories VALUES(1,'채소류','VEGGIE','#22c55e',1,1,'2026-04-02 04:49:17');
INSERT INTO transaction_item_categories VALUES(2,'육류','MEAT','#ef4444',2,1,'2026-04-02 04:49:17');
INSERT INTO transaction_item_categories VALUES(3,'수산물','SEAFOOD','#3b82f6',3,1,'2026-04-02 04:49:17');
INSERT INTO transaction_item_categories VALUES(4,'곡류','GRAIN','#f59e0b',4,1,'2026-04-02 04:49:17');
INSERT INTO transaction_item_categories VALUES(5,'유제품','DAIRY','#a855f7',5,1,'2026-04-02 04:49:17');
INSERT INTO transaction_item_categories VALUES(6,'가공식품','PROCESSED','#f97316',6,1,'2026-04-02 04:49:17');
INSERT INTO transaction_item_categories VALUES(7,'소모품','SUPPLIES','#6b7280',7,1,'2026-04-02 04:49:17');
INSERT INTO transaction_item_categories VALUES(8,'기타','OTHER','#94a3b8',8,1,'2026-04-02 04:49:17');
CREATE TABLE transaction_files (
  id INTEGER PRIMARY KEY AUTOINCREMENT,
  hospital_id INTEGER NOT NULL,
  file_name TEXT NOT NULL,            
  file_type TEXT NOT NULL,            
  file_size INTEGER DEFAULT 0,        
  file_data TEXT,                     
  vendor_name TEXT,                   
  document_year INTEGER,              
  document_month INTEGER,             
  parse_status TEXT DEFAULT 'pending', 
  parse_error TEXT,                   
  row_count INTEGER DEFAULT 0,        
  uploaded_by TEXT DEFAULT 'admin',
  created_at DATETIME DEFAULT CURRENT_TIMESTAMP,
  updated_at DATETIME DEFAULT CURRENT_TIMESTAMP, date_from TEXT DEFAULT NULL, date_to   TEXT DEFAULT NULL,
  FOREIGN KEY (hospital_id) REFERENCES hospitals(id)
);
INSERT INTO transaction_files VALUES(29,2,'테스트업체_202603_.xlsx','xlsx',0,NULL,'테스트업체',2026,3,'completed',NULL,1,'admin','2026-03-24 17:46:17','2026-03-24 17:46:17',NULL,NULL);
INSERT INTO transaction_files VALUES(33,2,'삼성 웰스토리_202603_2026-03-03~2026-03-03.xlsx','xlsx',0,NULL,'삼성 웰스토리',2026,3,'completed',NULL,42,'admin','2026-03-26 06:47:47','2026-03-26 06:47:47','2026-03-03','2026-03-03');
CREATE TABLE transaction_documents (
  id INTEGER PRIMARY KEY AUTOINCREMENT,
  file_id INTEGER NOT NULL,
  hospital_id INTEGER NOT NULL,
  vendor_name TEXT NOT NULL,          
  document_date TEXT,                 
  document_number TEXT,               
  document_year INTEGER NOT NULL,
  document_month INTEGER NOT NULL,
  total_amount INTEGER DEFAULT 0,     
  taxable_amount INTEGER DEFAULT 0,   
  tax_amount INTEGER DEFAULT 0,       
  nontaxable_amount INTEGER DEFAULT 0,
  item_count INTEGER DEFAULT 0,       
  memo TEXT,
  created_at DATETIME DEFAULT CURRENT_TIMESTAMP, trade_period TEXT DEFAULT '', date_from TEXT DEFAULT NULL, date_to   TEXT DEFAULT NULL,
  FOREIGN KEY (file_id) REFERENCES transaction_files(id) ON DELETE CASCADE,
  FOREIGN KEY (hospital_id) REFERENCES hospitals(id)
);
INSERT INTO transaction_documents VALUES(29,29,2,'테스트업체',NULL,NULL,2026,3,1000,1000,0,0,1,NULL,'2026-03-24 17:46:17','2026-03',NULL,NULL);
INSERT INTO transaction_documents VALUES(33,33,2,'삼성 웰스토리',NULL,NULL,2026,3,1247843,1240528,7315,0,42,NULL,'2026-03-26 06:47:47','2026-03-03 ~ 2026-03-03','2026-03-03','2026-03-03');
CREATE TABLE transaction_items (
  id INTEGER PRIMARY KEY AUTOINCREMENT,
  document_id INTEGER NOT NULL,
  file_id INTEGER NOT NULL,
  hospital_id INTEGER NOT NULL,
  vendor_name TEXT NOT NULL,
  document_year INTEGER NOT NULL,
  document_month INTEGER NOT NULL,
  item_name TEXT NOT NULL,            
  item_name_normalized TEXT,          
  category_id INTEGER,                
  quantity REAL DEFAULT 0,            
  unit TEXT DEFAULT '',               
  unit_price INTEGER DEFAULT 0,       
  amount INTEGER DEFAULT 0,           
  tax_type TEXT DEFAULT 'taxable',    
  tax_amount INTEGER DEFAULT 0,       
  raw_row TEXT,                       
  is_verified INTEGER DEFAULT 0,      
  memo TEXT,
  created_at DATETIME DEFAULT CURRENT_TIMESTAMP, item_code TEXT DEFAULT '', spec TEXT DEFAULT '', supplier_category TEXT DEFAULT '', date_from TEXT DEFAULT NULL, date_to   TEXT DEFAULT NULL,
  FOREIGN KEY (document_id) REFERENCES transaction_documents(id) ON DELETE CASCADE,
  FOREIGN KEY (file_id) REFERENCES transaction_files(id) ON DELETE CASCADE,
  FOREIGN KEY (hospital_id) REFERENCES hospitals(id),
  FOREIGN KEY (category_id) REFERENCES transaction_item_categories(id)
);
INSERT INTO transaction_items VALUES(1191,29,29,2,'테스트업체',2026,3,'테스트품목','테스트품목',NULL,1.0,'',1000,1000,'nontaxable',0,'{"item_name":"테스트품목","quantity":1,"unit_price":1000,"amount":1000,"tax_amount":0,"total":1000,"supplier_category":"테스트"}',0,NULL,'2026-03-24 17:46:17','','','테스트',NULL,NULL);
INSERT INTO transaction_items VALUES(1399,33,33,2,'삼성 웰스토리',2026,3,'호밀빵','호밀빵',NULL,1.0,'EA',4220,4220,'taxable',422,'{"item_code":"1000013135","item_name":"호밀빵","spec":"신라,430G/EA,D-2","unit":"EA","quantity":1,"unit_price":4220,"amount":4220,"tax_amount":422,"total":4642,"supplier_category":"가공식품","_raw":{"품목코드":"1000013135","품목명":"호밀빵","규격":"신라,430G/EA,D-2","단위":"EA","수량":1,"평균단가":4220,"금액":4220,"부가세":422,"합계":4642}}',0,NULL,'2026-03-26 06:47:47','1000013135','신라,430G/EA,D-2','가공식품','2026-03-03','2026-03-03');
INSERT INTO transaction_items VALUES(1400,33,33,2,'삼성 웰스토리',2026,3,'플레인모닝롤빵','플레인모닝롤빵',NULL,1.0,'PAC',2560,2560,'taxable',256,'{"item_code":"1000013144","item_name":"플레인모닝롤빵","spec":"신라,260G(26G*10EA)/PAC,D-3","unit":"PAC","quantity":1,"unit_price":2560,"amount":2560,"tax_amount":256,"total":2816,"supplier_category":"가공식품","_raw":{"품목코드":"1000013144","품목명":"플레인모닝롤빵","규격":"신라,260G(26G*10EA)/PAC,D-3","단위":"PAC","수량":1,"평균단가":2560,"금액":2560,"부가세":256,"합계":2816}}',0,NULL,'2026-03-26 06:47:47','1000013144','신라,260G(26G*10EA)/PAC,D-3','가공식품','2026-03-03','2026-03-03');
INSERT INTO transaction_items VALUES(1401,33,33,2,'삼성 웰스토리',2026,3,'판두부(VB)','판두부VB',NULL,2.0,'PAC',5670,11340,'nontaxable',0,'{"item_code":"1000152538","item_name":"판두부(VB)","spec":"대두:외국산,정남,3KG/PAC,부침용","unit":"PAC","quantity":2,"unit_price":5670,"amount":11340,"tax_amount":0,"total":11340,"supplier_category":"가공식품","_raw":{"품목코드":"1000152538","품목명":"판두부(VB)","규격":"대두:외국산,정남,3KG/PAC,부침용","단위":"PAC","수량":2,"평균단가":5670,"금액":11340,"부가세":0,"합계":11340}}',0,NULL,'2026-03-26 06:47:47','1000152538','대두:외국산,정남,3KG/PAC,부침용','가공식품','2026-03-03','2026-03-03');
INSERT INTO transaction_items VALUES(1402,33,33,2,'삼성 웰스토리',2026,3,'고구마샐러드골드','고구마샐러드골드',NULL,1.0,'PAC',5980,5980,'taxable',598,'{"item_code":"1000717077","item_name":"고구마샐러드골드","spec":"엠디에스,1KG/PAC","unit":"PAC","quantity":1,"unit_price":5980,"amount":5980,"tax_amount":598,"total":6578,"supplier_category":"가공식품","_raw":{"품목코드":"1000717077","품목명":"고구마샐러드골드","규격":"엠디에스,1KG/PAC","단위":"PAC","수량":1,"평균단가":5980,"금액":5980,"부가세":598,"합계":6578}}',0,NULL,'2026-03-26 06:47:47','1000717077','엠디에스,1KG/PAC','가공식품','2026-03-03','2026-03-03');
INSERT INTO transaction_items VALUES(1403,33,33,2,'삼성 웰스토리',2026,3,'생수,풀무원샘물(무라벨,무바코드)','생수풀무원샘물무라벨무바코드',NULL,160.0,'EA',170,27200,'taxable',2720,'{"item_code":"1000729563","item_name":"생수,풀무원샘물(무라벨,무바코드)","spec":"국내산,500ML/EA(20EA/BOX)","unit":"EA","quantity":160,"unit_price":170,"amount":27200,"tax_amount":2720,"total":29920,"supplier_category":"가공식품","_raw":{"품목코드":"1000729563","품목명":"생수,풀무원샘물(무라벨,무바코드)","규격":"국내산,500ML/EA(20EA/BOX)","단위":"EA","수량":160,"평균단가":170,"금액":27200,"부가세":2720,"합계":29920}}',0,NULL,'2026-03-26 06:47:47','1000729563','국내산,500ML/EA(20EA/BOX)','가공식품','2026-03-03','2026-03-03');
INSERT INTO transaction_items VALUES(1404,33,33,2,'삼성 웰스토리',2026,3,'감자샐러드A','감자샐러드A',NULL,1.0,'PAC',5960,5960,'taxable',596,'{"item_code":"1000740804","item_name":"감자샐러드A","spec":"감자:중국산,엠디에스,1KG/PAC","unit":"PAC","quantity":1,"unit_price":5960,"amount":5960,"tax_amount":596,"total":6556,"supplier_category":"가공식품","_raw":{"품목코드":"1000740804","품목명":"감자샐러드A","규격":"감자:중국산,엠디에스,1KG/PAC","단위":"PAC","수량":1,"평균단가":5960,"금액":5960,"부가세":596,"합계":6556}}',0,NULL,'2026-03-26 06:47:47','1000740804','감자:중국산,엠디에스,1KG/PAC','가공식품','2026-03-03','2026-03-03');
INSERT INTO transaction_items VALUES(1405,33,33,2,'삼성 웰스토리',2026,3,'옛날호두과자','옛날호두과자',NULL,2.0,'PAC',12190,24380,'taxable',2438,'{"item_code":"1000755086","item_name":"옛날호두과자","spec":"밀:호주산,팥:외국산,사조대림,1KG(18G*56±5EA)/PAC","unit":"PAC","quantity":2,"unit_price":12190,"amount":24380,"tax_amount":2438,"total":26818,"supplier_category":"가공식품","_raw":{"품목코드":"1000755086","품목명":"옛날호두과자","규격":"밀:호주산,팥:외국산,사조대림,1KG(18G*56±5EA)/PAC","단위":"PAC","수량":2,"평균단가":12190,"금액":24380,"부가세":2438,"합계":26818}}',0,NULL,'2026-03-26 06:47:47','1000755086','밀:호주산,팥:외국산,사조대림,1KG(18G*56±5EA)/PAC','가공식품','2026-03-03','2026-03-03');
INSERT INTO transaction_items VALUES(1406,33,33,2,'삼성 웰스토리',2026,3,'담백굵은면두부(VB)','담백굵은면두부VB',NULL,1.0,'EA',16040,16040,'nontaxable',0,'{"item_code":"1000760589","item_name":"담백굵은면두부(VB)","spec":"대두:외국산,맑은식품,1KG/EA","unit":"EA","quantity":1,"unit_price":16040,"amount":16040,"tax_amount":0,"total":16040,"supplier_category":"가공식품","_raw":{"품목코드":"1000760589","품목명":"담백굵은면두부(VB)","규격":"대두:외국산,맑은식품,1KG/EA","단위":"EA","수량":1,"평균단가":16040,"금액":16040,"부가세":0,"합계":16040}}',0,NULL,'2026-03-26 06:47:47','1000760589','대두:외국산,맑은식품,1KG/EA','가공식품','2026-03-03','2026-03-03');
INSERT INTO transaction_items VALUES(1407,33,33,2,'삼성 웰스토리',2026,3,'애느타리버섯,외식','애느타리버섯외식',NULL,0.5,'KG',5480,2740,'nontaxable',0,'{"item_code":"1000000165","item_name":"애느타리버섯,외식","spec":"국내산,KG","unit":"KG","quantity":0.5,"unit_price":5480,"amount":2740,"tax_amount":0,"total":2740,"supplier_category":"농산물류","_raw":{"품목코드":"1000000165","품목명":"애느타리버섯,외식","규격":"국내산,KG","단위":"KG","수량":0.5,"평균단가":5480,"금액":2740,"부가세":0,"합계":2740}}',0,NULL,'2026-03-26 06:47:47','1000000165','국내산,KG','농산물류','2026-03-03','2026-03-03');
INSERT INTO transaction_items VALUES(1408,33,33,2,'삼성 웰스토리',2026,3,'세척당근','세척당근',NULL,4.0,'KG',1760,7040,'nontaxable',0,'{"item_code":"1000006499","item_name":"세척당근","spec":"국내산,KG,100G내외/EA","unit":"KG","quantity":4,"unit_price":1760,"amount":7040,"tax_amount":0,"total":7040,"supplier_category":"농산물류","_raw":{"품목코드":"1000006499","품목명":"세척당근","규격":"국내산,KG,100G내외/EA","단위":"KG","수량":4,"평균단가":1760,"금액":7040,"부가세":0,"합계":7040}}',0,NULL,'2026-03-26 06:47:47','1000006499','국내산,KG,100G내외/EA','농산물류','2026-03-03','2026-03-03');
INSERT INTO transaction_items VALUES(1409,33,33,2,'삼성 웰스토리',2026,3,'풋고추','풋고추',NULL,0.2000000000000000111,'KG',7060,1412,'nontaxable',0,'{"item_code":"1000006540","item_name":"풋고추","spec":"국내산,KG,찌개용","unit":"KG","quantity":0.2,"unit_price":7060,"amount":1412,"tax_amount":0,"total":1412,"supplier_category":"농산물류","_raw":{"품목코드":"1000006540","품목명":"풋고추","규격":"국내산,KG,찌개용","단위":"KG","수량":0.2,"평균단가":7060,"금액":1412,"부가세":0,"합계":1412}}',0,NULL,'2026-03-26 06:47:47','1000006540','국내산,KG,찌개용','농산물류','2026-03-03','2026-03-03');
INSERT INTO transaction_items VALUES(1410,33,33,2,'삼성 웰스토리',2026,3,'꽈리고추','꽈리고추',NULL,0.29999999999999998889,'KG',11180,3354,'nontaxable',0,'{"item_code":"1000006567","item_name":"꽈리고추","spec":"국내산,KG,상","unit":"KG","quantity":0.3,"unit_price":11180,"amount":3354,"tax_amount":0,"total":3354,"supplier_category":"농산물류","_raw":{"품목코드":"1000006567","품목명":"꽈리고추","규격":"국내산,KG,상","단위":"KG","수량":0.3,"평균단가":11180,"금액":3354,"부가세":0,"합계":3354}}',0,NULL,'2026-03-26 06:47:47','1000006567','국내산,KG,상','농산물류','2026-03-03','2026-03-03');
INSERT INTO transaction_items VALUES(1411,33,33,2,'삼성 웰스토리',2026,3,'청피망,상','청피망상',NULL,1.0,'KG',10000,10000,'nontaxable',0,'{"item_code":"1000006577","item_name":"청피망,상","spec":"국내산,KG,60G~100G내외/EA","unit":"KG","quantity":1,"unit_price":10000,"amount":10000,"tax_amount":0,"total":10000,"supplier_category":"농산물류","_raw":{"품목코드":"1000006577","품목명":"청피망,상","규격":"국내산,KG,60G~100G내외/EA","단위":"KG","수량":1,"평균단가":10000,"금액":10000,"부가세":0,"합계":10000}}',0,NULL,'2026-03-26 06:47:47','1000006577','국내산,KG,60G~100G내외/EA','농산물류','2026-03-03','2026-03-03');
INSERT INTO transaction_items VALUES(1412,33,33,2,'삼성 웰스토리',2026,3,'시금치','시금치',NULL,0.29999999999999998889,'KG',5730,1719,'nontaxable',0,'{"item_code":"1000006689","item_name":"시금치","spec":"국내산,KG","unit":"KG","quantity":0.3,"unit_price":5730,"amount":1719,"tax_amount":0,"total":1719,"supplier_category":"농산물류","_raw":{"품목코드":"1000006689","품목명":"시금치","규격":"국내산,KG","단위":"KG","수량":0.3,"평균단가":5730,"금액":1719,"부가세":0,"합계":1719}}',0,NULL,'2026-03-26 06:47:47','1000006689','국내산,KG','농산물류','2026-03-03','2026-03-03');
INSERT INTO transaction_items VALUES(1413,33,33,2,'삼성 웰스토리',2026,3,'알배기','알배기',NULL,2.0,'KG',4570,9140,'nontaxable',0,'{"item_code":"1000006738","item_name":"알배기","spec":"국내산,KG,쌈용","unit":"KG","quantity":2,"unit_price":4570,"amount":9140,"tax_amount":0,"total":9140,"supplier_category":"농산물류","_raw":{"품목코드":"1000006738","품목명":"알배기","규격":"국내산,KG,쌈용","단위":"KG","수량":2,"평균단가":4570,"금액":9140,"부가세":0,"합계":9140}}',0,NULL,'2026-03-26 06:47:47','1000006738','국내산,KG,쌈용','농산물류','2026-03-03','2026-03-03');
INSERT INTO transaction_items VALUES(1414,33,33,2,'삼성 웰스토리',2026,3,'근대','근대',NULL,3.6000000000000000888,'KG',3030,10908,'nontaxable',0,'{"item_code":"1000006785","item_name":"근대","spec":"국내산,KG,상","unit":"KG","quantity":3.6,"unit_price":3030,"amount":10908,"tax_amount":0,"total":10908,"supplier_category":"농산물류","_raw":{"품목코드":"1000006785","품목명":"근대","규격":"국내산,KG,상","단위":"KG","수량":3.6,"평균단가":3030,"금액":10908,"부가세":0,"합계":10908}}',0,NULL,'2026-03-26 06:47:47','1000006785','국내산,KG,상','농산물류','2026-03-03','2026-03-03');
INSERT INTO transaction_items VALUES(1415,33,33,2,'삼성 웰스토리',2026,3,'마늘쫑','마늘쫑',NULL,2.6000000000000000888,'KG',6430,16718,'nontaxable',0,'{"item_code":"1000006845","item_name":"마늘쫑","spec":"중국산,KG,머리제거(20CM내외)","unit":"KG","quantity":2.6,"unit_price":6430,"amount":16718,"tax_amount":0,"total":16718,"supplier_category":"농산물류","_raw":{"품목코드":"1000006845","품목명":"마늘쫑","규격":"중국산,KG,머리제거(20CM내외)","단위":"KG","수량":2.6,"평균단가":6430,"금액":16718,"부가세":0,"합계":16718}}',0,NULL,'2026-03-26 06:47:47','1000006845','중국산,KG,머리제거(20CM내외)','농산물류','2026-03-03','2026-03-03');
INSERT INTO transaction_items VALUES(1416,33,33,2,'삼성 웰스토리',2026,3,'깐마늘','깐마늘',NULL,0.4000000000000000222,'KG',11400,4560,'nontaxable',0,'{"item_code":"1000007055","item_name":"깐마늘","spec":"국내산,KG,16MM내외/EA,상","unit":"KG","quantity":0.4,"unit_price":11400,"amount":4560,"tax_amount":0,"total":4560,"supplier_category":"농산물류","_raw":{"품목코드":"1000007055","품목명":"깐마늘","규격":"국내산,KG,16MM내외/EA,상","단위":"KG","수량":0.4,"평균단가":11400,"금액":4560,"부가세":0,"합계":4560}}',0,NULL,'2026-03-26 06:47:47','1000007055','국내산,KG,16MM내외/EA,상','농산물류','2026-03-03','2026-03-03');
INSERT INTO transaction_items VALUES(1417,33,33,2,'삼성 웰스토리',2026,3,'표고버섯','표고버섯',NULL,0.2000000000000000111,'KG',10770,2154,'nontaxable',0,'{"item_code":"1000007217","item_name":"표고버섯","spec":"국산,KG,제주D-2,실속형","unit":"KG","quantity":0.2,"unit_price":10770,"amount":2154,"tax_amount":0,"total":2154,"supplier_category":"농산물류","_raw":{"품목코드":"1000007217","품목명":"표고버섯","규격":"국산,KG,제주D-2,실속형","단위":"KG","수량":0.2,"평균단가":10770,"금액":2154,"부가세":0,"합계":2154}}',0,NULL,'2026-03-26 06:47:47','1000007217','국산,KG,제주D-2,실속형','농산물류','2026-03-03','2026-03-03');
INSERT INTO transaction_items VALUES(1418,33,33,2,'삼성 웰스토리',2026,3,'브로컬리','브로컬리',NULL,2.0,'KG',5300,10600,'nontaxable',0,'{"item_code":"1000007463","item_name":"브로컬리","spec":"중국산,KG,대:12CM내외","unit":"KG","quantity":2,"unit_price":5300,"amount":10600,"tax_amount":0,"total":10600,"supplier_category":"농산물류","_raw":{"품목코드":"1000007463","품목명":"브로컬리","규격":"중국산,KG,대:12CM내외","단위":"KG","수량":2,"평균단가":5300,"금액":10600,"부가세":0,"합계":10600}}',0,NULL,'2026-03-26 06:47:47','1000007463','중국산,KG,대:12CM내외','농산물류','2026-03-03','2026-03-03');
INSERT INTO transaction_items VALUES(1419,33,33,2,'삼성 웰스토리',2026,3,'케일,쌈용','케일쌈용',NULL,0.29999999999999998889,'KG',10590,3177,'nontaxable',0,'{"item_code":"1000007479","item_name":"케일,쌈용","spec":"국내산,KG,지방D-2","unit":"KG","quantity":0.3,"unit_price":10590,"amount":3177,"tax_amount":0,"total":3177,"supplier_category":"농산물류","_raw":{"품목코드":"1000007479","품목명":"케일,쌈용","규격":"국내산,KG,지방D-2","단위":"KG","수량":0.3,"평균단가":10590,"금액":3177,"부가세":0,"합계":3177}}',0,NULL,'2026-03-26 06:47:47','1000007479','국내산,KG,지방D-2','농산물류','2026-03-03','2026-03-03');
INSERT INTO transaction_items VALUES(1420,33,33,2,'삼성 웰스토리',2026,3,'파프리카,빨강','파프리카빨강',NULL,1.0,'KG',10590,10590,'nontaxable',0,'{"item_code":"1000007496","item_name":"파프리카,빨강","spec":"국내산,KG,상","unit":"KG","quantity":1,"unit_price":10590,"amount":10590,"tax_amount":0,"total":10590,"supplier_category":"농산물류","_raw":{"품목코드":"1000007496","품목명":"파프리카,빨강","규격":"국내산,KG,상","단위":"KG","수량":1,"평균단가":10590,"금액":10590,"부가세":0,"합계":10590}}',0,NULL,'2026-03-26 06:47:47','1000007496','국내산,KG,상','농산물류','2026-03-03','2026-03-03');
INSERT INTO transaction_items VALUES(1421,33,33,2,'삼성 웰스토리',2026,3,'가지,실속형(곡과,기형과)','가지실속형곡과기형과',NULL,1.0,'KG',6830,6830,'nontaxable',0,'{"item_code":"1000157274","item_name":"가지,실속형(곡과,기형과)","spec":"국산,KG","unit":"KG","quantity":1,"unit_price":6830,"amount":6830,"tax_amount":0,"total":6830,"supplier_category":"농산물류","_raw":{"품목코드":"1000157274","품목명":"가지,실속형(곡과,기형과)","규격":"국산,KG","단위":"KG","수량":1,"평균단가":6830,"금액":6830,"부가세":0,"합계":6830}}',0,NULL,'2026-03-26 06:47:47','1000157274','국산,KG','농산물류','2026-03-03','2026-03-03');
INSERT INTO transaction_items VALUES(1422,33,33,2,'삼성 웰스토리',2026,3,'수입포도,적포도','수입포도적포도',NULL,4.0,'KG',11980,47920,'nontaxable',0,'{"item_code":"1000610806","item_name":"수입포도,적포도","spec":"페루산,KG","unit":"KG","quantity":4,"unit_price":11980,"amount":47920,"tax_amount":0,"total":47920,"supplier_category":"농산물류","_raw":{"품목코드":"1000610806","품목명":"수입포도,적포도","규격":"페루산,KG","단위":"KG","수량":4,"평균단가":11980,"금액":47920,"부가세":0,"합계":47920}}',0,NULL,'2026-03-26 06:47:47','1000610806','페루산,KG','농산물류','2026-03-03','2026-03-03');
INSERT INTO transaction_items VALUES(1423,33,33,2,'삼성 웰스토리',2026,3,'양배추','양배추',NULL,10.0,'KG',990,9900,'nontaxable',0,'{"item_code":"1000622545","item_name":"양배추","spec":"국내산,KG,상","unit":"KG","quantity":10,"unit_price":990,"amount":9900,"tax_amount":0,"total":9900,"supplier_category":"농산물류","_raw":{"품목코드":"1000622545","품목명":"양배추","규격":"국내산,KG,상","단위":"KG","수량":10,"평균단가":990,"금액":9900,"부가세":0,"합계":9900}}',0,NULL,'2026-03-26 06:47:47','1000622545','국내산,KG,상','농산물류','2026-03-03','2026-03-03');
INSERT INTO transaction_items VALUES(1424,33,33,2,'삼성 웰스토리',2026,3,'오렌지','오렌지',NULL,25.0,'EA',1560,39000,'nontaxable',0,'{"item_code":"1000626021","item_name":"오렌지","spec":"미국산,220~250G/EA,72과","unit":"EA","quantity":25,"unit_price":1560,"amount":39000,"tax_amount":0,"total":39000,"supplier_category":"농산물류","_raw":{"품목코드":"1000626021","품목명":"오렌지","규격":"미국산,220~250G/EA,72과","단위":"EA","수량":25,"평균단가":1560,"금액":39000,"부가세":0,"합계":39000}}',0,NULL,'2026-03-26 06:47:47','1000626021','미국산,220~250G/EA,72과','농산물류','2026-03-03','2026-03-03');
INSERT INTO transaction_items VALUES(1425,33,33,2,'삼성 웰스토리',2026,3,'송이향표고버섯','송이향표고버섯',NULL,6.0,'PAC',5750,34500,'nontaxable',0,'{"item_code":"1000643222","item_name":"송이향표고버섯","spec":"국산,500G/PAC,실속형","unit":"PAC","quantity":6,"unit_price":5750,"amount":34500,"tax_amount":0,"total":34500,"supplier_category":"농산물류","_raw":{"품목코드":"1000643222","품목명":"송이향표고버섯","규격":"국산,500G/PAC,실속형","단위":"PAC","수량":6,"평균단가":5750,"금액":34500,"부가세":0,"합계":34500}}',0,NULL,'2026-03-26 06:47:47','1000643222','국산,500G/PAC,실속형','농산물류','2026-03-03','2026-03-03');
INSERT INTO transaction_items VALUES(1426,33,33,2,'삼성 웰스토리',2026,3,'냉동능이버섯,IQF','냉동능이버섯IQF',NULL,2.0,'PAC',31530,63060,'nontaxable',0,'{"item_code":"1000699082","item_name":"냉동능이버섯,IQF","spec":"중국산,1KG/PAC,실속형","unit":"PAC","quantity":2,"unit_price":31530,"amount":63060,"tax_amount":0,"total":63060,"supplier_category":"농산물류","_raw":{"품목코드":"1000699082","품목명":"냉동능이버섯,IQF","규격":"중국산,1KG/PAC,실속형","단위":"PAC","수량":2,"평균단가":31530,"금액":63060,"부가세":0,"합계":63060}}',0,NULL,'2026-03-26 06:47:47','1000699082','중국산,1KG/PAC,실속형','농산물류','2026-03-03','2026-03-03');
INSERT INTO transaction_items VALUES(1427,33,33,2,'삼성 웰스토리',2026,3,'대추방울토마토,실속형','대추방울토마토실속형',NULL,4.0,'KG',6530,26120,'nontaxable',0,'{"item_code":"1000724847","item_name":"대추방울토마토,실속형","spec":"국내산,KG,규격무관,비선별","unit":"KG","quantity":4,"unit_price":6530,"amount":26120,"tax_amount":0,"total":26120,"supplier_category":"농산물류","_raw":{"품목코드":"1000724847","품목명":"대추방울토마토,실속형","규격":"국내산,KG,규격무관,비선별","단위":"KG","수량":4,"평균단가":6530,"금액":26120,"부가세":0,"합계":26120}}',0,NULL,'2026-03-26 06:47:47','1000724847','국내산,KG,규격무관,비선별','농산물류','2026-03-03','2026-03-03');
INSERT INTO transaction_items VALUES(1428,33,33,2,'삼성 웰스토리',2026,3,'GAP베이비채소,어린잎,혼합','GAP베이비채소어린잎혼합',NULL,0.5,'KG',11080,5540,'nontaxable',0,'{"item_code":"1000725123","item_name":"GAP베이비채소,어린잎,혼합","spec":"국내산,KG,D-2","unit":"KG","quantity":0.5,"unit_price":11080,"amount":5540,"tax_amount":0,"total":5540,"supplier_category":"농산물류","_raw":{"품목코드":"1000725123","품목명":"GAP베이비채소,어린잎,혼합","규격":"국내산,KG,D-2","단위":"KG","수량":0.5,"평균단가":11080,"금액":5540,"부가세":0,"합계":5540}}',0,NULL,'2026-03-26 06:47:47','1000725123','국내산,KG,D-2','농산물류','2026-03-03','2026-03-03');
INSERT INTO transaction_items VALUES(1429,33,33,2,'삼성 웰스토리',2026,3,'냉동양송이버섯,IQF','냉동양송이버섯IQF',NULL,1.0,'PAC',4800,4800,'nontaxable',0,'{"item_code":"1000732395","item_name":"냉동양송이버섯,IQF","spec":"중국산,푸른원,1KG/PAC,슬라이스","unit":"PAC","quantity":1,"unit_price":4800,"amount":4800,"tax_amount":0,"total":4800,"supplier_category":"농산물류","_raw":{"품목코드":"1000732395","품목명":"냉동양송이버섯,IQF","규격":"중국산,푸른원,1KG/PAC,슬라이스","단위":"PAC","수량":1,"평균단가":4800,"금액":4800,"부가세":0,"합계":4800}}',0,NULL,'2026-03-26 06:47:47','1000732395','중국산,푸른원,1KG/PAC,슬라이스','농산물류','2026-03-03','2026-03-03');
INSERT INTO transaction_items VALUES(1430,33,33,2,'삼성 웰스토리',2026,3,'피적양파','피적양파',NULL,0.69999999999999995559,'KG',2980,2086,'nontaxable',0,'{"item_code":"1000751058","item_name":"피적양파","spec":"국내산,KG","unit":"KG","quantity":0.7,"unit_price":2980,"amount":2086,"tax_amount":0,"total":2086,"supplier_category":"농산물류","_raw":{"품목코드":"1000751058","품목명":"피적양파","규격":"국내산,KG","단위":"KG","수량":0.7,"평균단가":2980,"금액":2086,"부가세":0,"합계":2086}}',0,NULL,'2026-03-26 06:47:47','1000751058','국내산,KG','농산물류','2026-03-03','2026-03-03');
INSERT INTO transaction_items VALUES(1431,33,33,2,'삼성 웰스토리',2026,3,'토마토','토마토',NULL,1.0,'KG',7340,7340,'nontaxable',0,'{"item_code":"1000753966","item_name":"토마토","spec":"국내산,KG,250G/EA이상,반숙","unit":"KG","quantity":1,"unit_price":7340,"amount":7340,"tax_amount":0,"total":7340,"supplier_category":"농산물류","_raw":{"품목코드":"1000753966","품목명":"토마토","규격":"국내산,KG,250G/EA이상,반숙","단위":"KG","수량":1,"평균단가":7340,"금액":7340,"부가세":0,"합계":7340}}',0,NULL,'2026-03-26 06:47:47','1000753966','국내산,KG,250G/EA이상,반숙','농산물류','2026-03-03','2026-03-03');
INSERT INTO transaction_items VALUES(1432,33,33,2,'삼성 웰스토리',2026,3,'[GS]냉동단호박(유피),DC','[GS]냉동단호박유피DC',NULL,1.0,'PAC',2850,2850,'taxable',285,'{"item_code":"1000754538","item_name":"[GS]냉동단호박(유피),DC","spec":"중국산,3~5CM절단,찜조림용","unit":"PAC","quantity":1,"unit_price":2850,"amount":2850,"tax_amount":285,"total":3135,"supplier_category":"농산물류","_raw":{"품목코드":"1000754538","품목명":"[GS]냉동단호박(유피),DC","규격":"중국산,3~5CM절단,찜조림용","단위":"PAC","수량":1,"평균단가":2850,"금액":2850,"부가세":285,"합계":3135}}',0,NULL,'2026-03-26 06:47:47','1000754538','중국산,3~5CM절단,찜조림용','농산물류','2026-03-03','2026-03-03');
INSERT INTO transaction_items VALUES(1433,33,33,2,'삼성 웰스토리',2026,3,'북어채','북어채',NULL,1.0,'EA',20250,20250,'nontaxable',0,'{"item_code":"1000010779","item_name":"북어채","spec":"러시아산,500G/EA,상","unit":"EA","quantity":1,"unit_price":20250,"amount":20250,"tax_amount":0,"total":20250,"supplier_category":"수산/건어물류","_raw":{"품목코드":"1000010779","품목명":"북어채","규격":"러시아산,500G/EA,상","단위":"EA","수량":1,"평균단가":20250,"금액":20250,"부가세":0,"합계":20250}}',0,NULL,'2026-03-26 06:47:47','1000010779','러시아산,500G/EA,상','수산/건어물류','2026-03-03','2026-03-03');
INSERT INTO transaction_items VALUES(1434,33,33,2,'삼성 웰스토리',2026,3,'건대추','건대추',NULL,0.5,'KG',21940,10970,'nontaxable',0,'{"item_code":"1000011014","item_name":"건대추","spec":"국내산,KG,상","unit":"KG","quantity":0.5,"unit_price":21940,"amount":10970,"tax_amount":0,"total":10970,"supplier_category":"수산/건어물류","_raw":{"품목코드":"1000011014","품목명":"건대추","규격":"국내산,KG,상","단위":"KG","수량":0.5,"평균단가":21940,"금액":10970,"부가세":0,"합계":10970}}',0,NULL,'2026-03-26 06:47:47','1000011014','국내산,KG,상','수산/건어물류','2026-03-03','2026-03-03');
INSERT INTO transaction_items VALUES(1435,33,33,2,'삼성 웰스토리',2026,3,'낙지절단','낙지절단',NULL,8.0,'PAC',16480,131840,'nontaxable',0,'{"item_code":"1000620494","item_name":"낙지절단","spec":"베트남산,1KG/PAC,냉동,IQF","unit":"PAC","quantity":8,"unit_price":16480,"amount":131840,"tax_amount":0,"total":131840,"supplier_category":"수산/건어물류","_raw":{"품목코드":"1000620494","품목명":"낙지절단","규격":"베트남산,1KG/PAC,냉동,IQF","단위":"PAC","수량":8,"평균단가":16480,"금액":131840,"부가세":0,"합계":131840}}',0,NULL,'2026-03-26 06:47:47','1000620494','베트남산,1KG/PAC,냉동,IQF','수산/건어물류','2026-03-03','2026-03-03');
INSERT INTO transaction_items VALUES(1436,33,33,2,'삼성 웰스토리',2026,3,'[H]메로살,외식','[H]메로살외식',NULL,1.0,'BOX',557020,557020,'nontaxable',0,'{"item_code":"1000657807","item_name":"[H]메로살,외식","spec":"원양산(대서양),10KG/BOX,스테이크,구이용,2.5CM슬라이스,SKIN-ON","unit":"BOX","quantity":1,"unit_price":557020,"amount":557020,"tax_amount":0,"total":557020,"supplier_category":"수산/건어물류","_raw":{"품목코드":"1000657807","품목명":"[H]메로살,외식","규격":"원양산(대서양),10KG/BOX,스테이크,구이용,2.5CM슬라이스,SKIN-ON","단위":"BOX","수량":1,"평균단가":557020,"금액":557020,"부가세":0,"합계":557020}}',0,NULL,'2026-03-26 06:47:47','1000657807','원양산(대서양),10KG/BOX,스테이크,구이용,2.5CM슬라이스,SKIN-ON','수산/건어물류','2026-03-03','2026-03-03');
INSERT INTO transaction_items VALUES(1437,33,33,2,'삼성 웰스토리',2026,3,'계란,중란','계란중란',NULL,5.0,'PAC',7420,37100,'nontaxable',0,'{"item_code":"1000520025","item_name":"계란,중란","spec":"국내산,30EA,1320G이상/PAC,Y","unit":"PAC","quantity":5,"unit_price":7420,"amount":37100,"tax_amount":0,"total":37100,"supplier_category":"육류","_raw":{"품목코드":"1000520025","품목명":"계란,중란","규격":"국내산,30EA,1320G이상/PAC,Y","단위":"PAC","수량":5,"평균단가":7420,"금액":37100,"부가세":0,"합계":37100}}',0,NULL,'2026-03-26 06:47:47','1000520025','국내산,30EA,1320G이상/PAC,Y','육류','2026-03-03','2026-03-03');
INSERT INTO transaction_items VALUES(1438,33,33,2,'삼성 웰스토리',2026,3,'[H]계란,대란','[H]계란대란',NULL,1.0,'PAC',6310,6310,'nontaxable',0,'{"item_code":"1000692158","item_name":"[H]계란,대란","spec":"국산,동물복지유정란,15EA,780G이상/PAC","unit":"PAC","quantity":1,"unit_price":6310,"amount":6310,"tax_amount":0,"total":6310,"supplier_category":"육류","_raw":{"품목코드":"1000692158","품목명":"[H]계란,대란","규격":"국산,동물복지유정란,15EA,780G이상/PAC","단위":"PAC","수량":1,"평균단가":6310,"금액":6310,"부가세":0,"합계":6310}}',0,NULL,'2026-03-26 06:47:47','1000692158','국산,동물복지유정란,15EA,780G이상/PAC','육류','2026-03-03','2026-03-03');
INSERT INTO transaction_items VALUES(1439,33,33,2,'삼성 웰스토리',2026,3,'계란,백색란,중란','계란백색란중란',NULL,1.0,'PAC',7400,7400,'nontaxable',0,'{"item_code":"1000756338","item_name":"계란,백색란,중란","spec":"계란:국산,30EA,1320G이상/PAC","unit":"PAC","quantity":1,"unit_price":7400,"amount":7400,"tax_amount":0,"total":7400,"supplier_category":"육류","_raw":{"품목코드":"1000756338","품목명":"계란,백색란,중란","규격":"계란:국산,30EA,1320G이상/PAC","단위":"PAC","수량":1,"평균단가":7400,"금액":7400,"부가세":0,"합계":7400}}',0,NULL,'2026-03-26 06:47:47','1000756338','계란:국산,30EA,1320G이상/PAC','육류','2026-03-03','2026-03-03');
INSERT INTO transaction_items VALUES(1440,33,33,2,'삼성 웰스토리',2026,3,'닭도리육,냉장','닭도리육냉장',NULL,5.0,'KG',5580,27900,'nontaxable',0,'{"item_code":"1000763380","item_name":"닭도리육,냉장","spec":"국산,한강식품,KG,50~60G/EA,볶음탕용","unit":"KG","quantity":5,"unit_price":5580,"amount":27900,"tax_amount":0,"total":27900,"supplier_category":"육류","_raw":{"품목코드":"1000763380","품목명":"닭도리육,냉장","규격":"국산,한강식품,KG,50~60G/EA,볶음탕용","단위":"KG","수량":5,"평균단가":5580,"금액":27900,"부가세":0,"합계":27900}}',0,NULL,'2026-03-26 06:47:47','1000763380','국산,한강식품,KG,50~60G/EA,볶음탕용','육류','2026-03-03','2026-03-03');
CREATE TABLE transaction_ai_analysis (
  id INTEGER PRIMARY KEY AUTOINCREMENT,
  hospital_id INTEGER NOT NULL,
  analysis_year INTEGER NOT NULL,
  analysis_month INTEGER NOT NULL,
  analysis_type TEXT NOT NULL,        
  total_amount INTEGER DEFAULT 0,
  taxable_ratio REAL DEFAULT 0,       
  top_vendor TEXT,                    
  top_vendor_ratio REAL DEFAULT 0,    
  top_items TEXT,                     
  category_breakdown TEXT,            
  monthly_comparison TEXT,            
  
  alert_price_rise TEXT,              
  alert_qty_surge TEXT,               
  alert_vendor_concentration TEXT,    
  alert_tax_change TEXT,              
  alert_missing_data TEXT,            
  
  cross_analysis_summary TEXT,        
  cross_discrepancies TEXT,           
  analysis_text TEXT,                 
  created_at DATETIME DEFAULT CURRENT_TIMESTAMP,
  updated_at DATETIME DEFAULT CURRENT_TIMESTAMP,
  FOREIGN KEY (hospital_id) REFERENCES hospitals(id)
);
CREATE TABLE transaction_order_cross (
  id INTEGER PRIMARY KEY AUTOINCREMENT,
  hospital_id INTEGER NOT NULL,
  cross_year INTEGER NOT NULL,
  cross_month INTEGER NOT NULL,
  item_name TEXT NOT NULL,
  item_name_normalized TEXT,
  vendor_name TEXT,
  
  ordered_quantity REAL DEFAULT 0,
  ordered_unit_price INTEGER DEFAULT 0,
  ordered_amount INTEGER DEFAULT 0,
  
  invoice_quantity REAL DEFAULT 0,
  invoice_unit_price INTEGER DEFAULT 0,
  invoice_amount INTEGER DEFAULT 0,
  
  qty_diff REAL DEFAULT 0,            
  qty_diff_ratio REAL DEFAULT 0,      
  price_diff INTEGER DEFAULT 0,       
  price_diff_ratio REAL DEFAULT 0,    
  amount_diff INTEGER DEFAULT 0,      
  alert_level TEXT DEFAULT 'normal',  
  alert_memo TEXT,                    
  created_at DATETIME DEFAULT CURRENT_TIMESTAMP,
  FOREIGN KEY (hospital_id) REFERENCES hospitals(id)
);
CREATE TABLE diet_categories (
  id            INTEGER PRIMARY KEY AUTOINCREMENT,
  hospital_id   INTEGER NOT NULL,
  parent_type   TEXT NOT NULL CHECK(parent_type IN ('patient','therapy','noncovered','staff')),
  diet_key      TEXT NOT NULL,          
  diet_name     TEXT NOT NULL,          
  is_active     INTEGER DEFAULT 1,      
  show_in_input INTEGER DEFAULT 1,      
  sort_order    INTEGER DEFAULT 0,
  target_meal_price INTEGER DEFAULT 0,  
  monthly_budget    INTEGER DEFAULT 0,  
  legacy_field_key  TEXT DEFAULT NULL,  
  created_at    DATETIME DEFAULT CURRENT_TIMESTAMP,
  updated_at    DATETIME DEFAULT CURRENT_TIMESTAMP, patient_group TEXT DEFAULT NULL, diet_level TEXT DEFAULT 'group', include_in_meal_price INTEGER DEFAULT 0, linked_patient_group TEXT DEFAULT NULL,
  UNIQUE(hospital_id, diet_key),
  FOREIGN KEY (hospital_id) REFERENCES hospitals(id)
);
INSERT INTO diet_categories VALUES(1,3,'patient','legacy_cancer','항암',1,1,0,6000,22500000,'cat_cancer','2026-03-21 14:38:26','2026-04-02 19:03:20','cancer','group',0,NULL);
INSERT INTO diet_categories VALUES(2,3,'patient','legacy_nursing','요양',1,1,1,2000,34000000,'cat_nursing','2026-03-21 14:38:26','2026-04-02 19:03:20','nursing','group',0,NULL);
INSERT INTO diet_categories VALUES(3,1,'patient','legacy_cancer','항암',1,1,0,8000,600000000000,'cat_cancer','2026-03-21 14:38:26','2026-04-02 15:59:15','cancer','group',0,NULL);
INSERT INTO diet_categories VALUES(4,4,'patient','legacy_cancer','항암',1,1,0,6000,10000000,'cat_cancer','2026-03-21 14:38:26','2026-03-21 14:38:26','cancer','group',0,NULL);
INSERT INTO diet_categories VALUES(5,2,'patient','legacy_cancer','항암',1,1,0,7500,95000000,'cat_cancer','2026-03-21 14:38:26','2026-03-29 03:12:35','cancer','group',0,NULL);
INSERT INTO diet_categories VALUES(6,3,'noncovered','legacy_other','항암 보호자',1,1,2,0,0,'cat_other','2026-03-21 14:38:26','2026-04-02 19:03:20',NULL,'noncovered_item',1,NULL);
INSERT INTO diet_categories VALUES(7,3,'therapy','legacy_general','경관식',1,1,3,0,0,'cat_general','2026-03-21 14:38:26','2026-04-02 19:03:20',NULL,'therapy',0,'nursing');
INSERT INTO diet_categories VALUES(8,1,'therapy','preset_therapy_gastrectomy_1','위절제식',1,1,0,0,0,'diet_preset_therapy_gastrectomy_1','2026-03-21 14:49:47','2026-04-02 15:59:15',NULL,'therapy',0,'cancer');
INSERT INTO diet_categories VALUES(9,1,'therapy','preset_therapy_lowresidue_1','저잔사식',1,1,1,0,0,'diet_preset_therapy_lowresidue_1','2026-03-21 14:49:50','2026-04-02 15:59:15',NULL,'therapy',0,'cancer');
INSERT INTO diet_categories VALUES(10,1,'therapy','preset_therapy_lowiodine_1','저요오드식',1,1,2,0,0,'diet_preset_therapy_lowiodine_1','2026-03-21 14:49:51','2026-04-02 15:59:15',NULL,'therapy',0,'cancer');
INSERT INTO diet_categories VALUES(11,1,'staff','preset_staff_regular_1','직원 일반식',1,1,0,0,0,'diet_preset_staff_regular_1','2026-03-21 14:50:53','2026-04-02 15:59:15',NULL,'staff_item',0,NULL);
INSERT INTO diet_categories VALUES(12,1,'noncovered','preset_nc_guardian_1','보호자식',1,1,0,0,0,'diet_preset_nc_guardian_1','2026-03-21 14:50:57','2026-04-02 15:59:15',NULL,'noncovered_item',1,NULL);
INSERT INTO diet_categories VALUES(13,1,'noncovered','preset_nc_outpatient_1','외래환자식',1,1,1,0,0,'diet_preset_nc_outpatient_1','2026-03-21 14:50:59','2026-04-02 15:59:15',NULL,'noncovered_item',1,NULL);
INSERT INTO diet_categories VALUES(14,1,'patient','preset_patient_rehab_1','재활 일반식',0,1,1,0,0,'diet_preset_patient_rehab_1','2026-03-21 15:37:43','2026-03-26 08:38:31',NULL,'group',0,NULL);
INSERT INTO diet_categories VALUES(15,3,'noncovered','preset_nc_guardian_3','보호자식',0,1,1,0,0,'diet_preset_nc_guardian_3','2026-03-21 16:37:52','2026-03-27 09:26:35',NULL,'noncovered_item',0,NULL);
INSERT INTO diet_categories VALUES(16,5,'patient','preset_patient_cancer_5','항암 일반식',1,1,0,0,0,'diet_preset_patient_cancer_5','2026-03-22 14:33:06','2026-03-22 14:33:06',NULL,'group',0,NULL);
INSERT INTO diet_categories VALUES(17,5,'patient','preset_patient_rehab_5','재활 일반식',1,1,1,0,0,'diet_preset_patient_rehab_5','2026-03-22 14:33:10','2026-03-22 14:33:10',NULL,'group',0,NULL);
INSERT INTO diet_categories VALUES(18,5,'therapy','preset_therapy_gastrectomy_5','위절제식',1,1,0,0,0,'diet_preset_therapy_gastrectomy_5','2026-03-22 14:33:12','2026-03-22 14:33:12',NULL,'therapy',0,NULL);
INSERT INTO diet_categories VALUES(19,5,'therapy','preset_therapy_lowresidue_5','저잔사식',1,1,1,0,0,'diet_preset_therapy_lowresidue_5','2026-03-22 14:33:14','2026-03-22 14:33:14',NULL,'therapy',0,NULL);
INSERT INTO diet_categories VALUES(20,5,'therapy','preset_therapy_lowiodine_5','저요오드식',1,1,2,0,0,'diet_preset_therapy_lowiodine_5','2026-03-22 14:33:15','2026-03-22 14:33:15',NULL,'therapy',0,NULL);
INSERT INTO diet_categories VALUES(21,5,'therapy','preset_therapy_lowsalt_5','저염식',1,1,3,0,0,'diet_preset_therapy_lowsalt_5','2026-03-22 14:33:16','2026-03-22 14:33:16',NULL,'therapy',0,NULL);
INSERT INTO diet_categories VALUES(22,5,'noncovered','preset_nc_guardian_5','보호자식',1,1,0,0,0,'diet_preset_nc_guardian_5','2026-03-22 14:33:31','2026-03-22 14:33:31',NULL,'noncovered_item',0,NULL);
INSERT INTO diet_categories VALUES(23,5,'noncovered','preset_nc_rice_extra_5','공기밥추가',1,1,1,0,0,'diet_preset_nc_rice_extra_5','2026-03-22 14:33:36','2026-03-22 14:33:36',NULL,'noncovered_item',0,NULL);
INSERT INTO diet_categories VALUES(24,5,'staff','preset_staff_regular_5','직원 일반식',1,1,0,0,0,'diet_preset_staff_regular_5','2026-03-22 14:34:02','2026-03-22 14:34:02',NULL,'staff_item',0,NULL);
INSERT INTO diet_categories VALUES(25,1,'staff','preset_staff_special_1','직원 특식',1,1,1,0,0,NULL,'2026-03-23 03:05:49','2026-04-02 15:59:15',NULL,'group',0,NULL);
INSERT INTO diet_categories VALUES(26,3,'staff','preset_staff_special_1','직원 특식',0,1,1,0,0,NULL,'2026-03-23 03:05:49','2026-04-03 06:28:36',NULL,'group',0,NULL);
INSERT INTO diet_categories VALUES(27,4,'staff','preset_staff_special_1','직원 특식',1,1,1,0,0,NULL,'2026-03-23 03:05:49','2026-03-23 03:05:49',NULL,'group',0,NULL);
INSERT INTO diet_categories VALUES(28,5,'staff','preset_staff_special_1','직원 특식',1,1,1,0,0,NULL,'2026-03-23 03:05:49','2026-03-23 03:05:49',NULL,'group',0,NULL);
INSERT INTO diet_categories VALUES(29,6,'staff','preset_staff_special_1','직원 특식',1,1,1,0,0,NULL,'2026-03-23 03:05:49','2026-03-23 03:05:49',NULL,'group',0,NULL);
INSERT INTO diet_categories VALUES(30,7,'staff','preset_staff_special_1','직원 특식',1,1,1,0,0,NULL,'2026-03-23 03:05:49','2026-03-23 03:05:49',NULL,'group',0,NULL);
INSERT INTO diet_categories VALUES(31,2,'staff','preset_staff_special_1','직원 특식',0,1,1,0,0,NULL,'2026-03-23 03:05:49','2026-03-29 03:12:17',NULL,'group',0,NULL);
INSERT INTO diet_categories VALUES(32,1,'staff','preset_staff_night_1','직원 야식',1,1,2,0,0,NULL,'2026-03-23 03:05:49','2026-04-02 15:59:15',NULL,'group',0,NULL);
INSERT INTO diet_categories VALUES(33,3,'staff','preset_staff_night_1','직원 야식',0,1,2,0,0,NULL,'2026-03-23 03:05:49','2026-04-03 06:28:38',NULL,'group',0,NULL);
INSERT INTO diet_categories VALUES(34,4,'staff','preset_staff_night_1','직원 야식',1,1,2,0,0,NULL,'2026-03-23 03:05:49','2026-03-23 03:05:49',NULL,'group',0,NULL);
INSERT INTO diet_categories VALUES(35,5,'staff','preset_staff_night_1','직원 야식',1,1,2,0,0,NULL,'2026-03-23 03:05:49','2026-03-23 03:05:49',NULL,'group',0,NULL);
INSERT INTO diet_categories VALUES(36,6,'staff','preset_staff_night_1','직원 야식',1,1,2,0,0,NULL,'2026-03-23 03:05:49','2026-03-23 03:05:49',NULL,'group',0,NULL);
INSERT INTO diet_categories VALUES(37,7,'staff','preset_staff_night_1','직원 야식',1,1,2,0,0,NULL,'2026-03-23 03:05:49','2026-03-23 03:05:49',NULL,'group',0,NULL);
INSERT INTO diet_categories VALUES(38,2,'staff','preset_staff_night_1','직원 야식',0,1,2,0,0,NULL,'2026-03-23 03:05:49','2026-03-29 03:12:20',NULL,'group',0,NULL);
INSERT INTO diet_categories VALUES(39,3,'noncovered','preset_nc_nursing_guardian_3','요양 보호자식',1,1,2,0,0,'diet_preset_nc_nursing_guardian_3','2026-03-27 09:26:18','2026-04-02 19:03:20',NULL,'noncovered_item',1,NULL);
INSERT INTO diet_categories VALUES(40,3,'noncovered','preset_nc_caregiver_3','간병사',1,1,3,0,0,'diet_preset_nc_caregiver_3','2026-03-27 09:26:32','2026-04-02 19:03:20',NULL,'noncovered_item',1,NULL);
INSERT INTO diet_categories VALUES(41,2,'therapy','preset_therapy_gastrectomy_2','위절제식',1,1,0,0,0,'diet_preset_therapy_gastrectomy_2','2026-03-29 03:11:20','2026-03-29 03:12:35',NULL,'therapy',0,'cancer');
INSERT INTO diet_categories VALUES(42,2,'therapy','preset_therapy_lowresidue_2','저잔사식',1,1,1,0,0,'diet_preset_therapy_lowresidue_2','2026-03-29 03:11:20','2026-03-29 03:12:35',NULL,'therapy',0,'cancer');
INSERT INTO diet_categories VALUES(43,2,'therapy','preset_therapy_lowiodine_2','저요오드식',1,1,2,0,0,'diet_preset_therapy_lowiodine_2','2026-03-29 03:11:21','2026-03-29 03:12:35',NULL,'therapy',0,'cancer');
INSERT INTO diet_categories VALUES(44,2,'therapy','preset_therapy_other_2','기타 치료식',1,1,3,0,0,'diet_preset_therapy_other_2','2026-03-29 03:11:31','2026-03-29 03:12:35',NULL,'therapy',0,'cancer');
INSERT INTO diet_categories VALUES(45,2,'noncovered','preset_nc_guardian_2','보호자식',1,1,0,0,0,'diet_preset_nc_guardian_2','2026-03-29 03:11:47','2026-03-29 03:12:35',NULL,'noncovered_item',0,NULL);
INSERT INTO diet_categories VALUES(46,2,'noncovered','preset_nc_rice_extra_2','공기밥추가',1,1,1,0,0,'diet_preset_nc_rice_extra_2','2026-03-29 03:11:53','2026-03-29 03:12:35',NULL,'noncovered_item',0,NULL);
INSERT INTO diet_categories VALUES(47,2,'staff','preset_staff_general_2','직원 일반식',1,1,2,0,0,'diet_preset_staff_general_2','2026-03-29 03:12:07','2026-03-29 03:12:35',NULL,'staff_item',0,NULL);
INSERT INTO diet_categories VALUES(48,3,'staff','preset_staff_general_3','직원 일반식',1,1,2,0,0,'diet_preset_staff_general_3','2026-04-03 06:28:27','2026-04-03 06:28:27',NULL,'staff_item',0,NULL);
CREATE TABLE diet_category_presets (
  id          INTEGER PRIMARY KEY AUTOINCREMENT,
  parent_type TEXT NOT NULL,
  preset_key  TEXT NOT NULL UNIQUE,
  preset_name TEXT NOT NULL,
  sort_order  INTEGER DEFAULT 0
, linked_patient_group TEXT DEFAULT NULL);
INSERT INTO diet_category_presets VALUES(1,'patient','preset_patient_cancer','항암식',1,NULL);
INSERT INTO diet_category_presets VALUES(2,'patient','preset_patient_nursing','요양식',2,NULL);
INSERT INTO diet_category_presets VALUES(3,'patient','preset_patient_rehab','재활식',3,NULL);
INSERT INTO diet_category_presets VALUES(4,'patient','preset_patient_general','일반식',4,NULL);
INSERT INTO diet_category_presets VALUES(5,'therapy','preset_therapy_gastrectomy','위절제식',1,NULL);
INSERT INTO diet_category_presets VALUES(6,'therapy','preset_therapy_lowresidue','저잔사식',2,NULL);
INSERT INTO diet_category_presets VALUES(7,'therapy','preset_therapy_lowiodine','저요오드식',3,NULL);
INSERT INTO diet_category_presets VALUES(8,'therapy','preset_therapy_lowsalt','저염식',4,NULL);
INSERT INTO diet_category_presets VALUES(9,'therapy','preset_therapy_tube','경관식',5,NULL);
INSERT INTO diet_category_presets VALUES(10,'therapy','preset_therapy_diabetes','당뇨식',6,NULL);
INSERT INTO diet_category_presets VALUES(11,'therapy','preset_therapy_renal','신장식',7,NULL);
INSERT INTO diet_category_presets VALUES(12,'therapy','preset_therapy_lowpotassium','저칼륨식',8,NULL);
INSERT INTO diet_category_presets VALUES(13,'therapy','preset_therapy_lowfat','저지방식',9,NULL);
INSERT INTO diet_category_presets VALUES(14,'therapy','preset_therapy_highprotein','고단백식',10,NULL);
INSERT INTO diet_category_presets VALUES(15,'therapy','preset_therapy_fatfree','무지방식',11,NULL);
INSERT INTO diet_category_presets VALUES(16,'therapy','preset_therapy_dysphagia','연하곤란식',12,NULL);
INSERT INTO diet_category_presets VALUES(17,'therapy','preset_therapy_liquid','유동식',13,NULL);
INSERT INTO diet_category_presets VALUES(18,'therapy','preset_therapy_exam','검사식',14,NULL);
INSERT INTO diet_category_presets VALUES(19,'noncovered','preset_nc_guardian','보호자식',1,NULL);
INSERT INTO diet_category_presets VALUES(20,'noncovered','preset_nc_outpatient','외래환자식',2,NULL);
INSERT INTO diet_category_presets VALUES(21,'noncovered','preset_nc_special','특식',3,NULL);
INSERT INTO diet_category_presets VALUES(22,'noncovered','preset_nc_vip','VIP식',4,NULL);
INSERT INTO diet_category_presets VALUES(23,'noncovered','preset_nc_premium','프리미엄식',5,NULL);
INSERT INTO diet_category_presets VALUES(24,'noncovered','preset_nc_tonic','보양식',6,NULL);
INSERT INTO diet_category_presets VALUES(25,'noncovered','preset_nc_snack','간식',7,NULL);
INSERT INTO diet_category_presets VALUES(27,'staff','preset_staff_special','직원 특식',2,NULL);
INSERT INTO diet_category_presets VALUES(28,'staff','preset_staff_night','직원 야식',3,NULL);
INSERT INTO diet_category_presets VALUES(32,'noncovered','preset_nc_rice_extra','공기밥추가',4,NULL);
INSERT INTO diet_category_presets VALUES(34,'noncovered','preset_nc_other','기타',6,NULL);
INSERT INTO diet_category_presets VALUES(35,'staff','preset_staff_general','직원 일반식',1,NULL);
INSERT INTO diet_category_presets VALUES(38,'therapy','preset_therapy_endoscopy','내시경식',8,NULL);
INSERT INTO diet_category_presets VALUES(39,'therapy','preset_therapy_other','기타 치료식',99,NULL);
INSERT INTO diet_category_presets VALUES(40,'noncovered','preset_nc_cancer_guardian','항암 보호자식',8,NULL);
INSERT INTO diet_category_presets VALUES(41,'noncovered','preset_nc_rehab_guardian','재활 보호자식',9,NULL);
INSERT INTO diet_category_presets VALUES(42,'noncovered','preset_nc_nursing_guardian','요양 보호자식',10,NULL);
INSERT INTO diet_category_presets VALUES(43,'noncovered','preset_nc_caregiver','간병사',11,NULL);
CREATE TABLE hospital_meal_price_settings (
  id            INTEGER PRIMARY KEY AUTOINCREMENT,
  hospital_id   INTEGER NOT NULL,
  
  noncovered_include_ids TEXT DEFAULT '[]',
  
  base_include_keys      TEXT DEFAULT '["staff","guardian"]',
  updated_at DATETIME DEFAULT CURRENT_TIMESTAMP,
  UNIQUE(hospital_id),
  FOREIGN KEY (hospital_id) REFERENCES hospitals(id)
);
CREATE TABLE invoice_supplier_classifications (
  id INTEGER PRIMARY KEY AUTOINCREMENT,
  hospital_id INTEGER NOT NULL,
  vendor_name TEXT NOT NULL,
  category_name TEXT NOT NULL,
  mapped_category_id INTEGER,
  sort_order INTEGER DEFAULT 0,
  created_at DATETIME DEFAULT CURRENT_TIMESTAMP,
  UNIQUE(hospital_id, vendor_name, category_name),
  FOREIGN KEY (hospital_id) REFERENCES hospitals(id)
);
CREATE TABLE hospital_invoice_vendors (
  id                  INTEGER PRIMARY KEY AUTOINCREMENT,
  hospital_id         INTEGER NOT NULL,
  vendor_name         TEXT NOT NULL,
  vendor_name_norm    TEXT NOT NULL DEFAULT '',
  description         TEXT DEFAULT '',
  skip_rows           INTEGER DEFAULT 4,
  col_code            INTEGER DEFAULT 0,
  col_name            INTEGER DEFAULT 1,
  col_spec            INTEGER DEFAULT 2,
  col_unit            INTEGER DEFAULT 3,
  col_qty             INTEGER DEFAULT 4,
  col_price           INTEGER DEFAULT 5,
  col_amount          INTEGER DEFAULT 6,
  col_vat             INTEGER DEFAULT 7,
  col_total           INTEGER DEFAULT 8,
  cat_mode            TEXT DEFAULT 'subtotal',
  col_category        INTEGER DEFAULT NULL,
  test_status         TEXT DEFAULT 'untested',
  test_sample_rows    TEXT DEFAULT NULL,
  test_verified_at    DATETIME DEFAULT NULL,
  last_upload_at      DATETIME DEFAULT NULL,
  last_upload_year    INTEGER DEFAULT NULL,
  last_upload_month   INTEGER DEFAULT NULL,
  upload_count        INTEGER DEFAULT 0,
  is_active           INTEGER DEFAULT 1,
  sort_order          INTEGER DEFAULT 0,
  created_at          DATETIME DEFAULT CURRENT_TIMESTAMP,
  updated_at          DATETIME DEFAULT CURRENT_TIMESTAMP, vendor_id INTEGER REFERENCES vendors(id), upload_mode TEXT DEFAULT 'monthly', period_type TEXT DEFAULT 'auto',
  UNIQUE(hospital_id, vendor_name_norm),
  FOREIGN KEY (hospital_id) REFERENCES hospitals(id)
);
INSERT INTO hospital_invoice_vendors VALUES(2,1,'아워홈','아워홈','',6,0,1,2,3,4,5,6,7,8,'subtotal',NULL,'untested',NULL,NULL,NULL,NULL,NULL,0,1,0,'2026-03-23 11:58:34','2026-03-23 11:58:34',2,'monthly','auto');
INSERT INTO hospital_invoice_vendors VALUES(3,1,'CJ프레시웨이','CJ프레시웨이','',5,0,1,2,2,3,4,5,6,8,'none',NULL,'untested',NULL,NULL,NULL,NULL,NULL,0,1,0,'2026-03-23 11:58:34','2026-03-23 11:58:34',NULL,'monthly','auto');
INSERT INTO hospital_invoice_vendors VALUES(4,1,'현대그린푸드','현대그린푸드','',5,0,1,2,3,4,5,6,7,8,'subtotal',NULL,'untested',NULL,NULL,NULL,NULL,NULL,0,1,0,'2026-03-23 11:58:34','2026-03-23 11:58:34',NULL,'monthly','auto');
INSERT INTO hospital_invoice_vendors VALUES(6,2,'삼성웰스토리','삼성웰스토리','삼성웰스토리 거래명세서 기본 포맷',4,0,1,2,3,4,5,6,7,8,'subtotal',NULL,'untested',NULL,NULL,NULL,NULL,NULL,0,1,0,'2026-03-23 11:58:34','2026-03-23 11:58:34',11,'monthly','auto');
INSERT INTO hospital_invoice_vendors VALUES(7,3,'삼성웰스토리','삼성웰스토리','삼성웰스토리 거래명세서 기본 포맷',4,0,1,2,3,4,5,6,7,8,'subtotal',NULL,'untested',NULL,NULL,NULL,NULL,NULL,0,1,0,'2026-03-23 11:58:34','2026-03-23 11:58:34',20,'monthly','auto');
INSERT INTO hospital_invoice_vendors VALUES(8,4,'삼성웰스토리','삼성웰스토리','삼성웰스토리 거래명세서 기본 포맷',4,0,1,2,3,4,5,6,7,8,'subtotal',NULL,'untested',NULL,NULL,NULL,NULL,NULL,0,1,0,'2026-03-23 11:58:34','2026-03-23 11:58:34',NULL,'monthly','auto');
INSERT INTO hospital_invoice_vendors VALUES(9,5,'삼성웰스토리','삼성웰스토리','삼성웰스토리 거래명세서 기본 포맷',4,0,1,2,3,4,5,6,7,8,'subtotal',NULL,'untested',NULL,NULL,NULL,NULL,NULL,0,1,0,'2026-03-23 11:58:34','2026-03-23 11:58:34',37,'monthly','auto');
INSERT INTO hospital_invoice_vendors VALUES(10,6,'삼성웰스토리','삼성웰스토리','삼성웰스토리 거래명세서 기본 포맷',4,0,1,2,3,4,5,6,7,8,'subtotal',NULL,'untested',NULL,NULL,NULL,NULL,NULL,0,1,0,'2026-03-23 11:58:34','2026-03-23 11:58:34',NULL,'monthly','auto');
INSERT INTO hospital_invoice_vendors VALUES(11,7,'삼성웰스토리','삼성웰스토리','삼성웰스토리 거래명세서 기본 포맷',4,0,1,2,3,4,5,6,7,8,'subtotal',NULL,'untested',NULL,NULL,NULL,NULL,NULL,0,1,0,'2026-03-23 11:58:34','2026-03-23 11:58:34',NULL,'monthly','auto');
INSERT INTO hospital_invoice_vendors VALUES(13,1,'삼성 웰스토리','삼성웰스토리','',4,0,1,2,3,4,5,6,7,8,'subtotal',NULL,'untested',NULL,NULL,'2026-03-26 06:47:47',2026,3,1,1,0,'2026-03-26 06:44:15','2026-03-26 06:47:47',11,'monthly','auto');
INSERT INTO hospital_invoice_vendors VALUES(14,3,'삼성웰스토리(소모품)','삼성웰스토리(소모품)','',4,0,1,2,3,4,5,6,7,8,'subtotal',NULL,'untested',NULL,NULL,NULL,NULL,NULL,0,1,0,'2026-04-03 07:19:16','2026-04-03 07:19:16',NULL,'monthly','auto');
CREATE TABLE order_multiday_settings (
  id INTEGER PRIMARY KEY AUTOINCREMENT,
  hospital_id INTEGER NOT NULL,
  order_date TEXT NOT NULL,          
  day_count INTEGER NOT NULL DEFAULT 1, 
  multi_day_end TEXT,                
  updated_at DATETIME DEFAULT CURRENT_TIMESTAMP,
  UNIQUE(hospital_id, order_date),
  FOREIGN KEY (hospital_id) REFERENCES hospitals(id)
);
INSERT INTO order_multiday_settings VALUES(75,2,'2026-03-07',2,'2026-03-08','2026-03-29 13:29:15');
INSERT INTO order_multiday_settings VALUES(76,2,'2026-03-21',2,'2026-03-22','2026-03-29 13:31:43');
INSERT INTO order_multiday_settings VALUES(77,2,'2026-03-28',2,'2026-03-29','2026-03-29 13:32:56');
INSERT INTO order_multiday_settings VALUES(78,1,'2026-03-21',2,'2026-03-22','2026-03-30 05:26:54');
INSERT INTO order_multiday_settings VALUES(79,1,'2026-03-28',2,'2026-03-29','2026-03-30 05:40:42');
INSERT INTO order_multiday_settings VALUES(80,1,'2026-03-07',2,'2026-03-08','2026-03-30 06:31:13');
INSERT INTO order_multiday_settings VALUES(81,1,'2026-03-14',2,'2026-03-15','2026-03-30 06:31:22');
CREATE TABLE employee_positions (
  id INTEGER PRIMARY KEY AUTOINCREMENT,
  hospital_id INTEGER,                          
  team TEXT NOT NULL DEFAULT 'cook',            
  name TEXT NOT NULL,                           
  sort_order INTEGER NOT NULL DEFAULT 0,        
  is_default INTEGER NOT NULL DEFAULT 0,        
  is_active INTEGER NOT NULL DEFAULT 1,
  created_at DATETIME DEFAULT CURRENT_TIMESTAMP
);
INSERT INTO employee_positions VALUES(1,NULL,'cook','조리장',10,1,1,'2026-04-02 04:49:25');
INSERT INTO employee_positions VALUES(2,NULL,'cook','부조리장',20,1,1,'2026-04-02 04:49:25');
INSERT INTO employee_positions VALUES(4,NULL,'cook','조리사',40,1,1,'2026-04-02 04:49:25');
INSERT INTO employee_positions VALUES(5,NULL,'cook','조리원',50,1,1,'2026-04-02 04:49:25');
INSERT INTO employee_positions VALUES(6,NULL,'cook','매니저',60,1,1,'2026-04-02 04:49:25');
INSERT INTO employee_positions VALUES(7,NULL,'cook','파트타이머',70,1,1,'2026-04-02 04:49:25');
INSERT INTO employee_positions VALUES(8,NULL,'nutrition','영양팀장',10,1,1,'2026-04-02 04:49:25');
INSERT INTO employee_positions VALUES(9,NULL,'nutrition','영양사',20,1,1,'2026-04-02 04:49:25');
INSERT INTO employee_positions VALUES(10,NULL,'cook','셰프',5,1,1,'2026-04-02 04:49:25');
CREATE TABLE schedule_shifts (
  id INTEGER PRIMARY KEY AUTOINCREMENT,
  hospital_id INTEGER NOT NULL,
  shift_code TEXT NOT NULL,              
  shift_name TEXT NOT NULL,              
  start_time TEXT NOT NULL DEFAULT '09:00',  
  end_time TEXT NOT NULL DEFAULT '18:00',    
  color TEXT NOT NULL DEFAULT '#3B82F6',     
  team TEXT DEFAULT NULL,                
  is_active INTEGER NOT NULL DEFAULT 1,
  sort_order INTEGER NOT NULL DEFAULT 0,
  created_at DATETIME DEFAULT CURRENT_TIMESTAMP,
  UNIQUE(hospital_id, shift_code),
  FOREIGN KEY (hospital_id) REFERENCES hospitals(id)
);
INSERT INTO schedule_shifts VALUES(1,1,'A','오전','06:00','15:00','#f97316',NULL,1,10,'2026-04-03 07:50:51');
INSERT INTO schedule_shifts VALUES(2,1,'B','오후','10:00','19:00','#ec4899',NULL,1,20,'2026-04-03 07:51:26');
INSERT INTO schedule_shifts VALUES(3,1,'F','종일','06:00','19:00','#3b82f6',NULL,1,30,'2026-04-03 07:51:52');
CREATE TABLE employee_leaves (
  id INTEGER PRIMARY KEY AUTOINCREMENT,
  hospital_id INTEGER NOT NULL,
  employee_id INTEGER NOT NULL,
  year INTEGER NOT NULL,                 
  leave_type TEXT NOT NULL DEFAULT 'annual',  
  total_days REAL NOT NULL DEFAULT 0,    
  used_days REAL NOT NULL DEFAULT 0,     
  note TEXT DEFAULT '',
  created_at DATETIME DEFAULT CURRENT_TIMESTAMP,
  updated_at DATETIME DEFAULT CURRENT_TIMESTAMP, carried_over_days REAL NOT NULL DEFAULT 0, allowance_paid INTEGER NOT NULL DEFAULT 0, allowance_paid_at TEXT, initial_used_days REAL NOT NULL DEFAULT 0, is_initial_setup INTEGER NOT NULL DEFAULT 0,
  UNIQUE(hospital_id, employee_id, year, leave_type),
  FOREIGN KEY (hospital_id) REFERENCES hospitals(id),
  FOREIGN KEY (employee_id) REFERENCES employees(id)
);
INSERT INTO employee_leaves VALUES(1,1,4,2026,'annual',0.0,4.0,'','2026-03-31 08:59:57','2026-04-06 04:48:42',0.0,0,NULL,0.0,0);
INSERT INTO employee_leaves VALUES(3,1,5,2026,'annual',0.0,0.0,'','2026-04-03 08:57:13','2026-04-06 04:57:27',0.0,0,NULL,0.0,0);
INSERT INTO employee_leaves VALUES(4,1,7,2026,'annual',15.0,1.0,'자동부여','2026-04-05 15:14:37','2026-04-07 05:01:54',0.0,0,NULL,0.0,0);
INSERT INTO employee_leaves VALUES(7,1,4,2025,'monthly',4.0,0.0,'2025년 월차 자동발생','2026-04-06 08:29:04','2026-04-06 08:29:04',0.0,0,NULL,0.0,0);
INSERT INTO employee_leaves VALUES(11,1,4,2026,'monthly',4.0,0.0,'2026년 월차 자동발생','2026-04-06 08:29:04','2026-04-06 08:29:04',0.0,0,NULL,0.0,0);
INSERT INTO employee_leaves VALUES(15,1,5,2025,'monthly',2.0,0.0,'2025년 월차 자동발생','2026-04-06 08:29:04','2026-04-06 08:29:05',0.0,0,NULL,0.0,0);
INSERT INTO employee_leaves VALUES(17,1,5,2026,'monthly',4.0,0.0,'2026년 월차 자동발생','2026-04-06 08:29:05','2026-04-06 08:29:05',0.0,0,NULL,0.0,0);
INSERT INTO employee_leaves VALUES(21,1,6,2025,'monthly',1.0,0.0,'2025년 월차 자동발생','2026-04-06 08:29:05','2026-04-06 08:29:05',0.0,0,NULL,0.0,0);
INSERT INTO employee_leaves VALUES(22,1,6,2026,'monthly',4.0,0.0,'2026년 월차 자동발생','2026-04-06 08:29:05','2026-04-06 08:29:05',0.0,0,NULL,0.0,0);
INSERT INTO employee_leaves VALUES(26,1,9,2025,'monthly',5.0,0.0,'2025년 월차 자동발생','2026-04-06 08:29:05','2026-04-06 08:29:05',0.0,0,NULL,0.0,0);
INSERT INTO employee_leaves VALUES(31,1,9,2026,'monthly',4.0,0.0,'2026년 월차 자동발생','2026-04-06 08:29:05','2026-04-06 08:29:05',0.0,0,NULL,0.0,0);
INSERT INTO employee_leaves VALUES(35,1,10,2026,'monthly',3.0,0.0,'2026년 월차 자동발생','2026-04-06 08:29:05','2026-04-06 08:29:05',0.0,0,NULL,0.0,0);
INSERT INTO employee_leaves VALUES(38,1,11,2026,'monthly',3.0,0.0,'2026년 월차 자동발생','2026-04-06 08:29:05','2026-04-06 08:29:05',0.0,0,NULL,0.0,0);
INSERT INTO employee_leaves VALUES(41,1,13,2026,'monthly',3.0,0.0,'2026년 월차 자동발생','2026-04-06 08:29:05','2026-04-06 08:29:05',0.0,0,NULL,0.0,0);
INSERT INTO employee_leaves VALUES(44,1,8,2026,'annual',15.0,0.0,'1년 만료 자동 연차 전환 (2026-04-06)','2026-04-06 08:29:05','2026-04-06 08:29:05',0.0,0,NULL,0.0,0);
INSERT INTO employee_leaves VALUES(45,1,12,2026,'annual',15.0,8.0,'1년 만료 자동 연차 전환 (2026-04-06)','2026-04-06 08:29:05','2026-04-07 05:11:17',0.0,0,NULL,0.0,0);
INSERT INTO employee_leaves VALUES(46,1,14,2026,'annual',15.0,0.0,'1년 만료 자동 연차 전환 (2026-04-06)','2026-04-06 08:29:05','2026-04-06 08:29:05',0.0,0,NULL,0.0,0);
INSERT INTO employee_leaves VALUES(47,1,12,2026,'monthly',0.0,0.0,'수동 설정','2026-04-07 04:59:41','2026-04-07 05:09:27',0.0,0,NULL,0.0,0);
CREATE TABLE schedule_min_staff (
  id INTEGER PRIMARY KEY AUTOINCREMENT,
  hospital_id INTEGER NOT NULL,
  position_id INTEGER,                   
  team TEXT DEFAULT NULL,                
  min_count INTEGER NOT NULL DEFAULT 1,  
  note TEXT DEFAULT '',
  created_at DATETIME DEFAULT CURRENT_TIMESTAMP,
  UNIQUE(hospital_id, position_id, team),
  FOREIGN KEY (hospital_id) REFERENCES hospitals(id)
);
CREATE TABLE substitute_off_days (
  id          INTEGER PRIMARY KEY AUTOINCREMENT,
  hospital_id INTEGER DEFAULT NULL,       
  off_date    TEXT    NOT NULL,           
  off_name    TEXT    NOT NULL DEFAULT '대체휴무',  
  off_reason  TEXT    DEFAULT '',         
  created_by  TEXT    DEFAULT '',         
  created_at  DATETIME DEFAULT CURRENT_TIMESTAMP,
  UNIQUE(hospital_id, off_date)
);
CREATE TABLE labor_cost_settings (
  id            INTEGER PRIMARY KEY AUTOINCREMENT,
  hospital_id   INTEGER NOT NULL,
  cost_type     TEXT    NOT NULL,
  unit_price    REAL    NOT NULL DEFAULT 0,
  description   TEXT    DEFAULT '',
  updated_at    DATETIME DEFAULT CURRENT_TIMESTAMP,
  UNIQUE(hospital_id, cost_type),
  FOREIGN KEY (hospital_id) REFERENCES hospitals(id)
);
INSERT INTO labor_cost_settings VALUES(1,1,'dispatch_morning',120000.0,'','2026-03-30 06:06:26');
INSERT INTO labor_cost_settings VALUES(2,1,'dispatch_afternoon',100000.0,'','2026-03-30 06:06:26');
INSERT INTO labor_cost_settings VALUES(3,1,'dispatch_9h',180000.0,'','2026-03-30 06:06:26');
INSERT INTO labor_cost_settings VALUES(4,1,'dispatch_12h',220000.0,'','2026-03-30 06:06:26');
INSERT INTO labor_cost_settings VALUES(5,1,'parttime_morning',80000.0,'','2026-03-30 06:06:26');
INSERT INTO labor_cost_settings VALUES(6,1,'parttime_afternoon',70000.0,'','2026-03-30 06:06:26');
INSERT INTO labor_cost_settings VALUES(7,1,'parttime_9h',120000.0,'','2026-03-30 06:06:26');
INSERT INTO labor_cost_settings VALUES(8,1,'parttime_12h',150000.0,'','2026-03-30 06:06:26');
INSERT INTO labor_cost_settings VALUES(9,1,'parttime_hourly',10000.0,'','2026-03-30 06:06:26');
CREATE TABLE employee_ot_settings (
  id              INTEGER PRIMARY KEY AUTOINCREMENT,
  hospital_id     INTEGER NOT NULL,
  employee_id     INTEGER NOT NULL,
  hourly_wage     REAL    DEFAULT 0,
  ot_rate         REAL    DEFAULT 1.5,
  night_rate      REAL    DEFAULT 0.5,
  note            TEXT    DEFAULT '',
  updated_at      DATETIME DEFAULT CURRENT_TIMESTAMP,
  UNIQUE(hospital_id, employee_id),
  FOREIGN KEY (hospital_id) REFERENCES hospitals(id),
  FOREIGN KEY (employee_id) REFERENCES employees(id)
);
CREATE TABLE hospital_work_settings (
  id INTEGER PRIMARY KEY AUTOINCREMENT,
  hospital_id INTEGER NOT NULL,
  setting_key TEXT NOT NULL,        
  setting_value TEXT NOT NULL,      
  description TEXT DEFAULT '',
  updated_at DATETIME DEFAULT CURRENT_TIMESTAMP,
  UNIQUE(hospital_id, setting_key),
  FOREIGN KEY (hospital_id) REFERENCES hospitals(id)
);
INSERT INTO hospital_work_settings VALUES(1,3,'off_grant_type','weekly5','','2026-04-03 08:23:38');
INSERT INTO hospital_work_settings VALUES(2,3,'off_cycle_work_days','2','','2026-04-03 08:23:28');
INSERT INTO hospital_work_settings VALUES(3,3,'off_cycle_rest_days','1','','2026-04-03 08:23:29');
INSERT INTO hospital_work_settings VALUES(4,3,'off_cycle_start_date','2026-04-01','','2026-04-03 08:23:29');
INSERT INTO hospital_work_settings VALUES(6,1,'daily_max_hours','8','','2026-04-07 04:43:12');
INSERT INTO hospital_work_settings VALUES(7,1,'weekly_max_hours','52','','2026-04-07 04:43:12');
INSERT INTO hospital_work_settings VALUES(8,1,'consecutive_max_days','6','','2026-04-07 04:43:12');
INSERT INTO hospital_work_settings VALUES(9,1,'leave_cluster_threshold','3','','2026-04-07 04:43:12');
INSERT INTO hospital_work_settings VALUES(10,1,'legal_warning_enabled','1','','2026-04-07 04:43:12');
INSERT INTO hospital_work_settings VALUES(11,1,'ot_cost_enabled','1','','2026-04-07 04:43:12');
INSERT INTO hospital_work_settings VALUES(12,1,'dispatch_enabled','1','','2026-04-07 04:43:12');
INSERT INTO hospital_work_settings VALUES(13,1,'off_grant_type','monthly_fixed','','2026-04-07 04:43:12');
INSERT INTO hospital_work_settings VALUES(14,1,'off_cycle_work_days','2','','2026-04-07 04:43:12');
INSERT INTO hospital_work_settings VALUES(15,1,'off_cycle_rest_days','1','','2026-04-07 04:43:12');
INSERT INTO hospital_work_settings VALUES(16,1,'off_cycle_start_date','','','2026-04-07 04:43:12');
INSERT INTO hospital_work_settings VALUES(17,1,'required_staff_count','8','','2026-04-07 04:43:12');
INSERT INTO hospital_work_settings VALUES(31,1,'monthly_fixed_off_days','10','','2026-04-07 04:43:12');
INSERT INTO hospital_work_settings VALUES(36,1,'monthly_min_off_days','0','','2026-04-07 04:43:12');
INSERT INTO hospital_work_settings VALUES(40,1,'cycle_holiday_policy','ignore','','2026-04-07 04:43:12');
INSERT INTO hospital_work_settings VALUES(41,1,'holiday_policy','off','','2026-04-07 04:43:12');
INSERT INTO hospital_work_settings VALUES(254,1,'monthly_leave_enabled','1','','2026-04-07 04:43:12');
INSERT INTO hospital_work_settings VALUES(255,1,'monthly_leave_attendance_rule','full','','2026-04-07 04:43:12');
INSERT INTO hospital_work_settings VALUES(256,1,'monthly_leave_attendance_ratio','80','','2026-04-07 04:43:12');
INSERT INTO hospital_work_settings VALUES(257,1,'monthly_leave_max_days','11','','2026-04-07 04:43:12');
INSERT INTO hospital_work_settings VALUES(258,1,'monthly_leave_auto_transition','1','','2026-04-07 04:43:12');
INSERT INTO hospital_work_settings VALUES(327,1,'required_staff_count_weekend','7','','2026-04-07 04:43:12');
INSERT INTO hospital_work_settings VALUES(366,1,'show_base_salary','0','','2026-04-07 04:43:12');
CREATE TABLE employee_leave_history (
  id INTEGER PRIMARY KEY AUTOINCREMENT,
  hospital_id INTEGER NOT NULL,
  employee_id INTEGER NOT NULL,
  year INTEGER NOT NULL,
  month INTEGER NOT NULL,
  leave_date TEXT NOT NULL,         
  leave_subtype TEXT NOT NULL,      
  note TEXT DEFAULT '',
  created_at DATETIME DEFAULT CURRENT_TIMESTAMP,
  FOREIGN KEY (hospital_id) REFERENCES hospitals(id),
  FOREIGN KEY (employee_id) REFERENCES employees(id)
);
CREATE TABLE dispatch_schedules (
  id           INTEGER PRIMARY KEY AUTOINCREMENT,
  hospital_id  INTEGER NOT NULL,
  work_date    TEXT    NOT NULL,   
  disp_type    TEXT    NOT NULL,   
  count        INTEGER DEFAULT 1, 
  hours        REAL    DEFAULT 0, 
  unit_price   REAL    DEFAULT 0, 
  memo         TEXT    DEFAULT '',
  created_at   DATETIME DEFAULT CURRENT_TIMESTAMP,
  updated_at   DATETIME DEFAULT CURRENT_TIMESTAMP,
  FOREIGN KEY (hospital_id) REFERENCES hospitals(id)
);
CREATE TABLE monthly_work_summary (
  id                   INTEGER PRIMARY KEY AUTOINCREMENT,
  hospital_id          INTEGER NOT NULL,
  employee_id          INTEGER NOT NULL,
  year                 INTEGER NOT NULL,
  month                INTEGER NOT NULL,
  work_days            INTEGER DEFAULT 0,   
  basic_hours          REAL    DEFAULT 0,   
  ot_hours             REAL    DEFAULT 0,   
  night_hours          REAL    DEFAULT 0,   
  holiday_hours        REAL    DEFAULT 0,   
  weekly_holiday_days  INTEGER DEFAULT 0,   
  annual_leave_used    REAL    DEFAULT 0,   
  ot_cost              REAL    DEFAULT 0,   
  night_cost           REAL    DEFAULT 0,   
  holiday_cost         REAL    DEFAULT 0,   
  weekly_holiday_cost  REAL    DEFAULT 0,   
  updated_at           DATETIME DEFAULT CURRENT_TIMESTAMP,
  UNIQUE(hospital_id, employee_id, year, month),
  FOREIGN KEY (hospital_id) REFERENCES hospitals(id),
  FOREIGN KEY (employee_id) REFERENCES employees(id)
);
CREATE TABLE external_workers (
  id           INTEGER PRIMARY KEY AUTOINCREMENT,
  hospital_id  INTEGER NOT NULL,
  name         TEXT    NOT NULL,           
  worker_type  TEXT    NOT NULL DEFAULT 'dispatch',  
  memo         TEXT    DEFAULT '',
  is_active    INTEGER DEFAULT 1,          
  created_at   DATETIME DEFAULT CURRENT_TIMESTAMP,
  updated_at   DATETIME DEFAULT CURRENT_TIMESTAMP,
  FOREIGN KEY (hospital_id) REFERENCES hospitals(id)
);
INSERT INTO external_workers VALUES(1,1,'김파출','dispatch','테스트',0,'2026-03-30 05:35:25','2026-03-30 06:36:44');
INSERT INTO external_workers VALUES(2,1,'이알바','parttime','주말알바',0,'2026-03-30 05:35:36','2026-03-30 06:29:24');
INSERT INTO external_workers VALUES(3,1,'권성구','parttime','',1,'2026-04-03 08:12:15','2026-04-03 08:12:15');
INSERT INTO external_workers VALUES(4,1,'정태일','parttime','',1,'2026-04-03 08:12:40','2026-04-03 08:12:40');
INSERT INTO external_workers VALUES(5,1,'민해숙','parttime','',1,'2026-04-03 08:12:52','2026-04-03 08:12:52');
INSERT INTO external_workers VALUES(6,1,'김정수','parttime','',1,'2026-04-03 08:13:03','2026-04-03 08:13:03');
INSERT INTO external_workers VALUES(7,1,'서중원','parttime','',1,'2026-04-03 08:13:10','2026-04-03 08:13:10');
INSERT INTO external_workers VALUES(8,1,'효숙','parttime','',1,'2026-04-03 08:13:30','2026-04-03 08:13:30');
INSERT INTO external_workers VALUES(9,1,'윤석호','parttime','',1,'2026-04-03 08:16:57','2026-04-03 08:16:57');
INSERT INTO external_workers VALUES(10,1,'김파출','dispatch','파출업체1',1,'2026-04-06 09:06:13','2026-04-06 09:06:13');
CREATE TABLE external_schedules (
  id              INTEGER PRIMARY KEY AUTOINCREMENT,
  hospital_id     INTEGER NOT NULL,
  worker_id       INTEGER NOT NULL,        
  work_date       TEXT    NOT NULL,        
  shift_type      TEXT    NOT NULL,        
  unit_price      REAL    DEFAULT 0,       
  note            TEXT    DEFAULT '',
  created_at      DATETIME DEFAULT CURRENT_TIMESTAMP,
  updated_at      DATETIME DEFAULT CURRENT_TIMESTAMP,
  UNIQUE(hospital_id, worker_id, work_date),
  FOREIGN KEY (hospital_id) REFERENCES hospitals(id),
  FOREIGN KEY (worker_id)   REFERENCES external_workers(id)
);
INSERT INTO external_schedules VALUES(9,1,3,'2026-03-02','full_12h',0.0,'','2026-04-03 08:14:01','2026-04-03 08:14:02');
INSERT INTO external_schedules VALUES(13,1,3,'2026-03-03','full_12h',0.0,'','2026-04-03 08:14:03','2026-04-03 08:14:05');
INSERT INTO external_schedules VALUES(17,1,3,'2026-03-04','full_12h',0.0,'','2026-04-03 08:14:05','2026-04-03 08:14:06');
INSERT INTO external_schedules VALUES(21,1,3,'2026-03-05','full_12h',0.0,'','2026-04-03 08:14:07','2026-04-03 08:14:09');
INSERT INTO external_schedules VALUES(25,1,3,'2026-03-07','full_12h',0.0,'','2026-04-03 08:15:26','2026-04-03 08:15:28');
INSERT INTO external_schedules VALUES(29,1,3,'2026-03-08','full_12h',0.0,'','2026-04-03 08:15:29','2026-04-03 08:15:30');
INSERT INTO external_schedules VALUES(33,1,3,'2026-03-10','full_12h',0.0,'','2026-04-03 08:15:43','2026-04-03 08:15:44');
INSERT INTO external_schedules VALUES(37,1,3,'2026-03-11','full_12h',0.0,'','2026-04-03 08:15:45','2026-04-03 08:15:46');
INSERT INTO external_schedules VALUES(41,1,3,'2026-03-12','full_12h',0.0,'','2026-04-03 08:15:46','2026-04-03 08:15:47');
INSERT INTO external_schedules VALUES(45,1,3,'2026-03-14','full_12h',0.0,'','2026-04-03 08:15:50','2026-04-03 08:15:51');
INSERT INTO external_schedules VALUES(49,1,3,'2026-03-16','full_12h',0.0,'','2026-04-03 08:15:54','2026-04-03 08:15:55');
INSERT INTO external_schedules VALUES(57,1,3,'2026-03-17','full_12h',0.0,'','2026-04-03 08:15:57','2026-04-03 08:15:58');
INSERT INTO external_schedules VALUES(61,1,6,'2026-03-19','full_12h',0.0,'','2026-04-03 08:16:08','2026-04-03 08:16:09');
INSERT INTO external_schedules VALUES(65,1,6,'2026-03-13','full_12h',0.0,'','2026-04-03 08:16:17','2026-04-03 08:16:19');
INSERT INTO external_schedules VALUES(73,1,6,'2026-03-14','morning',0.0,'','2026-04-03 08:16:23','2026-04-03 08:16:23');
INSERT INTO external_schedules VALUES(74,1,6,'2026-03-15','afternoon',0.0,'','2026-04-03 08:16:26','2026-04-03 08:16:26');
INSERT INTO external_schedules VALUES(76,1,4,'2026-03-18','full_12h',0.0,'','2026-04-03 08:16:36','2026-04-03 08:16:38');
INSERT INTO external_schedules VALUES(80,1,4,'2026-03-19','full_12h',0.0,'','2026-04-03 08:16:38','2026-04-03 08:16:40');
INSERT INTO external_schedules VALUES(84,1,3,'2026-03-22','full_12h',0.0,'','2026-04-03 08:16:46','2026-04-03 08:16:47');
INSERT INTO external_schedules VALUES(92,1,8,'2026-03-22','afternoon',0.0,'','2026-04-03 08:17:08','2026-04-03 08:17:10');
INSERT INTO external_schedules VALUES(98,1,8,'2026-03-23','afternoon',0.0,'','2026-04-03 08:17:12','2026-04-03 08:17:13');
INSERT INTO external_schedules VALUES(108,1,5,'2026-03-23','full_12h',0.0,'','2026-04-03 08:17:26','2026-04-03 08:17:30');
INSERT INTO external_schedules VALUES(112,1,5,'2026-03-24','full_12h',0.0,'','2026-04-03 08:17:31','2026-04-03 08:17:32');
INSERT INTO external_schedules VALUES(120,1,6,'2026-03-25','afternoon',0.0,'','2026-04-03 08:17:38','2026-04-03 08:17:39');
INSERT INTO external_schedules VALUES(122,1,7,'2026-03-26','afternoon',0.0,'','2026-04-03 08:17:47','2026-04-03 08:17:47');
INSERT INTO external_schedules VALUES(128,1,7,'2026-03-27','morning',0.0,'','2026-04-03 08:17:52','2026-04-03 08:17:52');
INSERT INTO external_schedules VALUES(129,1,5,'2026-03-27','full_12h',0.0,'','2026-04-03 08:17:55','2026-04-03 08:17:57');
INSERT INTO external_schedules VALUES(133,1,8,'2026-03-27','full_12h',0.0,'','2026-04-03 08:18:01','2026-04-03 08:18:02');
INSERT INTO external_schedules VALUES(137,1,4,'2026-03-27','full_12h',0.0,'','2026-04-03 08:18:12','2026-04-03 08:18:13');
INSERT INTO external_schedules VALUES(141,1,6,'2026-03-27','afternoon',0.0,'','2026-04-03 08:18:20','2026-04-03 08:18:21');
INSERT INTO external_schedules VALUES(143,1,6,'2026-03-28','afternoon',0.0,'','2026-04-03 08:18:22','2026-04-03 08:18:23');
INSERT INTO external_schedules VALUES(145,1,6,'2026-03-01','afternoon',0.0,'','2026-04-04 03:31:32','2026-04-04 03:31:33');
INSERT INTO external_schedules VALUES(146,1,6,'2026-03-02','afternoon',0.0,'','2026-04-04 03:31:32','2026-04-04 03:31:34');
INSERT INTO external_schedules VALUES(149,1,3,'2026-03-01','afternoon',0.0,'','2026-04-04 03:31:38','2026-04-04 03:31:38');
INSERT INTO external_schedules VALUES(155,1,5,'2026-03-01','afternoon',0.0,'','2026-04-04 03:33:25','2026-04-04 03:33:26');
INSERT INTO external_schedules VALUES(157,1,5,'2026-03-02','full_12h',0.0,'','2026-04-04 03:34:29','2026-04-04 03:34:31');
INSERT INTO external_schedules VALUES(165,1,7,'2026-03-03','morning',0.0,'','2026-04-04 03:43:11','2026-04-04 03:43:11');
INSERT INTO external_schedules VALUES(170,1,7,'2026-03-02','morning',0.0,'','2026-04-04 03:43:15','2026-04-04 03:43:15');
INSERT INTO external_schedules VALUES(171,1,9,'2026-03-01','morning',0.0,'','2026-04-04 03:43:18','2026-04-04 03:43:18');
INSERT INTO external_schedules VALUES(173,1,5,'2026-03-03','afternoon',0.0,'','2026-04-04 03:43:24','2026-04-04 03:43:24');
INSERT INTO external_schedules VALUES(174,1,7,'2026-03-01','morning',0.0,'','2026-04-04 03:43:26','2026-04-04 03:43:26');
INSERT INTO external_schedules VALUES(175,1,9,'2026-03-02','full_12h',0.0,'','2026-04-04 03:43:42','2026-04-04 03:43:46');
INSERT INTO external_schedules VALUES(178,1,5,'2026-03-04','afternoon',0.0,'','2026-04-04 03:43:53','2026-04-04 03:44:53');
INSERT INTO external_schedules VALUES(179,1,6,'2026-03-03','afternoon',0.0,'','2026-04-04 03:43:54','2026-04-04 03:44:52');
INSERT INTO external_schedules VALUES(182,1,6,'2026-03-04','afternoon',0.0,'','2026-04-04 03:44:52','2026-04-04 03:44:52');
INSERT INTO external_schedules VALUES(183,1,6,'2026-03-05','afternoon',0.0,'','2026-04-04 03:44:52','2026-04-04 03:44:52');
INSERT INTO external_schedules VALUES(184,1,6,'2026-03-06','afternoon',0.0,'','2026-04-04 03:44:52','2026-04-04 03:44:52');
INSERT INTO external_schedules VALUES(186,1,4,'2026-03-01','full_9h',0.0,'','2026-04-04 03:47:01','2026-04-04 03:47:02');
INSERT INTO external_schedules VALUES(188,1,4,'2026-03-02','morning',0.0,'','2026-04-04 03:47:04','2026-04-04 03:47:04');
INSERT INTO external_schedules VALUES(189,1,4,'2026-03-03','morning',0.0,'','2026-04-04 03:47:09','2026-04-04 03:47:10');
INSERT INTO external_schedules VALUES(191,1,4,'2026-03-04','morning',0.0,'','2026-04-04 03:47:10','2026-04-04 03:47:10');
INSERT INTO external_schedules VALUES(192,1,4,'2026-03-05','morning',0.0,'','2026-04-04 03:47:10','2026-04-04 03:47:10');
INSERT INTO external_schedules VALUES(193,1,4,'2026-03-06','morning',0.0,'','2026-04-04 03:47:10','2026-04-04 03:47:10');
INSERT INTO external_schedules VALUES(194,1,4,'2026-03-07','morning',0.0,'','2026-04-04 03:47:11','2026-04-04 03:47:11');
INSERT INTO external_schedules VALUES(195,1,4,'2026-03-08','morning',0.0,'','2026-04-04 03:47:12','2026-04-04 03:47:12');
INSERT INTO external_schedules VALUES(196,1,8,'2026-03-08','morning',0.0,'','2026-04-04 03:47:17','2026-04-04 03:47:18');
INSERT INTO external_schedules VALUES(198,1,8,'2026-03-09','morning',0.0,'','2026-04-04 03:47:19','2026-04-04 03:47:19');
INSERT INTO external_schedules VALUES(199,1,8,'2026-03-10','morning',0.0,'','2026-04-04 03:47:19','2026-04-04 03:47:19');
INSERT INTO external_schedules VALUES(203,1,8,'2026-03-11','full_9h',0.0,'','2026-04-04 03:47:23','2026-04-04 03:47:36');
INSERT INTO external_schedules VALUES(205,1,8,'2026-03-12','full_9h',0.0,'','2026-04-04 03:47:36','2026-04-04 03:47:36');
INSERT INTO external_schedules VALUES(206,1,8,'2026-03-13','full_12h',0.0,'','2026-04-04 03:47:36','2026-04-04 03:47:37');
INSERT INTO external_schedules VALUES(217,1,9,'2026-03-03','morning',0.0,'','2026-04-04 04:18:52','2026-04-04 04:19:10');
INSERT INTO external_schedules VALUES(219,1,9,'2026-03-04','morning',0.0,'','2026-04-04 04:19:10','2026-04-04 04:19:10');
INSERT INTO external_schedules VALUES(220,1,9,'2026-03-05','morning',0.0,'','2026-04-04 04:19:10','2026-04-04 04:19:10');
INSERT INTO external_schedules VALUES(221,1,9,'2026-03-06','morning',0.0,'','2026-04-04 04:19:10','2026-04-04 04:19:10');
INSERT INTO external_schedules VALUES(222,1,9,'2026-03-07','morning',0.0,'','2026-04-04 04:19:10','2026-04-04 04:19:10');
INSERT INTO external_schedules VALUES(223,1,5,'2026-03-06','morning',0.0,'','2026-04-04 04:36:23','2026-04-04 04:36:23');
INSERT INTO external_schedules VALUES(224,1,6,'2026-03-07','morning',0.0,'','2026-04-04 04:42:55','2026-04-04 04:42:55');
INSERT INTO external_schedules VALUES(230,1,6,'2026-03-12','full_12h',0.0,'','2026-04-04 04:43:28','2026-04-04 04:43:28');
INSERT INTO external_schedules VALUES(231,1,10,'2026-03-01','morning',0.0,'','2026-04-06 09:06:25','2026-04-06 09:06:25');
INSERT INTO external_schedules VALUES(232,1,10,'2026-03-02','morning',0.0,'','2026-04-06 09:06:29','2026-04-06 09:06:30');
INSERT INTO external_schedules VALUES(234,1,10,'2026-03-03','morning',0.0,'','2026-04-06 09:06:29','2026-04-06 09:06:30');
INSERT INTO external_schedules VALUES(237,1,10,'2026-03-04','morning',0.0,'','2026-04-06 09:06:30','2026-04-06 09:06:30');
INSERT INTO external_schedules VALUES(241,1,10,'2026-03-05','morning',0.0,'','2026-04-06 09:06:30','2026-04-06 09:06:30');
INSERT INTO external_schedules VALUES(242,1,10,'2026-03-06','morning',0.0,'','2026-04-06 09:06:31','2026-04-06 09:06:31');
INSERT INTO external_schedules VALUES(243,1,10,'2026-03-07','morning',0.0,'','2026-04-06 09:06:31','2026-04-06 09:06:31');
INSERT INTO external_schedules VALUES(244,1,10,'2026-03-08','morning',0.0,'','2026-04-06 09:06:48','2026-04-06 09:06:48');
INSERT INTO external_schedules VALUES(245,1,7,'2026-03-04','morning',0.0,'','2026-04-06 09:12:35','2026-04-06 09:12:35');
INSERT INTO external_schedules VALUES(246,1,7,'2026-03-05','morning',0.0,'','2026-04-06 09:12:35','2026-04-06 09:12:35');
INSERT INTO external_schedules VALUES(247,1,7,'2026-03-06','morning',0.0,'','2026-04-06 09:12:39','2026-04-06 09:12:39');
CREATE TABLE schedule_share_tokens (
  id INTEGER PRIMARY KEY AUTOINCREMENT,
  hospital_id INTEGER NOT NULL,
  employee_id INTEGER NOT NULL,
  token TEXT NOT NULL UNIQUE,           
  created_at TEXT DEFAULT (datetime('now')),
  expires_at TEXT DEFAULT NULL,         
  is_active INTEGER DEFAULT 1,
  FOREIGN KEY (hospital_id) REFERENCES hospitals(id),
  FOREIGN KEY (employee_id) REFERENCES employees(id)
);
INSERT INTO schedule_share_tokens VALUES(1,1,1,'83eefe17cd694fefbfe36301842d0541','2026-04-04 08:06:06',NULL,1);
INSERT INTO schedule_share_tokens VALUES(2,1,4,'250cfbd0b91e45d88d44f030f0372d7f','2026-04-04 08:23:37',NULL,0);
INSERT INTO schedule_share_tokens VALUES(3,1,5,'47b45ba1aecb4e3c934e0078eb772d88','2026-04-04 09:12:23',NULL,1);
INSERT INTO schedule_share_tokens VALUES(4,1,6,'f0d3e0ca3411446d8aad269215158d30','2026-04-04 09:12:23',NULL,1);
INSERT INTO schedule_share_tokens VALUES(5,1,7,'6fe7ebdfc5e54e6cbe0840679747c73e','2026-04-04 09:12:23',NULL,1);
INSERT INTO schedule_share_tokens VALUES(6,1,8,'ee79add199264f8cab4ee08714f9f366','2026-04-04 09:12:23',NULL,1);
INSERT INTO schedule_share_tokens VALUES(7,1,9,'4563ee44f71e455ba320a76b15ba3cc4','2026-04-04 09:12:23',NULL,1);
INSERT INTO schedule_share_tokens VALUES(8,1,10,'13e65bf79c0e45b283ca308bc4ada3d3','2026-04-04 09:12:23',NULL,1);
INSERT INTO schedule_share_tokens VALUES(9,1,11,'3b61e1b9643a41659bd794252e3d2cfd','2026-04-04 09:12:23',NULL,1);
INSERT INTO schedule_share_tokens VALUES(10,1,12,'2489d6829a4c444fba13a621038bef13','2026-04-04 09:12:23',NULL,1);
INSERT INTO schedule_share_tokens VALUES(11,1,13,'b6548624e6074721bc393136b6ef96d5','2026-04-04 09:12:23',NULL,1);
INSERT INTO schedule_share_tokens VALUES(12,1,14,'e7d598591b0149469948013e51507c75','2026-04-04 09:12:23',NULL,1);
INSERT INTO schedule_share_tokens VALUES(13,1,15,'8333a350f06a47d1936cd1152133ba2a','2026-04-04 09:12:23',NULL,1);
INSERT INTO schedule_share_tokens VALUES(14,1,16,'756bbc88b86542ff9475678f1544b7bb','2026-04-04 09:12:23',NULL,1);
INSERT INTO schedule_share_tokens VALUES(15,1,4,'f1d04f8ffe8c4bd68e84a0c32126f8e3','2026-04-04 10:20:32',NULL,1);
CREATE TABLE team_share_tokens (
  id INTEGER PRIMARY KEY AUTOINCREMENT,
  hospital_id INTEGER NOT NULL UNIQUE,  
  token TEXT NOT NULL UNIQUE,
  created_at TEXT DEFAULT (datetime('now')),
  is_active INTEGER DEFAULT 1,
  FOREIGN KEY (hospital_id) REFERENCES hospitals(id)
);
INSERT INTO team_share_tokens VALUES(1,1,'9baba61b1607451aaed1057a6162926c','2026-04-04 09:55:06',1);
CREATE TABLE schedule_change_log (
  id INTEGER PRIMARY KEY AUTOINCREMENT,
  hospital_id INTEGER NOT NULL,
  employee_id INTEGER NOT NULL,
  work_date TEXT NOT NULL,          
  old_shift_code TEXT,              
  new_shift_code TEXT,              
  changed_by INTEGER,               
  changed_at TEXT DEFAULT (datetime('now')),
  FOREIGN KEY (hospital_id) REFERENCES hospitals(id),
  FOREIGN KEY (employee_id) REFERENCES employees(id)
);
INSERT INTO schedule_change_log VALUES(1,1,4,'2026-04-10',NULL,'오전',NULL,'2026-04-04 10:07:31');
INSERT INTO schedule_change_log VALUES(2,1,4,'2026-04-10','오전','오후',NULL,'2026-04-04 10:07:31');
INSERT INTO schedule_change_log VALUES(3,1,4,'2026-03-08','A','휴',NULL,'2026-04-06 04:48:32');
INSERT INTO schedule_change_log VALUES(4,1,4,'2026-03-07','A','휴',NULL,'2026-04-06 04:48:32');
INSERT INTO schedule_change_log VALUES(5,1,4,'2026-03-09','연','연연',NULL,'2026-04-06 04:48:37');
INSERT INTO schedule_change_log VALUES(6,1,4,'2026-03-09','연연','연',NULL,'2026-04-06 04:48:42');
INSERT INTO schedule_change_log VALUES(7,1,5,'2026-03-02',NULL,'휴',NULL,'2026-04-06 04:49:24');
INSERT INTO schedule_change_log VALUES(8,1,5,'2026-03-03','A','F',NULL,'2026-04-06 04:57:21');
INSERT INTO schedule_change_log VALUES(9,1,5,'2026-03-04','A','F',NULL,'2026-04-06 04:57:27');
INSERT INTO schedule_change_log VALUES(10,1,5,'2026-03-05','A','F',NULL,'2026-04-06 04:57:27');
INSERT INTO schedule_change_log VALUES(11,1,5,'2026-03-06','A','F',NULL,'2026-04-06 04:57:27');
INSERT INTO schedule_change_log VALUES(12,1,15,'2026-03-01',NULL,'A',NULL,'2026-04-06 05:56:41');
INSERT INTO schedule_change_log VALUES(13,1,15,'2026-03-02',NULL,'A',NULL,'2026-04-06 05:56:43');
INSERT INTO schedule_change_log VALUES(14,1,15,'2026-03-03',NULL,'A',NULL,'2026-04-06 05:56:43');
INSERT INTO schedule_change_log VALUES(15,1,15,'2026-03-04',NULL,'A',NULL,'2026-04-06 05:56:43');
INSERT INTO schedule_change_log VALUES(16,1,15,'2026-03-05',NULL,'A',NULL,'2026-04-06 05:56:43');
INSERT INTO schedule_change_log VALUES(17,1,15,'2026-03-06',NULL,'A',NULL,'2026-04-06 05:56:43');
INSERT INTO schedule_change_log VALUES(18,1,15,'2026-03-07',NULL,'A',NULL,'2026-04-06 05:56:43');
INSERT INTO schedule_change_log VALUES(19,1,15,'2026-03-08',NULL,'A',NULL,'2026-04-06 05:56:43');
INSERT INTO schedule_change_log VALUES(20,1,16,'2026-03-01',NULL,'B',NULL,'2026-04-06 06:01:41');
INSERT INTO schedule_change_log VALUES(21,1,16,'2026-03-02',NULL,'B',NULL,'2026-04-06 06:01:43');
INSERT INTO schedule_change_log VALUES(22,1,16,'2026-03-03',NULL,'B',NULL,'2026-04-06 06:01:43');
INSERT INTO schedule_change_log VALUES(23,1,16,'2026-03-04',NULL,'B',NULL,'2026-04-06 06:01:43');
INSERT INTO schedule_change_log VALUES(24,1,16,'2026-03-05',NULL,'B',NULL,'2026-04-06 06:01:43');
INSERT INTO schedule_change_log VALUES(25,1,16,'2026-03-06',NULL,'B',NULL,'2026-04-06 06:01:43');
INSERT INTO schedule_change_log VALUES(26,1,15,'2026-03-09',NULL,'연',NULL,'2026-04-06 06:19:48');
INSERT INTO schedule_change_log VALUES(27,1,15,'2026-03-10',NULL,'OT',NULL,'2026-04-06 06:19:57');
INSERT INTO schedule_change_log VALUES(28,1,15,'2026-03-11',NULL,'OT',NULL,'2026-04-06 13:22:38');
INSERT INTO schedule_change_log VALUES(29,1,15,'2026-03-12',NULL,'OT',NULL,'2026-04-06 13:22:39');
INSERT INTO schedule_change_log VALUES(30,1,16,'2026-03-07',NULL,'B',NULL,'2026-04-06 13:22:51');
INSERT INTO schedule_change_log VALUES(31,1,16,'2026-03-08',NULL,'B',NULL,'2026-04-06 13:22:51');
INSERT INTO schedule_change_log VALUES(32,1,16,'2026-03-09',NULL,'B',NULL,'2026-04-06 13:22:52');
INSERT INTO schedule_change_log VALUES(33,1,16,'2026-03-10',NULL,'B',NULL,'2026-04-06 13:22:52');
INSERT INTO schedule_change_log VALUES(34,1,16,'2026-03-11',NULL,'A',NULL,'2026-04-06 17:44:15');
INSERT INTO schedule_change_log VALUES(35,1,16,'2026-03-12',NULL,'A',NULL,'2026-04-06 17:44:16');
INSERT INTO schedule_change_log VALUES(36,1,16,'2026-03-14',NULL,'A',NULL,'2026-04-06 17:44:17');
INSERT INTO schedule_change_log VALUES(37,1,16,'2026-03-13',NULL,'A',NULL,'2026-04-06 17:44:17');
INSERT INTO schedule_change_log VALUES(38,1,15,'2026-03-13',NULL,'A',NULL,'2026-04-06 17:44:18');
INSERT INTO schedule_change_log VALUES(39,1,15,'2026-03-14',NULL,'A',NULL,'2026-04-06 17:44:18');
INSERT INTO schedule_change_log VALUES(40,1,15,'2026-03-15',NULL,'A',NULL,'2026-04-06 17:44:18');
INSERT INTO schedule_change_log VALUES(41,1,16,'2026-03-15',NULL,'A',NULL,'2026-04-06 17:44:19');
INSERT INTO schedule_change_log VALUES(42,1,9,'2026-03-09','휴','F',NULL,'2026-04-06 17:45:08');
INSERT INTO schedule_change_log VALUES(43,1,9,'2026-03-09','F','휴',NULL,'2026-04-06 17:45:09');
INSERT INTO schedule_change_log VALUES(44,1,15,'2026-03-16',NULL,'A',NULL,'2026-04-06 18:03:18');
INSERT INTO schedule_change_log VALUES(45,1,15,'2026-03-17',NULL,'A',NULL,'2026-04-06 18:03:18');
INSERT INTO schedule_change_log VALUES(46,1,15,'2026-03-18',NULL,'A',NULL,'2026-04-06 18:03:19');
INSERT INTO schedule_change_log VALUES(47,1,15,'2026-03-19',NULL,'A',NULL,'2026-04-06 18:03:19');
INSERT INTO schedule_change_log VALUES(48,1,15,'2026-03-16',NULL,'A',NULL,'2026-04-06 18:03:24');
INSERT INTO schedule_change_log VALUES(49,1,15,'2026-03-17',NULL,'A',NULL,'2026-04-06 18:03:24');
INSERT INTO schedule_change_log VALUES(50,1,15,'2026-03-18',NULL,'A',NULL,'2026-04-06 18:03:24');
INSERT INTO schedule_change_log VALUES(51,1,15,'2026-03-16',NULL,'A',NULL,'2026-04-07 04:46:27');
INSERT INTO schedule_change_log VALUES(52,1,15,'2026-03-17',NULL,'A',NULL,'2026-04-07 04:46:28');
INSERT INTO schedule_change_log VALUES(53,1,15,'2026-03-18',NULL,'A',NULL,'2026-04-07 04:46:28');
INSERT INTO schedule_change_log VALUES(54,1,15,'2026-03-19',NULL,'A',NULL,'2026-04-07 04:46:28');
INSERT INTO schedule_change_log VALUES(55,1,15,'2026-03-16',NULL,'A',NULL,'2026-04-07 04:46:32');
INSERT INTO schedule_change_log VALUES(56,1,15,'2026-03-17',NULL,'A',NULL,'2026-04-07 04:46:32');
INSERT INTO schedule_change_log VALUES(57,1,15,'2026-03-18',NULL,'A',NULL,'2026-04-07 04:46:32');
INSERT INTO schedule_change_log VALUES(58,1,15,'2026-03-19',NULL,'A',NULL,'2026-04-07 04:46:32');
INSERT INTO schedule_change_log VALUES(59,1,15,'2026-03-20',NULL,'A',NULL,'2026-04-07 04:46:32');
INSERT INTO schedule_change_log VALUES(60,1,15,'2026-03-21',NULL,'A',NULL,'2026-04-07 04:46:32');
INSERT INTO schedule_change_log VALUES(61,1,7,'2026-03-02','F','연',NULL,'2026-04-07 05:01:54');
INSERT INTO schedule_change_log VALUES(62,1,15,'2026-03-01','A','B',NULL,'2026-04-07 05:05:06');
INSERT INTO schedule_change_log VALUES(63,1,12,'2026-03-23','연','B',NULL,'2026-04-07 05:10:55');
INSERT INTO schedule_change_log VALUES(64,1,12,'2026-03-24','연','B',NULL,'2026-04-07 05:10:57');
INSERT INTO schedule_change_log VALUES(65,1,12,'2026-03-25','연','B',NULL,'2026-04-07 05:10:57');
INSERT INTO schedule_change_log VALUES(66,1,12,'2026-03-26','연','B',NULL,'2026-04-07 05:10:57');
INSERT INTO schedule_change_log VALUES(67,1,12,'2026-03-27','연','B',NULL,'2026-04-07 05:10:57');
INSERT INTO schedule_change_log VALUES(68,1,12,'2026-03-28','연','B',NULL,'2026-04-07 05:10:57');
INSERT INTO schedule_change_log VALUES(69,1,12,'2026-03-29','연','B',NULL,'2026-04-07 05:10:57');
INSERT INTO schedule_change_log VALUES(70,1,12,'2026-03-30','연','B',NULL,'2026-04-07 05:10:57');
INSERT INTO schedule_change_log VALUES(71,1,12,'2026-03-31','연','B',NULL,'2026-04-07 05:10:57');
INSERT INTO schedule_change_log VALUES(72,1,12,'2026-03-21','휴','연',NULL,'2026-04-07 05:11:09');
INSERT INTO schedule_change_log VALUES(73,1,12,'2026-03-22','휴','연',NULL,'2026-04-07 05:11:09');
INSERT INTO schedule_change_log VALUES(74,1,12,'2026-03-18','B','연',NULL,'2026-04-07 05:11:17');
CREATE TABLE work_settings_history (
  id           INTEGER PRIMARY KEY AUTOINCREMENT,
  hospital_id  INTEGER NOT NULL,
  setting_key  TEXT    NOT NULL,
  prev_value   TEXT,
  new_value    TEXT,
  changed_by   TEXT    NOT NULL,
  changed_at   DATETIME DEFAULT (datetime('now','localtime')),
  change_type  TEXT    NOT NULL DEFAULT 'manual',
  
  FOREIGN KEY (hospital_id) REFERENCES hospitals(id)
);
INSERT INTO work_settings_history VALUES(1,1,'off_grant_type','cycle','monthly_fixed','admin','2026-04-04 16:36:57','manual');
INSERT INTO work_settings_history VALUES(2,1,'required_staff_count','10','8','admin','2026-04-04 16:44:35','manual');
INSERT INTO work_settings_history VALUES(3,1,'monthly_min_off_days','0','12','admin','2026-04-04 16:44:35','manual');
INSERT INTO work_settings_history VALUES(4,1,'off_grant_type','monthly_fixed','mixed','admin','2026-04-04 16:44:52','manual');
INSERT INTO work_settings_history VALUES(5,1,'off_cycle_work_days','2','5','admin','2026-04-04 16:44:52','manual');
INSERT INTO work_settings_history VALUES(6,1,'off_cycle_rest_days','1','2','admin','2026-04-04 16:44:52','manual');
INSERT INTO work_settings_history VALUES(7,1,'cycle_holiday_policy','add','pay','admin','2026-04-04 16:44:52','manual');
INSERT INTO work_settings_history VALUES(8,1,'holiday_policy','off','work_pay','admin','2026-04-04 16:44:52','manual');
INSERT INTO work_settings_history VALUES(9,1,'monthly_min_off_days','12','0','admin','2026-04-04 16:44:52','manual');
INSERT INTO work_settings_history VALUES(10,1,'off_grant_type','mixed','weekly5','admin','2026-04-04 16:45:00','manual');
INSERT INTO work_settings_history VALUES(11,1,'required_staff_count','8','0','admin','2026-04-04 16:45:00','manual');
INSERT INTO work_settings_history VALUES(12,1,'employee_4_holiday_policy_override','(병원기본값 상속)','work_pay','admin','2026-04-04 16:57:35','manual');
INSERT INTO work_settings_history VALUES(13,1,'employee_4_holiday_policy_override','work_pay','(병원기본값 상속)','admin','2026-04-04 16:57:44','manual');
INSERT INTO work_settings_history VALUES(14,1,'holiday_policy','work_pay','off','admin','2026-04-04 16:57:44','manual');
INSERT INTO work_settings_history VALUES(15,1,'off_grant_type','weekly5','monthly_fixed','admin','2026-04-04 17:08:12','manual');
INSERT INTO work_settings_history VALUES(16,1,'required_staff_count','0','8','admin','2026-04-04 17:08:13','manual');
INSERT INTO work_settings_history VALUES(17,1,'monthly_min_off_days','0','12','admin','2026-04-04 17:08:13','manual');
INSERT INTO work_settings_history VALUES(18,1,'off_grant_type','monthly_fixed','weekly5','admin','2026-04-04 17:11:12','manual');
INSERT INTO work_settings_history VALUES(19,1,'monthly_min_off_days','12','0','admin','2026-04-04 17:11:12','manual');
INSERT INTO work_settings_history VALUES(20,1,'required_staff_count','8','0','admin','2026-04-04 17:11:12','manual');
INSERT INTO work_settings_history VALUES(21,1,'off_grant_type','weekly5','cycle','amina','2026-04-04 17:48:04','manual');
INSERT INTO work_settings_history VALUES(22,1,'off_cycle_work_days','5','2','amina','2026-04-04 17:48:04','manual');
INSERT INTO work_settings_history VALUES(23,1,'off_cycle_rest_days','2','1','amina','2026-04-04 17:48:04','manual');
INSERT INTO work_settings_history VALUES(24,1,'cycle_holiday_policy','pay','ignore','amina','2026-04-04 17:48:04','manual');
INSERT INTO work_settings_history VALUES(25,1,'off_grant_type','cycle','weekly5','admin','2026-04-04 18:15:48','manual');
INSERT INTO work_settings_history VALUES(26,1,'cycle_holiday_policy','ignore','add','admin','2026-04-04 18:15:48','manual');
INSERT INTO work_settings_history VALUES(27,1,'off_grant_type','weekly5','cycle','amina','2026-04-04 18:39:10','manual');
INSERT INTO work_settings_history VALUES(28,1,'cycle_holiday_policy','add','ignore','amina','2026-04-04 18:39:10','manual');
INSERT INTO work_settings_history VALUES(29,1,'off_grant_type','cycle','weekly5','admin','2026-04-04 18:49:31','manual');
INSERT INTO work_settings_history VALUES(30,1,'cycle_holiday_policy','ignore','add','admin','2026-04-04 18:49:31','manual');
INSERT INTO work_settings_history VALUES(31,1,'off_grant_type','weekly5','cycle','amina','2026-04-04 18:50:44','manual');
INSERT INTO work_settings_history VALUES(32,1,'cycle_holiday_policy','add','ignore','amina','2026-04-04 18:51:20','manual');
INSERT INTO work_settings_history VALUES(33,1,'off_grant_type','cycle','weekly5','admin','2026-04-04 18:55:23','manual');
INSERT INTO work_settings_history VALUES(34,1,'off_grant_type','weekly5','cycle','admin','2026-04-04 18:55:23','manual');
INSERT INTO work_settings_history VALUES(35,1,'off_grant_type','cycle','weekly5','admin','2026-04-04 18:55:23','manual');
INSERT INTO work_settings_history VALUES(36,1,'daily_max_hours','12','8','amina','2026-04-04 18:55:32','manual');
INSERT INTO work_settings_history VALUES(37,1,'consecutive_max_days','3','6','amina','2026-04-04 18:55:32','manual');
INSERT INTO work_settings_history VALUES(38,1,'off_grant_type','weekly5','monthly_fixed','amina','2026-04-04 18:55:32','manual');
INSERT INTO work_settings_history VALUES(39,1,'off_cycle_work_days','2','5','amina','2026-04-04 18:55:32','manual');
INSERT INTO work_settings_history VALUES(40,1,'off_cycle_rest_days','1','2','amina','2026-04-04 18:55:32','manual');
INSERT INTO work_settings_history VALUES(41,1,'off_cycle_start_date','2026-04-01','','amina','2026-04-04 18:55:32','manual');
INSERT INTO work_settings_history VALUES(42,1,'cycle_holiday_policy','ignore','add','amina','2026-04-04 18:55:32','manual');
INSERT INTO work_settings_history VALUES(43,1,'off_grant_type','monthly_fixed','cycle','admin','2026-04-04 18:55:50','manual');
INSERT INTO work_settings_history VALUES(44,1,'off_cycle_work_days','5','2','admin','2026-04-04 18:55:50','manual');
INSERT INTO work_settings_history VALUES(45,1,'off_cycle_rest_days','2','1','admin','2026-04-04 18:55:50','manual');
INSERT INTO work_settings_history VALUES(46,1,'cycle_holiday_policy','add','ignore','admin','2026-04-04 18:55:50','manual');
INSERT INTO work_settings_history VALUES(47,1,'off_grant_type','cycle','monthly_fixed','amina','2026-04-04 18:56:27','manual');
INSERT INTO work_settings_history VALUES(48,1,'off_grant_type','monthly_fixed','cycle','admin','2026-04-04 18:57:03','manual');
INSERT INTO work_settings_history VALUES(49,1,'off_grant_type','cycle','weekly5','admin','2026-04-04 18:57:04','manual');
INSERT INTO work_settings_history VALUES(50,1,'off_grant_type','weekly5','cycle','admin','2026-04-04 18:58:40','manual');
INSERT INTO work_settings_history VALUES(51,1,'off_grant_type','cycle','weekly5','admin','2026-04-04 18:58:40','manual');
INSERT INTO work_settings_history VALUES(52,1,'off_grant_type','weekly5','monthly_fixed','amina','2026-04-04 18:59:27','manual');
INSERT INTO work_settings_history VALUES(53,1,'required_staff_count','0','8','amina','2026-04-06 05:10:22','manual');
INSERT INTO work_settings_history VALUES(54,1,'required_staff_count_weekend',NULL,'7','amina','2026-04-06 13:24:00','manual');
INSERT INTO work_settings_history VALUES(55,1,'show_base_salary','0','1','admin','2026-04-06 16:52:32','manual');
INSERT INTO work_settings_history VALUES(56,1,'show_base_salary','1','0','admin','2026-04-07 04:43:12','manual');
CREATE TABLE off_grant_history (
  id                  INTEGER PRIMARY KEY AUTOINCREMENT,
  hospital_id         INTEGER NOT NULL,
  employee_id         INTEGER,             
  target_date         TEXT    NOT NULL,    
  prev_off_type       TEXT,               
  new_off_type        TEXT,               
  base_off_type       TEXT,               
  prev_is_manual      INTEGER DEFAULT 0,  
  new_is_manual       INTEGER DEFAULT 0,  
  prev_lock_flag      INTEGER DEFAULT 0,
  new_lock_flag       INTEGER DEFAULT 0,
  changed_by          TEXT    NOT NULL,
  changed_at          DATETIME DEFAULT (datetime('now','localtime')),
  note                TEXT, change_type TEXT DEFAULT 'manual',               
  FOREIGN KEY (hospital_id) REFERENCES hospitals(id),
  FOREIGN KEY (employee_id) REFERENCES employees(id)
);
INSERT INTO off_grant_history VALUES(1,1,NULL,'2026-04-01',NULL,'monthly_fixed','monthly_fixed',0,0,NULL,1,'admin','2026-04-04 17:09:28',NULL,'manual');
INSERT INTO off_grant_history VALUES(2,1,NULL,'2026-04-10',NULL,'min_guarantee','min_guarantee',0,0,NULL,1,'admin','2026-04-04 17:09:28',NULL,'manual');
INSERT INTO off_grant_history VALUES(3,1,NULL,'2026-04-01','monthly_fixed','monthly_fixed','monthly_fixed',0,0,1,0,'admin','2026-04-04 17:09:41',NULL,'force_recalc');
INSERT INTO off_grant_history VALUES(4,1,NULL,'2026-04-02',NULL,'monthly_fixed','monthly_fixed',0,0,NULL,1,'admin','2026-04-04 17:09:41',NULL,'manual');
INSERT INTO off_grant_history VALUES(5,1,NULL,'2026-04-02','monthly_fixed','monthly_fixed','monthly_fixed',0,0,1,0,'admin','2026-04-04 17:09:41',NULL,'force_recalc');
INSERT INTO off_grant_history VALUES(6,1,NULL,'2026-04-10','min_guarantee','min_guarantee','min_guarantee',0,0,1,0,'admin','2026-04-04 17:09:41',NULL,'force_recalc');
INSERT INTO off_grant_history VALUES(7,1,NULL,'2026-04-01','monthly_fixed','monthly_fixed','monthly_fixed',0,0,1,0,'admin','2026-04-04 17:09:41',NULL,'force_recalc');
INSERT INTO off_grant_history VALUES(8,1,NULL,'2026-04-01','monthly_fixed','monthly_fixed','monthly_fixed',0,0,0,1,'admin','2026-04-04 17:11:04',NULL,'manual');
INSERT INTO off_grant_history VALUES(9,1,NULL,'2026-04-10','min_guarantee','min_guarantee','min_guarantee',0,0,0,1,'admin','2026-04-04 17:11:04',NULL,'manual');
INSERT INTO off_grant_history VALUES(10,1,NULL,'2026-04-01','monthly_fixed','monthly_fixed','monthly_fixed',0,0,1,0,'admin','2026-04-04 17:11:04',NULL,'force_recalc');
INSERT INTO off_grant_history VALUES(11,1,NULL,'2026-04-02','monthly_fixed','monthly_fixed','monthly_fixed',0,0,1,0,'admin','2026-04-04 17:11:04',NULL,'force_recalc');
INSERT INTO off_grant_history VALUES(12,1,NULL,'2026-04-10','min_guarantee','min_guarantee','min_guarantee',0,0,1,0,'admin','2026-04-04 17:11:04',NULL,'manual');
INSERT INTO off_grant_history VALUES(13,1,NULL,'2026-04-01','monthly_fixed','monthly_fixed','monthly_fixed',0,0,0,1,'admin','2026-04-04 17:27:04',NULL,'manual');
INSERT INTO off_grant_history VALUES(14,1,NULL,'2026-04-01','monthly_fixed','monthly_fixed','monthly_fixed',0,0,1,1,'admin','2026-04-04 18:12:37',NULL,'manual');
INSERT INTO off_grant_history VALUES(15,1,NULL,'2026-04-01','monthly_fixed','monthly_fixed','monthly_fixed',0,0,1,0,'admin','2026-04-04 18:49:22',NULL,'force_recalc');
INSERT INTO off_grant_history VALUES(16,1,NULL,'2026-04-10','min_guarantee','min_guarantee','min_guarantee',0,0,1,0,'admin','2026-04-04 18:49:22',NULL,'force_recalc');
INSERT INTO off_grant_history VALUES(17,1,NULL,'2026-04-02','monthly_fixed','monthly_fixed','monthly_fixed',0,0,1,0,'admin','2026-04-04 18:49:22',NULL,'force_recalc');
CREATE TABLE employee_holiday_exceptions (
  id              INTEGER PRIMARY KEY AUTOINCREMENT,
  hospital_id     INTEGER NOT NULL,
  employee_id     INTEGER NOT NULL,
  holiday_date    TEXT    NOT NULL,   
  holiday_name    TEXT,               
  
  applied_policy  TEXT    NOT NULL DEFAULT 'off',
  
  
  
  
  allowance_paid  INTEGER DEFAULT 0,   
  substitute_date TEXT    DEFAULT NULL, 
  
  policy_source   TEXT    DEFAULT 'hospital',
  
  
  note            TEXT,
  created_by      TEXT    NOT NULL DEFAULT 'system',
  created_at      DATETIME DEFAULT (datetime('now','localtime')),
  updated_at      DATETIME DEFAULT (datetime('now','localtime')),
  FOREIGN KEY (hospital_id) REFERENCES hospitals(id),
  FOREIGN KEY (employee_id) REFERENCES employees(id),
  UNIQUE(hospital_id, employee_id, holiday_date)
);
CREATE TABLE monthly_leave_grants (
  id                INTEGER  PRIMARY KEY AUTOINCREMENT,
  hospital_id       INTEGER  NOT NULL,
  employee_id       INTEGER  NOT NULL,

  
  grant_year        INTEGER  NOT NULL,   
  grant_month       INTEGER  NOT NULL,  

  
  target_year       INTEGER  NOT NULL,  
  target_month      INTEGER  NOT NULL, 

  days_granted      REAL     NOT NULL DEFAULT 1,   
  grant_type        TEXT     NOT NULL DEFAULT 'auto',  
  status            TEXT     NOT NULL DEFAULT 'active', 

  
  attendance_days   INTEGER  DEFAULT NULL,  
  working_days      INTEGER  DEFAULT NULL,  
  absence_days      INTEGER  DEFAULT NULL,  

  note              TEXT     DEFAULT '',
  created_at        DATETIME DEFAULT CURRENT_TIMESTAMP,
  updated_at        DATETIME DEFAULT CURRENT_TIMESTAMP,

  UNIQUE(hospital_id, employee_id, target_year, target_month),
  FOREIGN KEY (hospital_id)  REFERENCES hospitals(id),
  FOREIGN KEY (employee_id)  REFERENCES employees(id)
);
INSERT INTO monthly_leave_grants VALUES(1,1,4,2025,9,2025,9,1.0,'auto_backfill','active',22,22,0,'2025년 9월 월차 자동발생','2026-04-06 08:29:04','2026-04-06 08:29:04');
INSERT INTO monthly_leave_grants VALUES(2,1,4,2025,10,2025,10,1.0,'auto_backfill','active',23,23,0,'2025년 10월 월차 자동발생','2026-04-06 08:29:04','2026-04-06 08:29:04');
INSERT INTO monthly_leave_grants VALUES(3,1,4,2025,11,2025,11,1.0,'auto_backfill','active',20,20,0,'2025년 11월 월차 자동발생','2026-04-06 08:29:04','2026-04-06 08:29:04');
INSERT INTO monthly_leave_grants VALUES(4,1,4,2025,12,2025,12,1.0,'auto_backfill','active',23,23,0,'2025년 12월 월차 자동발생','2026-04-06 08:29:04','2026-04-06 08:29:04');
INSERT INTO monthly_leave_grants VALUES(5,1,4,2026,1,2026,1,1.0,'auto_backfill','active',22,22,0,'2026년 1월 월차 자동발생','2026-04-06 08:29:04','2026-04-06 08:29:04');
INSERT INTO monthly_leave_grants VALUES(6,1,4,2026,2,2026,2,1.0,'auto_backfill','active',20,20,0,'2026년 2월 월차 자동발생','2026-04-06 08:29:04','2026-04-06 08:29:04');
INSERT INTO monthly_leave_grants VALUES(7,1,4,2026,3,2026,3,1.0,'auto_backfill','active',22,22,0,'2026년 3월 월차 자동발생','2026-04-06 08:29:04','2026-04-06 08:29:04');
INSERT INTO monthly_leave_grants VALUES(8,1,4,2026,4,2026,4,1.0,'auto_backfill','active',22,22,0,'2026년 4월 월차 자동발생','2026-04-06 08:29:04','2026-04-06 08:29:04');
INSERT INTO monthly_leave_grants VALUES(9,1,5,2025,11,2025,11,1.0,'auto_backfill','active',20,20,0,'2025년 11월 월차 자동발생','2026-04-06 08:29:04','2026-04-06 08:29:04');
INSERT INTO monthly_leave_grants VALUES(10,1,5,2025,12,2025,12,1.0,'auto_backfill','active',23,23,0,'2025년 12월 월차 자동발생','2026-04-06 08:29:05','2026-04-06 08:29:05');
INSERT INTO monthly_leave_grants VALUES(11,1,5,2026,1,2026,1,1.0,'auto_backfill','active',22,22,0,'2026년 1월 월차 자동발생','2026-04-06 08:29:05','2026-04-06 08:29:05');
INSERT INTO monthly_leave_grants VALUES(12,1,5,2026,2,2026,2,1.0,'auto_backfill','active',20,20,0,'2026년 2월 월차 자동발생','2026-04-06 08:29:05','2026-04-06 08:29:05');
INSERT INTO monthly_leave_grants VALUES(13,1,5,2026,3,2026,3,1.0,'auto_backfill','active',22,22,0,'2026년 3월 월차 자동발생','2026-04-06 08:29:05','2026-04-06 08:29:05');
INSERT INTO monthly_leave_grants VALUES(14,1,5,2026,4,2026,4,1.0,'auto_backfill','active',22,22,0,'2026년 4월 월차 자동발생','2026-04-06 08:29:05','2026-04-06 08:29:05');
INSERT INTO monthly_leave_grants VALUES(15,1,6,2025,12,2025,12,1.0,'auto_backfill','active',23,23,0,'2025년 12월 월차 자동발생','2026-04-06 08:29:05','2026-04-06 08:29:05');
INSERT INTO monthly_leave_grants VALUES(16,1,6,2026,1,2026,1,1.0,'auto_backfill','active',22,22,0,'2026년 1월 월차 자동발생','2026-04-06 08:29:05','2026-04-06 08:29:05');
INSERT INTO monthly_leave_grants VALUES(17,1,6,2026,2,2026,2,1.0,'auto_backfill','active',20,20,0,'2026년 2월 월차 자동발생','2026-04-06 08:29:05','2026-04-06 08:29:05');
INSERT INTO monthly_leave_grants VALUES(18,1,6,2026,3,2026,3,1.0,'auto_backfill','active',22,22,0,'2026년 3월 월차 자동발생','2026-04-06 08:29:05','2026-04-06 08:29:05');
INSERT INTO monthly_leave_grants VALUES(19,1,6,2026,4,2026,4,1.0,'auto_backfill','active',22,22,0,'2026년 4월 월차 자동발생','2026-04-06 08:29:05','2026-04-06 08:29:05');
INSERT INTO monthly_leave_grants VALUES(20,1,9,2025,8,2025,8,1.0,'auto_backfill','active',21,21,0,'2025년 8월 월차 자동발생','2026-04-06 08:29:05','2026-04-06 08:29:05');
INSERT INTO monthly_leave_grants VALUES(21,1,9,2025,9,2025,9,1.0,'auto_backfill','active',22,22,0,'2025년 9월 월차 자동발생','2026-04-06 08:29:05','2026-04-06 08:29:05');
INSERT INTO monthly_leave_grants VALUES(22,1,9,2025,10,2025,10,1.0,'auto_backfill','active',23,23,0,'2025년 10월 월차 자동발생','2026-04-06 08:29:05','2026-04-06 08:29:05');
INSERT INTO monthly_leave_grants VALUES(23,1,9,2025,11,2025,11,1.0,'auto_backfill','active',20,20,0,'2025년 11월 월차 자동발생','2026-04-06 08:29:05','2026-04-06 08:29:05');
INSERT INTO monthly_leave_grants VALUES(24,1,9,2025,12,2025,12,1.0,'auto_backfill','active',23,23,0,'2025년 12월 월차 자동발생','2026-04-06 08:29:05','2026-04-06 08:29:05');
INSERT INTO monthly_leave_grants VALUES(25,1,9,2026,1,2026,1,1.0,'auto_backfill','active',22,22,0,'2026년 1월 월차 자동발생','2026-04-06 08:29:05','2026-04-06 08:29:05');
INSERT INTO monthly_leave_grants VALUES(26,1,9,2026,2,2026,2,1.0,'auto_backfill','active',20,20,0,'2026년 2월 월차 자동발생','2026-04-06 08:29:05','2026-04-06 08:29:05');
INSERT INTO monthly_leave_grants VALUES(27,1,9,2026,3,2026,3,1.0,'auto_backfill','active',22,22,0,'2026년 3월 월차 자동발생','2026-04-06 08:29:05','2026-04-06 08:29:05');
INSERT INTO monthly_leave_grants VALUES(28,1,9,2026,4,2026,4,1.0,'auto_backfill','active',22,22,0,'2026년 4월 월차 자동발생','2026-04-06 08:29:05','2026-04-06 08:29:05');
INSERT INTO monthly_leave_grants VALUES(29,1,10,2026,2,2026,2,1.0,'auto_backfill','active',20,20,0,'2026년 2월 월차 자동발생','2026-04-06 08:29:05','2026-04-06 08:29:05');
INSERT INTO monthly_leave_grants VALUES(30,1,10,2026,3,2026,3,1.0,'auto_backfill','active',22,22,0,'2026년 3월 월차 자동발생','2026-04-06 08:29:05','2026-04-06 08:29:05');
INSERT INTO monthly_leave_grants VALUES(31,1,10,2026,4,2026,4,1.0,'auto_backfill','active',22,22,0,'2026년 4월 월차 자동발생','2026-04-06 08:29:05','2026-04-06 08:29:05');
INSERT INTO monthly_leave_grants VALUES(32,1,11,2026,2,2026,2,1.0,'auto_backfill','active',20,20,0,'2026년 2월 월차 자동발생','2026-04-06 08:29:05','2026-04-06 08:29:05');
INSERT INTO monthly_leave_grants VALUES(33,1,11,2026,3,2026,3,1.0,'auto_backfill','active',22,22,0,'2026년 3월 월차 자동발생','2026-04-06 08:29:05','2026-04-06 08:29:05');
INSERT INTO monthly_leave_grants VALUES(34,1,11,2026,4,2026,4,1.0,'auto_backfill','active',22,22,0,'2026년 4월 월차 자동발생','2026-04-06 08:29:05','2026-04-06 08:29:05');
INSERT INTO monthly_leave_grants VALUES(35,1,13,2026,2,2026,2,1.0,'auto_backfill','active',20,20,0,'2026년 2월 월차 자동발생','2026-04-06 08:29:05','2026-04-06 08:29:05');
INSERT INTO monthly_leave_grants VALUES(36,1,13,2026,3,2026,3,1.0,'auto_backfill','active',22,22,0,'2026년 3월 월차 자동발생','2026-04-06 08:29:05','2026-04-06 08:29:05');
INSERT INTO monthly_leave_grants VALUES(37,1,13,2026,4,2026,4,1.0,'auto_backfill','active',22,22,0,'2026년 4월 월차 자동발생','2026-04-06 08:29:05','2026-04-06 08:29:05');
CREATE TABLE monthly_leave_audit (
  id            INTEGER  PRIMARY KEY AUTOINCREMENT,
  hospital_id   INTEGER  NOT NULL,
  employee_id   INTEGER  NOT NULL,
  grant_id      INTEGER  DEFAULT NULL,  

  action        TEXT     NOT NULL,
  
  
  
  
  
  

  before_value  TEXT     DEFAULT NULL,  
  after_value   TEXT     DEFAULT NULL,  
  actor_id      INTEGER  DEFAULT NULL,  
  actor_role    TEXT     DEFAULT NULL,  
  reason        TEXT     DEFAULT '',    

  created_at    DATETIME DEFAULT CURRENT_TIMESTAMP,

  FOREIGN KEY (hospital_id)  REFERENCES hospitals(id),
  FOREIGN KEY (employee_id)  REFERENCES employees(id)
);
INSERT INTO monthly_leave_audit VALUES(1,1,4,1,'backfill_grant',NULL,'{"year":2025,"month":9,"days":1}',2,'system','2025년 9월 자동 소급 처리','2026-04-06 08:29:04');
INSERT INTO monthly_leave_audit VALUES(2,1,4,2,'backfill_grant',NULL,'{"year":2025,"month":10,"days":1}',2,'system','2025년 10월 자동 소급 처리','2026-04-06 08:29:04');
INSERT INTO monthly_leave_audit VALUES(3,1,4,3,'backfill_grant',NULL,'{"year":2025,"month":11,"days":1}',2,'system','2025년 11월 자동 소급 처리','2026-04-06 08:29:04');
INSERT INTO monthly_leave_audit VALUES(4,1,4,4,'backfill_grant',NULL,'{"year":2025,"month":12,"days":1}',2,'system','2025년 12월 자동 소급 처리','2026-04-06 08:29:04');
INSERT INTO monthly_leave_audit VALUES(5,1,4,5,'backfill_grant',NULL,'{"year":2026,"month":1,"days":1}',2,'system','2026년 1월 자동 소급 처리','2026-04-06 08:29:04');
INSERT INTO monthly_leave_audit VALUES(6,1,4,6,'backfill_grant',NULL,'{"year":2026,"month":2,"days":1}',2,'system','2026년 2월 자동 소급 처리','2026-04-06 08:29:04');
INSERT INTO monthly_leave_audit VALUES(7,1,4,7,'backfill_grant',NULL,'{"year":2026,"month":3,"days":1}',2,'system','2026년 3월 자동 소급 처리','2026-04-06 08:29:04');
INSERT INTO monthly_leave_audit VALUES(8,1,4,8,'backfill_grant',NULL,'{"year":2026,"month":4,"days":1}',2,'system','2026년 4월 자동 소급 처리','2026-04-06 08:29:04');
INSERT INTO monthly_leave_audit VALUES(9,1,5,9,'backfill_grant',NULL,'{"year":2025,"month":11,"days":1}',2,'system','2025년 11월 자동 소급 처리','2026-04-06 08:29:05');
INSERT INTO monthly_leave_audit VALUES(10,1,5,10,'backfill_grant',NULL,'{"year":2025,"month":12,"days":1}',2,'system','2025년 12월 자동 소급 처리','2026-04-06 08:29:05');
INSERT INTO monthly_leave_audit VALUES(11,1,5,11,'backfill_grant',NULL,'{"year":2026,"month":1,"days":1}',2,'system','2026년 1월 자동 소급 처리','2026-04-06 08:29:05');
INSERT INTO monthly_leave_audit VALUES(12,1,5,12,'backfill_grant',NULL,'{"year":2026,"month":2,"days":1}',2,'system','2026년 2월 자동 소급 처리','2026-04-06 08:29:05');
INSERT INTO monthly_leave_audit VALUES(13,1,5,13,'backfill_grant',NULL,'{"year":2026,"month":3,"days":1}',2,'system','2026년 3월 자동 소급 처리','2026-04-06 08:29:05');
INSERT INTO monthly_leave_audit VALUES(14,1,5,14,'backfill_grant',NULL,'{"year":2026,"month":4,"days":1}',2,'system','2026년 4월 자동 소급 처리','2026-04-06 08:29:05');
INSERT INTO monthly_leave_audit VALUES(15,1,6,15,'backfill_grant',NULL,'{"year":2025,"month":12,"days":1}',2,'system','2025년 12월 자동 소급 처리','2026-04-06 08:29:05');
INSERT INTO monthly_leave_audit VALUES(16,1,6,16,'backfill_grant',NULL,'{"year":2026,"month":1,"days":1}',2,'system','2026년 1월 자동 소급 처리','2026-04-06 08:29:05');
INSERT INTO monthly_leave_audit VALUES(17,1,6,17,'backfill_grant',NULL,'{"year":2026,"month":2,"days":1}',2,'system','2026년 2월 자동 소급 처리','2026-04-06 08:29:05');
INSERT INTO monthly_leave_audit VALUES(18,1,6,18,'backfill_grant',NULL,'{"year":2026,"month":3,"days":1}',2,'system','2026년 3월 자동 소급 처리','2026-04-06 08:29:05');
INSERT INTO monthly_leave_audit VALUES(19,1,6,19,'backfill_grant',NULL,'{"year":2026,"month":4,"days":1}',2,'system','2026년 4월 자동 소급 처리','2026-04-06 08:29:05');
INSERT INTO monthly_leave_audit VALUES(20,1,9,20,'backfill_grant',NULL,'{"year":2025,"month":8,"days":1}',2,'system','2025년 8월 자동 소급 처리','2026-04-06 08:29:05');
INSERT INTO monthly_leave_audit VALUES(21,1,9,21,'backfill_grant',NULL,'{"year":2025,"month":9,"days":1}',2,'system','2025년 9월 자동 소급 처리','2026-04-06 08:29:05');
INSERT INTO monthly_leave_audit VALUES(22,1,9,22,'backfill_grant',NULL,'{"year":2025,"month":10,"days":1}',2,'system','2025년 10월 자동 소급 처리','2026-04-06 08:29:05');
INSERT INTO monthly_leave_audit VALUES(23,1,9,23,'backfill_grant',NULL,'{"year":2025,"month":11,"days":1}',2,'system','2025년 11월 자동 소급 처리','2026-04-06 08:29:05');
INSERT INTO monthly_leave_audit VALUES(24,1,9,24,'backfill_grant',NULL,'{"year":2025,"month":12,"days":1}',2,'system','2025년 12월 자동 소급 처리','2026-04-06 08:29:05');
INSERT INTO monthly_leave_audit VALUES(25,1,9,25,'backfill_grant',NULL,'{"year":2026,"month":1,"days":1}',2,'system','2026년 1월 자동 소급 처리','2026-04-06 08:29:05');
INSERT INTO monthly_leave_audit VALUES(26,1,9,26,'backfill_grant',NULL,'{"year":2026,"month":2,"days":1}',2,'system','2026년 2월 자동 소급 처리','2026-04-06 08:29:05');
INSERT INTO monthly_leave_audit VALUES(27,1,9,27,'backfill_grant',NULL,'{"year":2026,"month":3,"days":1}',2,'system','2026년 3월 자동 소급 처리','2026-04-06 08:29:05');
INSERT INTO monthly_leave_audit VALUES(28,1,9,28,'backfill_grant',NULL,'{"year":2026,"month":4,"days":1}',2,'system','2026년 4월 자동 소급 처리','2026-04-06 08:29:05');
INSERT INTO monthly_leave_audit VALUES(29,1,10,29,'backfill_grant',NULL,'{"year":2026,"month":2,"days":1}',2,'system','2026년 2월 자동 소급 처리','2026-04-06 08:29:05');
INSERT INTO monthly_leave_audit VALUES(30,1,10,30,'backfill_grant',NULL,'{"year":2026,"month":3,"days":1}',2,'system','2026년 3월 자동 소급 처리','2026-04-06 08:29:05');
INSERT INTO monthly_leave_audit VALUES(31,1,10,31,'backfill_grant',NULL,'{"year":2026,"month":4,"days":1}',2,'system','2026년 4월 자동 소급 처리','2026-04-06 08:29:05');
INSERT INTO monthly_leave_audit VALUES(32,1,11,32,'backfill_grant',NULL,'{"year":2026,"month":2,"days":1}',2,'system','2026년 2월 자동 소급 처리','2026-04-06 08:29:05');
INSERT INTO monthly_leave_audit VALUES(33,1,11,33,'backfill_grant',NULL,'{"year":2026,"month":3,"days":1}',2,'system','2026년 3월 자동 소급 처리','2026-04-06 08:29:05');
INSERT INTO monthly_leave_audit VALUES(34,1,11,34,'backfill_grant',NULL,'{"year":2026,"month":4,"days":1}',2,'system','2026년 4월 자동 소급 처리','2026-04-06 08:29:05');
INSERT INTO monthly_leave_audit VALUES(35,1,13,35,'backfill_grant',NULL,'{"year":2026,"month":2,"days":1}',2,'system','2026년 2월 자동 소급 처리','2026-04-06 08:29:05');
INSERT INTO monthly_leave_audit VALUES(36,1,13,36,'backfill_grant',NULL,'{"year":2026,"month":3,"days":1}',2,'system','2026년 3월 자동 소급 처리','2026-04-06 08:29:05');
INSERT INTO monthly_leave_audit VALUES(37,1,13,37,'backfill_grant',NULL,'{"year":2026,"month":4,"days":1}',2,'system','2026년 4월 자동 소급 처리','2026-04-06 08:29:05');
INSERT INTO monthly_leave_audit VALUES(38,1,8,NULL,'policy_change',NULL,'{"transition":"monthly_to_annual","annual_days":15,"years_worked":1.0878947013080842}',2,'system','1년 만료 연차 전환 (1년 근무)','2026-04-06 08:29:05');
INSERT INTO monthly_leave_audit VALUES(39,1,12,NULL,'policy_change',NULL,'{"transition":"monthly_to_annual","annual_days":15,"years_worked":1.2603793008974067}',2,'system','1년 만료 연차 전환 (1.2년 근무)','2026-04-06 08:29:05');
INSERT INTO monthly_leave_audit VALUES(40,1,14,NULL,'policy_change',NULL,'{"transition":"monthly_to_annual","annual_days":15,"years_worked":1.2631171516845388}',2,'system','1년 만료 연차 전환 (1.2년 근무)','2026-04-06 08:29:05');
INSERT INTO monthly_leave_audit VALUES(41,1,12,NULL,'manual_adjust','{}','{"total_days":11,"used_days":5}',2,'hospital','수동 설정','2026-04-07 04:59:41');
INSERT INTO monthly_leave_audit VALUES(42,1,12,NULL,'manual_adjust','{"total_days":11,"used_days":5}','{"total_days":15,"used_days":5}',2,'hospital','수동 설정','2026-04-07 04:59:58');
INSERT INTO monthly_leave_audit VALUES(43,1,12,NULL,'manual_adjust','{"total_days":15,"used_days":5}','{"total_days":11,"used_days":4}',2,'hospital','수동 설정','2026-04-07 05:08:36');
INSERT INTO monthly_leave_audit VALUES(44,1,12,NULL,'manual_adjust','{"total_days":11,"used_days":4}','{"total_days":0,"used_days":0}',2,'hospital','수동 설정','2026-04-07 05:09:27');
DELETE FROM sqlite_sequence;
INSERT INTO sqlite_sequence VALUES('d1_migrations',63);
INSERT INTO sqlite_sequence VALUES('users',10);
INSERT INTO sqlite_sequence VALUES('hospitals',7);
INSERT INTO sqlite_sequence VALUES('vendors',42);
INSERT INTO sqlite_sequence VALUES('monthly_settings',29);
INSERT INTO sqlite_sequence VALUES('hospital_info',7);
INSERT INTO sqlite_sequence VALUES('holidays',18);
INSERT INTO sqlite_sequence VALUES('meal_custom_fields',69);
INSERT INTO sqlite_sequence VALUES('transaction_item_categories',8);
INSERT INTO sqlite_sequence VALUES('diet_categories',48);
INSERT INTO sqlite_sequence VALUES('diet_category_presets',43);
INSERT INTO sqlite_sequence VALUES('employee_positions',10);
INSERT INTO sqlite_sequence VALUES('daily_orders',704);
INSERT INTO sqlite_sequence VALUES('daily_meals',2643);
INSERT INTO sqlite_sequence VALUES('hospital_patient_categories',19);
INSERT INTO sqlite_sequence VALUES('category_order_settings',58);
INSERT INTO sqlite_sequence VALUES('card_expenses',47);
INSERT INTO sqlite_sequence VALUES('employees',16);
INSERT INTO sqlite_sequence VALUES('employee_leaves',50);
INSERT INTO sqlite_sequence VALUES('daily_schedules',2499);
INSERT INTO sqlite_sequence VALUES('external_workers',10);
INSERT INTO sqlite_sequence VALUES('labor_cost_settings',9);
INSERT INTO sqlite_sequence VALUES('order_multiday_settings',81);
INSERT INTO sqlite_sequence VALUES('hospital_invoice_vendors',14);
INSERT INTO sqlite_sequence VALUES('transaction_documents',33);
INSERT INTO sqlite_sequence VALUES('transaction_items',1440);
INSERT INTO sqlite_sequence VALUES('transaction_files',33);
INSERT INTO sqlite_sequence VALUES('inspection_issues',4);
INSERT INTO sqlite_sequence VALUES('hospital_sessions',214);
INSERT INTO sqlite_sequence VALUES('schedule_shifts',3);
INSERT INTO sqlite_sequence VALUES('external_schedules',247);
INSERT INTO sqlite_sequence VALUES('hospital_work_settings',412);
INSERT INTO sqlite_sequence VALUES('schedule_share_tokens',15);
INSERT INTO sqlite_sequence VALUES('team_share_tokens',3);
INSERT INTO sqlite_sequence VALUES('schedule_change_log',74);
INSERT INTO sqlite_sequence VALUES('work_settings_history',56);
INSERT INTO sqlite_sequence VALUES('off_grant_history',17);
INSERT INTO sqlite_sequence VALUES('order_inspections',94);
INSERT INTO sqlite_sequence VALUES('monthly_leave_grants',37);
INSERT INTO sqlite_sequence VALUES('monthly_leave_audit',44);
CREATE INDEX idx_daily_orders_hospital_date ON daily_orders(hospital_id, order_date);
CREATE INDEX idx_daily_meals_hospital_date ON daily_meals(hospital_id, meal_date);
CREATE INDEX idx_daily_schedules_hospital_date ON daily_schedules(hospital_id, work_date);
CREATE INDEX idx_vendors_hospital ON vendors(hospital_id);
CREATE INDEX idx_employees_hospital ON employees(hospital_id);
CREATE INDEX idx_sessions_hospital ON hospital_sessions(hospital_id);
CREATE INDEX idx_sessions_active ON hospital_sessions(is_active, last_active_at);
CREATE INDEX idx_food_waste_hospital_ym ON food_waste_records(hospital_id, year, month);
CREATE INDEX idx_daily_issues_date ON daily_issues(issue_date);
CREATE INDEX idx_daily_issues_hospital ON daily_issues(hospital_id);
CREATE INDEX idx_close_requests_status ON close_month_requests(status);
CREATE INDEX idx_close_requests_status2 ON close_month_requests(status);
CREATE INDEX idx_close_requests_hospital ON close_month_requests(hospital_id);
CREATE INDEX idx_daily_issues_date2 ON daily_issues(issue_date);
CREATE INDEX idx_daily_issues_hospital2 ON daily_issues(hospital_id);
CREATE INDEX idx_meal_custom_fields_hospital ON meal_custom_fields(hospital_id);
CREATE INDEX idx_patient_categories_hospital ON hospital_patient_categories(hospital_id);
CREATE INDEX idx_category_order_settings_hospital ON category_order_settings(hospital_id, year, month);
CREATE INDEX idx_daily_orders_category ON daily_orders(patient_category_id);
CREATE INDEX idx_card_expenses_hospital_date
  ON card_expenses(hospital_id, expense_date);
CREATE INDEX idx_card_expenses_vendor_date
  ON card_expenses(vendor_id, expense_date);
CREATE INDEX idx_order_inspections_hospital ON order_inspections(hospital_id);
CREATE INDEX idx_order_inspections_order ON order_inspections(order_id);
CREATE INDEX idx_daily_orders_inspected ON daily_orders(hospital_id, is_inspected);
CREATE INDEX idx_ingredient_prices_hospital_ym 
  ON ingredient_prices(hospital_id, year, month);
CREATE INDEX idx_ingredient_prices_name 
  ON ingredient_prices(hospital_id, ingredient_name);
CREATE INDEX idx_inspection_issues_hospital ON inspection_issues(hospital_id);
CREATE INDEX idx_inspection_issues_order ON inspection_issues(order_id);
CREATE INDEX idx_txfiles_hospital_date
  ON transaction_files(hospital_id, document_year, document_month);
CREATE INDEX idx_txfiles_vendor
  ON transaction_files(hospital_id, vendor_name);
CREATE INDEX idx_txdocs_hospital_date
  ON transaction_documents(hospital_id, document_year, document_month);
CREATE INDEX idx_txdocs_vendor
  ON transaction_documents(hospital_id, vendor_name);
CREATE INDEX idx_txitems_hospital_date
  ON transaction_items(hospital_id, document_year, document_month);
CREATE INDEX idx_txitems_vendor
  ON transaction_items(hospital_id, vendor_name);
CREATE INDEX idx_txitems_category
  ON transaction_items(hospital_id, category_id);
CREATE INDEX idx_txitems_name
  ON transaction_items(hospital_id, item_name_normalized);
CREATE INDEX idx_txai_hospital_date
  ON transaction_ai_analysis(hospital_id, analysis_year, analysis_month);
CREATE INDEX idx_txcross_hospital_date
  ON transaction_order_cross(hospital_id, cross_year, cross_month);
CREATE INDEX idx_diet_categories_hospital ON diet_categories(hospital_id, parent_type, sort_order);
CREATE INDEX idx_diet_categories_active   ON diet_categories(hospital_id, is_active, show_in_input);
CREATE INDEX idx_diet_categories_level ON diet_categories(hospital_id, diet_level, is_active);
CREATE INDEX idx_diet_categories_group ON diet_categories(hospital_id, patient_group);
CREATE INDEX idx_diet_categories_linked_group
  ON diet_categories(hospital_id, linked_patient_group);
CREATE INDEX idx_inv_supplier_cat ON invoice_supplier_classifications(hospital_id, vendor_name);
CREATE INDEX idx_txitems_supplier_cat ON transaction_items(hospital_id, supplier_category);
CREATE INDEX idx_hosp_inv_vendors_hospital ON hospital_invoice_vendors(hospital_id);
CREATE INDEX idx_hosp_inv_vendors_norm ON hospital_invoice_vendors(hospital_id, vendor_name_norm);
CREATE INDEX idx_hiv_vendor_id ON hospital_invoice_vendors(vendor_id);
CREATE INDEX idx_hiv_hospital_vendor ON hospital_invoice_vendors(hospital_id, vendor_id);
CREATE INDEX idx_ingredient_prices_vendor 
  ON ingredient_prices(hospital_id, vendor_name, year, month);
CREATE INDEX idx_order_multiday_settings ON order_multiday_settings(hospital_id, order_date);
CREATE INDEX idx_employees_hospital_team ON employees(hospital_id, team);
CREATE INDEX idx_employees_position ON employees(position_id);
CREATE INDEX idx_employee_leaves_emp_year ON employee_leaves(employee_id, year);
CREATE INDEX idx_schedule_shifts_hospital ON schedule_shifts(hospital_id);
CREATE INDEX idx_holidays_date ON holidays(holiday_date);
CREATE INDEX idx_substitute_off_hospital ON substitute_off_days(hospital_id);
CREATE INDEX idx_substitute_off_date     ON substitute_off_days(off_date);
CREATE INDEX idx_leave_history_emp_year
  ON employee_leave_history(hospital_id, employee_id, year);
CREATE INDEX idx_dispatch_sched_hospital_date
  ON dispatch_schedules(hospital_id, work_date);
CREATE INDEX idx_monthly_work_summary
  ON monthly_work_summary(hospital_id, year, month);
CREATE UNIQUE INDEX idx_dispatch_unique
  ON dispatch_schedules(hospital_id, work_date, disp_type);
CREATE INDEX idx_ext_workers_hospital
  ON external_workers(hospital_id, is_active);
CREATE INDEX idx_ext_sched_hospital_date
  ON external_schedules(hospital_id, work_date);
CREATE INDEX idx_ext_sched_worker
  ON external_schedules(worker_id, work_date);
CREATE INDEX idx_share_tokens_token ON schedule_share_tokens(token);
CREATE INDEX idx_share_tokens_emp ON schedule_share_tokens(hospital_id, employee_id);
CREATE INDEX idx_team_tokens_token ON team_share_tokens(token);
CREATE INDEX idx_change_log_emp ON schedule_change_log(employee_id, work_date);
CREATE INDEX idx_change_log_hospital ON schedule_change_log(hospital_id, changed_at);
CREATE INDEX idx_wsh_hospital_key
  ON work_settings_history(hospital_id, setting_key);
CREATE INDEX idx_wsh_changed_at
  ON work_settings_history(hospital_id, changed_at);
CREATE INDEX idx_ogh_hospital_date
  ON off_grant_history(hospital_id, target_date);
CREATE INDEX idx_ogh_employee
  ON off_grant_history(hospital_id, employee_id, target_date);
CREATE INDEX idx_ogh_changed_at
  ON off_grant_history(hospital_id, changed_at);
CREATE INDEX idx_ehe_hospital_date
  ON employee_holiday_exceptions(hospital_id, holiday_date);
CREATE INDEX idx_ehe_employee
  ON employee_holiday_exceptions(employee_id, holiday_date);
CREATE INDEX idx_ogh_emp_date
  ON off_grant_history(employee_id, target_date);
CREATE INDEX idx_employees_work_type
  ON employees(hospital_id, work_type);
CREATE INDEX idx_employees_schedule_type
  ON employees(hospital_id, schedule_type);
CREATE INDEX idx_monthly_leave_grants_emp
  ON monthly_leave_grants(employee_id, grant_year, grant_month);
CREATE INDEX idx_monthly_leave_grants_hospital
  ON monthly_leave_grants(hospital_id, grant_year);
CREATE INDEX idx_monthly_leave_audit_emp
  ON monthly_leave_audit(employee_id, created_at);
CREATE INDEX idx_monthly_leave_audit_hospital
  ON monthly_leave_audit(hospital_id, created_at);
CREATE VIEW v_monthly_leave_summary AS
SELECT
  el.hospital_id,
  el.employee_id,
  e.name                   AS emp_name,
  e.hire_date,
  el.year,
  el.total_days            AS monthly_total,
  el.used_days             AS monthly_used,
  (el.total_days - el.used_days) AS monthly_remain,
  el.note,
  el.updated_at
FROM employee_leaves el
JOIN employees e ON e.id = el.employee_id
WHERE el.leave_type = 'monthly';
COMMIT;
